asset_id,month,observations,valid_current,lag_1obs,lag_5obs,lag_10obs,research_eligible,exclusions
000660.KS,2026-10,1,0,0,0,0,0,INVALID_CURRENT:3
005930.KS,2026-10,1,0,0,0,0,0,INVALID_CURRENT:3
0700.HK,2026-10,1,1,0,0,0,0,NO_PRIOR:3
0857.HK,2026-10,1,1,0,0,0,0,NO_PRIOR:3
1211.HK,2026-10,1,1,0,0,0,0,NO_PRIOR:3
1810.HK,2026-10,1,1,0,0,0,0,NO_PRIOR:3
2899.HK,2026-10,1,1,0,0,0,0,NO_PRIOR:3
3750.HK,2026-10,1,1,0,0,0,0,NO_PRIOR:3
6503.T,2026-10,1,0,0,0,0,0,INVALID_CURRENT:3
6506.T,2026-10,1,0,0,0,0,0,INVALID_CURRENT:3
6861.T,2026-10,1,0,0,0,0,0,INVALID_CURRENT:3
8035.T,2026-10,1,0,0,0,0,0,INVALID_CURRENT:3
9880.HK,2026-10,1,1,0,0,0,0,NO_PRIOR:3
9888.HK,2026-10,1,1,0,0,0,0,NO_PRIOR:3
9988.HK,2026-10,1,1,0,0,0,0,NO_PRIOR:3
AAGFF,2026-10,1,1,0,0,0,0,NO_PRIOR:3
AAPL,2026-10,1,1,0,0,0,0,NO_PRIOR:3
ABBN.SW,2026-10,1,1,0,0,0,0,NO_PRIOR:3
ABT,2026-10,1,1,0,0,0,0,NO_PRIOR:3
ABX.TO,2026-10,1,1,0,0,0,0,NO_PRIOR:3
ACB.TO,2026-10,1,1,0,0,0,0,NO_PRIOR:3
ADBE,2026-10,1,1,0,0,0,0,NO_PRIOR:3
ADS.DE,2026-10,1,1,0,0,0,0,NO_PRIOR:3
AEM,2026-10,1,1,0,0,0,0,NO_PRIOR:3
AG.TO,2026-10,1,1,0,0,0,0,NO_PRIOR:3
AGI.TO,2026-10,1,1,0,0,0,0,NO_PRIOR:3
ALB,2026-10,1,1,0,0,0,0,NO_PRIOR:3
ALV.DE,2026-10,1,1,0,0,0,0,NO_PRIOR:3
AMAT,2026-10,1,1,0,0,0,0,NO_PRIOR:3
AMKR,2026-10,1,1,0,0,0,0,NO_PRIOR:3
AMZN,2026-10,1,1,0,0,0,0,NO_PRIOR:3
ANET,2026-10,1,1,0,0,0,0,NO_PRIOR:3
APLD,2026-10,1,1,0,0,0,0,NO_PRIOR:3
APP,2026-10,1,1,0,0,0,0,NO_PRIOR:3
ASM.TO,2026-10,1,1,0,0,0,0,NO_PRIOR:3
ASML,2026-10,1,1,0,0,0,0,NO_PRIOR:3
ASTS,2026-10,1,1,0,0,0,0,NO_PRIOR:3
ASX,2026-10,1,1,0,0,0,0,NO_PRIOR:3
AUTO.OL,2026-10,1,1,0,0,0,0,NO_PRIOR:3
AVAV,2026-10,1,1,0,0,0,0,NO_PRIOR:3
AVGO,2026-10,1,1,0,0,0,0,NO_PRIOR:3
AXON,2026-10,1,1,0,0,0,0,NO_PRIOR:3
BAS.DE,2026-10,1,1,0,0,0,0,NO_PRIOR:3
BAYN.DE,2026-10,1,1,0,0,0,0,NO_PRIOR:3
BIDU,2026-10,1,1,0,0,0,0,NO_PRIOR:3
BLK,2026-10,1,1,0,0,0,0,NO_PRIOR:3
BTO.TO,2026-10,1,1,0,0,0,0,NO_PRIOR:3
CCJ,2026-10,1,1,0,0,0,0,NO_PRIOR:3
CDNL,2026-10,1,1,0,0,0,0,NO_PRIOR:3
CGNX,2026-10,1,1,0,0,0,0,NO_PRIOR:3
CME,2026-10,1,1,0,0,0,0,NO_PRIOR:3
CNC,2026-10,1,1,0,0,0,0,NO_PRIOR:3
COIN,2026-10,1,1,0,0,0,0,NO_PRIOR:3
CPB,2026-10,1,1,0,0,0,0,NO_PRIOR:3
CRUS,2026-10,1,1,0,0,0,0,NO_PRIOR:3
CRWV,2026-10,1,1,0,0,0,0,NO_PRIOR:3
CRYPTO:ADA,2026-10,1,1,0,0,0,0,NO_PRIOR:3
CRYPTO:BTC,2026-10,1,1,0,0,0,0,NO_PRIOR:3
CRYPTO:DOGE,2026-10,1,1,0,0,0,0,NO_PRIOR:3
CRYPTO:ETH,2026-10,1,1,0,0,0,0,NO_PRIOR:3
CRYPTO:SOL,2026-10,1,1,0,0,0,0,NO_PRIOR:3
CRYPTO:XRP,2026-10,1,1,0,0,0,0,NO_PRIOR:3
CSTM,2026-10,1,1,0,0,0,0,NO_PRIOR:3
CVX,2026-10,1,1,0,0,0,0,NO_PRIOR:3
DB1.DE,2026-10,1,1,0,0,0,0,NO_PRIOR:3
DIS,2026-10,1,1,0,0,0,0,NO_PRIOR:3
DRO.AX,2026-10,1,1,0,0,0,0,NO_PRIOR:3
DSV.TO,2026-10,1,1,0,0,0,0,NO_PRIOR:3
DVLT,2026-10,1,1,0,0,0,0,NO_PRIOR:3
EDR.TO,2026-10,1,1,0,0,0,0,NO_PRIOR:3
ENR.DE,2026-10,1,1,0,0,0,0,NO_PRIOR:3
ENSG,2026-10,1,1,0,0,0,0,NO_PRIOR:3
EQX.TO,2026-10,1,1,0,0,0,0,NO_PRIOR:3
ETN,2026-10,1,1,0,0,0,0,NO_PRIOR:3
FANUY,2026-10,1,1,0,0,0,0,NO_PRIOR:3
FCX,2026-10,1,1,0,0,0,0,NO_PRIOR:3
FIGR,2026-10,1,1,0,0,0,0,NO_PRIOR:3
FISV,2026-10,1,1,0,0,0,0,NO_PRIOR:3
FLNC,2026-10,1,1,0,0,0,0,NO_PRIOR:3
FME.DE,2026-10,1,1,0,0,0,0,NO_PRIOR:3
FRES.L,2026-10,1,1,0,0,0,0,NO_PRIOR:3
FSLR,2026-10,1,1,0,0,0,0,NO_PRIOR:3
GE,2026-10,1,1,0,0,0,0,NO_PRIOR:3
GMED,2026-10,1,1,0,0,0,0,NO_PRIOR:3
GOOGL,2026-10,1,1,0,0,0,0,NO_PRIOR:3
GOT.V,2026-10,1,1,0,0,0,0,NO_PRIOR:3
GRAB,2026-10,1,1,0,0,0,0,NO_PRIOR:3
HIMS,2026-10,1,1,0,0,0,0,NO_PRIOR:3
HL,2026-10,1,1,0,0,0,0,NO_PRIOR:3
HMY,2026-10,1,1,0,0,0,0,NO_PRIOR:3
ICE,2026-10,1,1,0,0,0,0,NO_PRIOR:3
IFX.DE,2026-10,1,1,0,0,0,0,NO_PRIOR:3
ILMN,2026-10,1,1,0,0,0,0,NO_PRIOR:3
INCY,2026-10,1,1,0,0,0,0,NO_PRIOR:3
INGR,2026-10,1,1,0,0,0,0,NO_PRIOR:3
INOD,2026-10,1,1,0,0,0,0,NO_PRIOR:3
IREN,2026-10,1,1,0,0,0,0,NO_PRIOR:3
ISRG,2026-10,1,1,0,0,0,0,NO_PRIOR:3
JD,2026-10,1,1,0,0,0,0,NO_PRIOR:3
JNJ,2026-10,1,1,0,0,0,0,NO_PRIOR:3
KEP,2026-10,1,1,0,0,0,0,NO_PRIOR:3
KLAC,2026-10,1,1,0,0,0,0,NO_PRIOR:3
KLAR,2026-10,1,1,0,0,0,0,NO_PRIOR:3
KO,2026-10,1,1,0,0,0,0,NO_PRIOR:3
LC0A.MU,2026-10,1,1,0,0,0,0,NO_PRIOR:3
LGO,2026-10,1,1,0,0,0,0,NO_PRIOR:3
LIN,2026-10,1,1,0,0,0,0,NO_PRIOR:3
LRCX,2026-10,1,1,0,0,0,0,NO_PRIOR:3
LUMN,2026-10,1,1,0,0,0,0,NO_PRIOR:3
MA,2026-10,1,1,0,0,0,0,NO_PRIOR:3
MBLY,2026-10,1,1,0,0,0,0,NO_PRIOR:3
MC.PA,2026-10,1,1,0,0,0,0,NO_PRIOR:3
MCD,2026-10,1,1,0,0,0,0,NO_PRIOR:3
MELI,2026-10,1,1,0,0,0,0,NO_PRIOR:3
META,2026-10,1,1,0,0,0,0,NO_PRIOR:3
MGMA.V,2026-10,1,1,0,0,0,0,NO_PRIOR:3
MNSO,2026-10,1,1,0,0,0,0,NO_PRIOR:3
MP,2026-10,1,1,0,0,0,0,NO_PRIOR:3
MRNA,2026-10,1,1,0,0,0,0,NO_PRIOR:3
MSFT,2026-10,1,1,0,0,0,0,NO_PRIOR:3
MU,2026-10,1,1,0,0,0,0,NO_PRIOR:3
NBIS,2026-10,1,1,0,0,0,0,NO_PRIOR:3
NDA.DE,2026-10,1,1,0,0,0,0,NO_PRIOR:3
NEE,2026-10,1,1,0,0,0,0,NO_PRIOR:3
NEM.AX,2026-10,1,1,0,0,0,0,NO_PRIOR:3
NESN.SW,2026-10,1,1,0,0,0,0,NO_PRIOR:3
NFLX,2026-10,1,1,0,0,0,0,NO_PRIOR:3
NIO,2026-10,1,1,0,0,0,0,NO_PRIOR:3
NKE,2026-10,1,1,0,0,0,0,NO_PRIOR:3
NOVO-B.CO,2026-10,1,1,0,0,0,0,NO_PRIOR:3
NOW,2026-10,1,1,0,0,0,0,NO_PRIOR:3
NPN.JO,2026-10,1,1,0,0,0,0,NO_PRIOR:3
NRDS,2026-10,1,1,0,0,0,0,NO_PRIOR:3
NVDA,2026-10,1,1,0,0,0,0,NO_PRIOR:3
NXP,2026-10,1,1,0,0,0,0,NO_PRIOR:3
OCGN,2026-10,1,1,0,0,0,0,NO_PRIOR:3
OGN,2026-10,1,1,0,0,0,0,NO_PRIOR:3
ON,2026-10,1,1,0,0,0,0,NO_PRIOR:3
ORCL,2026-10,1,1,0,0,0,0,NO_PRIOR:3
OXY,2026-10,1,1,0,0,0,0,NO_PRIOR:3
PAAS.TO,2026-10,1,1,0,0,0,0,NO_PRIOR:3
PATH,2026-10,1,1,0,0,0,0,NO_PRIOR:3
PEP,2026-10,1,1,0,0,0,0,NO_PRIOR:3
PFE,2026-10,1,1,0,0,0,0,NO_PRIOR:3
PG,2026-10,1,1,0,0,0,0,NO_PRIOR:3
PGY,2026-10,1,1,0,0,0,0,NO_PRIOR:3
PKX,2026-10,1,1,0,0,0,0,NO_PRIOR:3
PL,2026-10,1,1,0,0,0,0,NO_PRIOR:3
PLTR,2026-10,1,1,0,0,0,0,NO_PRIOR:3
PM,2026-10,1,1,0,0,0,0,NO_PRIOR:3
PPTA,2026-10,1,1,0,0,0,0,NO_PRIOR:3
PYPL,2026-10,1,1,0,0,0,0,NO_PRIOR:3
QBTS,2026-10,1,1,0,0,0,0,NO_PRIOR:3
QS,2026-10,1,1,0,0,0,0,NO_PRIOR:3
RACE,2026-10,1,1,0,0,0,0,NO_PRIOR:3
RCAT,2026-10,1,1,0,0,0,0,NO_PRIOR:3
RGTI,2026-10,1,1,0,0,0,0,NO_PRIOR:3
RHM.DE,2026-10,1,1,0,0,0,0,NO_PRIOR:3
RI.PA,2026-10,1,1,0,0,0,0,NO_PRIOR:3
RIGD.IL,2026-10,1,1,0,0,0,0,NO_PRIOR:3
RKLB,2026-10,1,1,0,0,0,0,NO_PRIOR:3
ROK,2026-10,1,1,0,0,0,0,NO_PRIOR:3
ROL,2026-10,1,1,0,0,0,0,NO_PRIOR:3
RR.L,2026-10,1,1,0,0,0,0,NO_PRIOR:3
SAP.DE,2026-10,1,1,0,0,0,0,NO_PRIOR:3
SE,2026-10,1,1,0,0,0,0,NO_PRIOR:3
SGL.DE,2026-10,1,1,0,0,0,0,NO_PRIOR:3
SGM.AX,2026-10,1,1,0,0,0,0,NO_PRIOR:3
SHOP,2026-10,1,1,0,0,0,0,NO_PRIOR:3
SLVR.TO,2026-10,1,1,0,0,0,0,NO_PRIOR:3
SMX,2026-10,1,1,0,0,0,0,NO_PRIOR:3
SN.L,2026-10,1,1,0,0,0,0,NO_PRIOR:3
SNN,2026-10,1,1,0,0,0,0,NO_PRIOR:3
SNOW,2026-10,1,1,0,0,0,0,NO_PRIOR:3
SOLB.BR,2026-10,1,1,0,0,0,0,NO_PRIOR:3
SPCX,2026-10,1,1,0,0,0,0,NO_PRIOR:3
SPOT,2026-10,1,1,0,0,0,0,NO_PRIOR:3
STLA,2026-10,1,1,0,0,0,0,NO_PRIOR:3
SU.PA,2026-10,1,1,0,0,0,0,NO_PRIOR:3
SYK,2026-10,1,1,0,0,0,0,NO_PRIOR:3
SYM,2026-10,1,1,0,0,0,0,NO_PRIOR:3
TE,2026-10,1,1,0,0,0,0,NO_PRIOR:3
TEAM,2026-10,1,1,0,0,0,0,NO_PRIOR:3
TEM,2026-10,1,1,0,0,0,0,NO_PRIOR:3
TER,2026-10,1,1,0,0,0,0,NO_PRIOR:3
TME,2026-10,1,1,0,0,0,0,NO_PRIOR:3
TOM.OL,2026-10,1,1,0,0,0,0,NO_PRIOR:3
TSLA,2026-10,1,1,0,0,0,0,NO_PRIOR:3
TSMN.MX,2026-10,1,1,0,0,0,0,NO_PRIOR:3
TTAN,2026-10,1,1,0,0,0,0,NO_PRIOR:3
TTD,2026-10,1,1,0,0,0,0,NO_PRIOR:3
TTK.DE,2026-10,1,1,0,0,0,0,NO_PRIOR:3
UAA,2026-10,1,1,0,0,0,0,NO_PRIOR:3
UBER,2026-10,1,1,0,0,0,0,NO_PRIOR:3
UEC,2026-10,1,1,0,0,0,0,NO_PRIOR:3
UMI.BR,2026-10,1,1,0,0,0,0,NO_PRIOR:3
UNH,2026-10,1,1,0,0,0,0,NO_PRIOR:3
USAR,2026-10,1,1,0,0,0,0,NO_PRIOR:3
UUUU,2026-10,1,1,0,0,0,0,NO_PRIOR:3
V,2026-10,1,1,0,0,0,0,NO_PRIOR:3
VALE,2026-10,1,1,0,0,0,0,NO_PRIOR:3
VALE3.SA,2026-10,1,1,0,0,0,0,NO_PRIOR:3
VOW3.DE,2026-10,1,1,0,0,0,0,NO_PRIOR:3
VZLA.TO,2026-10,1,1,0,0,0,0,NO_PRIOR:3
WDAY,2026-10,1,1,0,0,0,0,NO_PRIOR:3
WM,2026-10,1,1,0,0,0,0,NO_PRIOR:3
WPM.TO,2026-10,1,1,0,0,0,0,NO_PRIOR:3
WYFI,2026-10,1,1,0,0,0,0,NO_PRIOR:3
XOM,2026-10,1,1,0,0,0,0,NO_PRIOR:3
XPEV,2026-10,1,1,0,0,0,0,NO_PRIOR:3
XSDG.F,2026-10,1,1,0,0,0,0,NO_PRIOR:3
XYZ,2026-10,1,1,0,0,0,0,NO_PRIOR:3
YASKY,2026-10,1,1,0,0,0,0,NO_PRIOR:3
YCA.L,2026-10,1,1,0,0,0,0,NO_PRIOR:3
ZETA,2026-10,1,1,0,0,0,0,NO_PRIOR:3
