snapshot_id,as_of,asset_id,run_id,availability,lag_1obs,lag_5obs,lag_10obs,research_status
f409c312-0349-4b29-8dab-3ecdbd9463b3,2026-10-10,000660.KS,github-38040088358-1,EXCLUDED_INSUFFICIENT_HISTORY,INVALID_CURRENT,INVALID_CURRENT,INVALID_CURRENT,BLOCKED_EXTERNAL_VERIFICATION_269
f409c312-0349-4b29-8dab-3ecdbd9463b3,2026-10-10,005930.KS,github-38040088358-1,EXCLUDED_INSUFFICIENT_HISTORY,INVALID_CURRENT,INVALID_CURRENT,INVALID_CURRENT,BLOCKED_EXTERNAL_VERIFICATION_269
f409c312-0349-4b29-8dab-3ecdbd9463b3,2026-10-10,0700.HK,github-38040088358-1,PROVISIONAL_REPLAYED,NO_PRIOR,NO_PRIOR,NO_PRIOR,BLOCKED_EXTERNAL_VERIFICATION_269
f409c312-0349-4b29-8dab-3ecdbd9463b3,2026-10-10,0857.HK,github-38040088358-1,PROVISIONAL_REPLAYED,NO_PRIOR,NO_PRIOR,NO_PRIOR,BLOCKED_EXTERNAL_VERIFICATION_269
f409c312-0349-4b29-8dab-3ecdbd9463b3,2026-10-10,1211.HK,github-38040088358-1,PROVISIONAL_REPLAYED,NO_PRIOR,NO_PRIOR,NO_PRIOR,BLOCKED_EXTERNAL_VERIFICATION_269
f409c312-0349-4b29-8dab-3ecdbd9463b3,2026-10-10,1810.HK,github-38040088358-1,PROVISIONAL_REPLAYED,NO_PRIOR,NO_PRIOR,NO_PRIOR,BLOCKED_EXTERNAL_VERIFICATION_269
f409c312-0349-4b29-8dab-3ecdbd9463b3,2026-10-10,2899.HK,github-38040088358-1,PROVISIONAL_REPLAYED,NO_PRIOR,NO_PRIOR,NO_PRIOR,BLOCKED_EXTERNAL_VERIFICATION_269
f409c312-0349-4b29-8dab-3ecdbd9463b3,2026-10-10,3750.HK,github-38040088358-1,PROVISIONAL_REPLAYED,NO_PRIOR,NO_PRIOR,NO_PRIOR,BLOCKED_EXTERNAL_VERIFICATION_269
f409c312-0349-4b29-8dab-3ecdbd9463b3,2026-10-10,6503.T,github-38040088358-1,EXCLUDED_INSUFFICIENT_HISTORY,INVALID_CURRENT,INVALID_CURRENT,INVALID_CURRENT,BLOCKED_EXTERNAL_VERIFICATION_269
f409c312-0349-4b29-8dab-3ecdbd9463b3,2026-10-10,6506.T,github-38040088358-1,EXCLUDED_INSUFFICIENT_HISTORY,INVALID_CURRENT,INVALID_CURRENT,INVALID_CURRENT,BLOCKED_EXTERNAL_VERIFICATION_269
f409c312-0349-4b29-8dab-3ecdbd9463b3,2026-10-10,6861.T,github-38040088358-1,EXCLUDED_INSUFFICIENT_HISTORY,INVALID_CURRENT,INVALID_CURRENT,INVALID_CURRENT,BLOCKED_EXTERNAL_VERIFICATION_269
f409c312-0349-4b29-8dab-3ecdbd9463b3,2026-10-10,8035.T,github-38040088358-1,EXCLUDED_INSUFFICIENT_HISTORY,INVALID_CURRENT,INVALID_CURRENT,INVALID_CURRENT,BLOCKED_EXTERNAL_VERIFICATION_269
f409c312-0349-4b29-8dab-3ecdbd9463b3,2026-10-10,9880.HK,github-38040088358-1,PROVISIONAL_REPLAYED,NO_PRIOR,NO_PRIOR,NO_PRIOR,BLOCKED_EXTERNAL_VERIFICATION_269
f409c312-0349-4b29-8dab-3ecdbd9463b3,2026-10-10,9888.HK,github-38040088358-1,PROVISIONAL_REPLAYED,NO_PRIOR,NO_PRIOR,NO_PRIOR,BLOCKED_EXTERNAL_VERIFICATION_269
f409c312-0349-4b29-8dab-3ecdbd9463b3,2026-10-10,9988.HK,github-38040088358-1,PROVISIONAL_REPLAYED,NO_PRIOR,NO_PRIOR,NO_PRIOR,BLOCKED_EXTERNAL_VERIFICATION_269
f409c312-0349-4b29-8dab-3ecdbd9463b3,2026-10-10,AAGFF,github-38040088358-1,PROVISIONAL_REPLAYED,NO_PRIOR,NO_PRIOR,NO_PRIOR,BLOCKED_EXTERNAL_VERIFICATION_269
f409c312-0349-4b29-8dab-3ecdbd9463b3,2026-10-10,AAPL,github-38040088358-1,PROVISIONAL_REPLAYED,NO_PRIOR,NO_PRIOR,NO_PRIOR,BLOCKED_EXTERNAL_VERIFICATION_269
f409c312-0349-4b29-8dab-3ecdbd9463b3,2026-10-10,ABBN.SW,github-38040088358-1,PROVISIONAL_REPLAYED,NO_PRIOR,NO_PRIOR,NO_PRIOR,BLOCKED_EXTERNAL_VERIFICATION_269
f409c312-0349-4b29-8dab-3ecdbd9463b3,2026-10-10,ABT,github-38040088358-1,PROVISIONAL_REPLAYED,NO_PRIOR,NO_PRIOR,NO_PRIOR,BLOCKED_EXTERNAL_VERIFICATION_269
f409c312-0349-4b29-8dab-3ecdbd9463b3,2026-10-10,ABX.TO,github-38040088358-1,PROVISIONAL_REPLAYED,NO_PRIOR,NO_PRIOR,NO_PRIOR,BLOCKED_EXTERNAL_VERIFICATION_269
f409c312-0349-4b29-8dab-3ecdbd9463b3,2026-10-10,ACB.TO,github-38040088358-1,PROVISIONAL_REPLAYED,NO_PRIOR,NO_PRIOR,NO_PRIOR,BLOCKED_EXTERNAL_VERIFICATION_269
f409c312-0349-4b29-8dab-3ecdbd9463b3,2026-10-10,ADBE,github-38040088358-1,PROVISIONAL_REPLAYED,NO_PRIOR,NO_PRIOR,NO_PRIOR,BLOCKED_EXTERNAL_VERIFICATION_269
f409c312-0349-4b29-8dab-3ecdbd9463b3,2026-10-10,ADS.DE,github-38040088358-1,PROVISIONAL_REPLAYED,NO_PRIOR,NO_PRIOR,NO_PRIOR,BLOCKED_EXTERNAL_VERIFICATION_269
f409c312-0349-4b29-8dab-3ecdbd9463b3,2026-10-10,AEM,github-38040088358-1,PROVISIONAL_REPLAYED,NO_PRIOR,NO_PRIOR,NO_PRIOR,BLOCKED_EXTERNAL_VERIFICATION_269
f409c312-0349-4b29-8dab-3ecdbd9463b3,2026-10-10,AG.TO,github-38040088358-1,PROVISIONAL_REPLAYED,NO_PRIOR,NO_PRIOR,NO_PRIOR,BLOCKED_EXTERNAL_VERIFICATION_269
f409c312-0349-4b29-8dab-3ecdbd9463b3,2026-10-10,AGI.TO,github-38040088358-1,PROVISIONAL_REPLAYED,NO_PRIOR,NO_PRIOR,NO_PRIOR,BLOCKED_EXTERNAL_VERIFICATION_269
f409c312-0349-4b29-8dab-3ecdbd9463b3,2026-10-10,ALB,github-38040088358-1,PROVISIONAL_REPLAYED,NO_PRIOR,NO_PRIOR,NO_PRIOR,BLOCKED_EXTERNAL_VERIFICATION_269
f409c312-0349-4b29-8dab-3ecdbd9463b3,2026-10-10,ALV.DE,github-38040088358-1,PROVISIONAL_REPLAYED,NO_PRIOR,NO_PRIOR,NO_PRIOR,BLOCKED_EXTERNAL_VERIFICATION_269
f409c312-0349-4b29-8dab-3ecdbd9463b3,2026-10-10,AMAT,github-38040088358-1,PROVISIONAL_REPLAYED,NO_PRIOR,NO_PRIOR,NO_PRIOR,BLOCKED_EXTERNAL_VERIFICATION_269
f409c312-0349-4b29-8dab-3ecdbd9463b3,2026-10-10,AMKR,github-38040088358-1,PROVISIONAL_REPLAYED,NO_PRIOR,NO_PRIOR,NO_PRIOR,BLOCKED_EXTERNAL_VERIFICATION_269
f409c312-0349-4b29-8dab-3ecdbd9463b3,2026-10-10,AMZN,github-38040088358-1,PROVISIONAL_REPLAYED,NO_PRIOR,NO_PRIOR,NO_PRIOR,BLOCKED_EXTERNAL_VERIFICATION_269
f409c312-0349-4b29-8dab-3ecdbd9463b3,2026-10-10,ANET,github-38040088358-1,PROVISIONAL_REPLAYED,NO_PRIOR,NO_PRIOR,NO_PRIOR,BLOCKED_EXTERNAL_VERIFICATION_269
f409c312-0349-4b29-8dab-3ecdbd9463b3,2026-10-10,APLD,github-38040088358-1,PROVISIONAL_REPLAYED,NO_PRIOR,NO_PRIOR,NO_PRIOR,BLOCKED_EXTERNAL_VERIFICATION_269
f409c312-0349-4b29-8dab-3ecdbd9463b3,2026-10-10,APP,github-38040088358-1,PROVISIONAL_REPLAYED,NO_PRIOR,NO_PRIOR,NO_PRIOR,BLOCKED_EXTERNAL_VERIFICATION_269
f409c312-0349-4b29-8dab-3ecdbd9463b3,2026-10-10,ASM.TO,github-38040088358-1,PROVISIONAL_REPLAYED,NO_PRIOR,NO_PRIOR,NO_PRIOR,BLOCKED_EXTERNAL_VERIFICATION_269
f409c312-0349-4b29-8dab-3ecdbd9463b3,2026-10-10,ASML,github-38040088358-1,PROVISIONAL_REPLAYED,NO_PRIOR,NO_PRIOR,NO_PRIOR,BLOCKED_EXTERNAL_VERIFICATION_269
f409c312-0349-4b29-8dab-3ecdbd9463b3,2026-10-10,ASTS,github-38040088358-1,PROVISIONAL_REPLAYED,NO_PRIOR,NO_PRIOR,NO_PRIOR,BLOCKED_EXTERNAL_VERIFICATION_269
f409c312-0349-4b29-8dab-3ecdbd9463b3,2026-10-10,ASX,github-38040088358-1,PROVISIONAL_REPLAYED,NO_PRIOR,NO_PRIOR,NO_PRIOR,BLOCKED_EXTERNAL_VERIFICATION_269
f409c312-0349-4b29-8dab-3ecdbd9463b3,2026-10-10,AUTO.OL,github-38040088358-1,PROVISIONAL_REPLAYED,NO_PRIOR,NO_PRIOR,NO_PRIOR,BLOCKED_EXTERNAL_VERIFICATION_269
f409c312-0349-4b29-8dab-3ecdbd9463b3,2026-10-10,AVAV,github-38040088358-1,PROVISIONAL_REPLAYED,NO_PRIOR,NO_PRIOR,NO_PRIOR,BLOCKED_EXTERNAL_VERIFICATION_269
f409c312-0349-4b29-8dab-3ecdbd9463b3,2026-10-10,AVGO,github-38040088358-1,PROVISIONAL_REPLAYED,NO_PRIOR,NO_PRIOR,NO_PRIOR,BLOCKED_EXTERNAL_VERIFICATION_269
f409c312-0349-4b29-8dab-3ecdbd9463b3,2026-10-10,AXON,github-38040088358-1,PROVISIONAL_REPLAYED,NO_PRIOR,NO_PRIOR,NO_PRIOR,BLOCKED_EXTERNAL_VERIFICATION_269
f409c312-0349-4b29-8dab-3ecdbd9463b3,2026-10-10,BAS.DE,github-38040088358-1,PROVISIONAL_REPLAYED,NO_PRIOR,NO_PRIOR,NO_PRIOR,BLOCKED_EXTERNAL_VERIFICATION_269
f409c312-0349-4b29-8dab-3ecdbd9463b3,2026-10-10,BAYN.DE,github-38040088358-1,PROVISIONAL_REPLAYED,NO_PRIOR,NO_PRIOR,NO_PRIOR,BLOCKED_EXTERNAL_VERIFICATION_269
f409c312-0349-4b29-8dab-3ecdbd9463b3,2026-10-10,BIDU,github-38040088358-1,PROVISIONAL_REPLAYED,NO_PRIOR,NO_PRIOR,NO_PRIOR,BLOCKED_EXTERNAL_VERIFICATION_269
f409c312-0349-4b29-8dab-3ecdbd9463b3,2026-10-10,BLK,github-38040088358-1,PROVISIONAL_REPLAYED,NO_PRIOR,NO_PRIOR,NO_PRIOR,BLOCKED_EXTERNAL_VERIFICATION_269
f409c312-0349-4b29-8dab-3ecdbd9463b3,2026-10-10,BTO.TO,github-38040088358-1,PROVISIONAL_REPLAYED,NO_PRIOR,NO_PRIOR,NO_PRIOR,BLOCKED_EXTERNAL_VERIFICATION_269
f409c312-0349-4b29-8dab-3ecdbd9463b3,2026-10-10,CCJ,github-38040088358-1,PROVISIONAL_REPLAYED,NO_PRIOR,NO_PRIOR,NO_PRIOR,BLOCKED_EXTERNAL_VERIFICATION_269
f409c312-0349-4b29-8dab-3ecdbd9463b3,2026-10-10,CDNL,github-38040088358-1,PROVISIONAL_REPLAYED,NO_PRIOR,NO_PRIOR,NO_PRIOR,BLOCKED_EXTERNAL_VERIFICATION_269
f409c312-0349-4b29-8dab-3ecdbd9463b3,2026-10-10,CGNX,github-38040088358-1,PROVISIONAL_REPLAYED,NO_PRIOR,NO_PRIOR,NO_PRIOR,BLOCKED_EXTERNAL_VERIFICATION_269
f409c312-0349-4b29-8dab-3ecdbd9463b3,2026-10-10,CME,github-38040088358-1,PROVISIONAL_REPLAYED,NO_PRIOR,NO_PRIOR,NO_PRIOR,BLOCKED_EXTERNAL_VERIFICATION_269
f409c312-0349-4b29-8dab-3ecdbd9463b3,2026-10-10,CNC,github-38040088358-1,PROVISIONAL_REPLAYED,NO_PRIOR,NO_PRIOR,NO_PRIOR,BLOCKED_EXTERNAL_VERIFICATION_269
f409c312-0349-4b29-8dab-3ecdbd9463b3,2026-10-10,COIN,github-38040088358-1,PROVISIONAL_REPLAYED,NO_PRIOR,NO_PRIOR,NO_PRIOR,BLOCKED_EXTERNAL_VERIFICATION_269
f409c312-0349-4b29-8dab-3ecdbd9463b3,2026-10-10,CPB,github-38040088358-1,PROVISIONAL_REPLAYED,NO_PRIOR,NO_PRIOR,NO_PRIOR,BLOCKED_EXTERNAL_VERIFICATION_269
f409c312-0349-4b29-8dab-3ecdbd9463b3,2026-10-10,CRUS,github-38040088358-1,PROVISIONAL_REPLAYED,NO_PRIOR,NO_PRIOR,NO_PRIOR,BLOCKED_EXTERNAL_VERIFICATION_269
f409c312-0349-4b29-8dab-3ecdbd9463b3,2026-10-10,CRWV,github-38040088358-1,PROVISIONAL_REPLAYED,NO_PRIOR,NO_PRIOR,NO_PRIOR,BLOCKED_EXTERNAL_VERIFICATION_269
f409c312-0349-4b29-8dab-3ecdbd9463b3,2026-10-10,CRYPTO:ADA,github-38040088358-1,PROVISIONAL_REPLAYED,NO_PRIOR,NO_PRIOR,NO_PRIOR,BLOCKED_EXTERNAL_VERIFICATION_269
f409c312-0349-4b29-8dab-3ecdbd9463b3,2026-10-10,CRYPTO:BTC,github-38040088358-1,PROVISIONAL_REPLAYED,NO_PRIOR,NO_PRIOR,NO_PRIOR,BLOCKED_EXTERNAL_VERIFICATION_269
f409c312-0349-4b29-8dab-3ecdbd9463b3,2026-10-10,CRYPTO:DOGE,github-38040088358-1,PROVISIONAL_REPLAYED,NO_PRIOR,NO_PRIOR,NO_PRIOR,BLOCKED_EXTERNAL_VERIFICATION_269
f409c312-0349-4b29-8dab-3ecdbd9463b3,2026-10-10,CRYPTO:ETH,github-38040088358-1,PROVISIONAL_REPLAYED,NO_PRIOR,NO_PRIOR,NO_PRIOR,BLOCKED_EXTERNAL_VERIFICATION_269
f409c312-0349-4b29-8dab-3ecdbd9463b3,2026-10-10,CRYPTO:SOL,github-38040088358-1,PROVISIONAL_REPLAYED,NO_PRIOR,NO_PRIOR,NO_PRIOR,BLOCKED_EXTERNAL_VERIFICATION_269
f409c312-0349-4b29-8dab-3ecdbd9463b3,2026-10-10,CRYPTO:XRP,github-38040088358-1,PROVISIONAL_REPLAYED,NO_PRIOR,NO_PRIOR,NO_PRIOR,BLOCKED_EXTERNAL_VERIFICATION_269
f409c312-0349-4b29-8dab-3ecdbd9463b3,2026-10-10,CSTM,github-38040088358-1,PROVISIONAL_REPLAYED,NO_PRIOR,NO_PRIOR,NO_PRIOR,BLOCKED_EXTERNAL_VERIFICATION_269
f409c312-0349-4b29-8dab-3ecdbd9463b3,2026-10-10,CVX,github-38040088358-1,PROVISIONAL_REPLAYED,NO_PRIOR,NO_PRIOR,NO_PRIOR,BLOCKED_EXTERNAL_VERIFICATION_269
f409c312-0349-4b29-8dab-3ecdbd9463b3,2026-10-10,DB1.DE,github-38040088358-1,PROVISIONAL_REPLAYED,NO_PRIOR,NO_PRIOR,NO_PRIOR,BLOCKED_EXTERNAL_VERIFICATION_269
f409c312-0349-4b29-8dab-3ecdbd9463b3,2026-10-10,DIS,github-38040088358-1,PROVISIONAL_REPLAYED,NO_PRIOR,NO_PRIOR,NO_PRIOR,BLOCKED_EXTERNAL_VERIFICATION_269
f409c312-0349-4b29-8dab-3ecdbd9463b3,2026-10-10,DRO.AX,github-38040088358-1,PROVISIONAL_REPLAYED,NO_PRIOR,NO_PRIOR,NO_PRIOR,BLOCKED_EXTERNAL_VERIFICATION_269
f409c312-0349-4b29-8dab-3ecdbd9463b3,2026-10-10,DSV.TO,github-38040088358-1,PROVISIONAL_REPLAYED,NO_PRIOR,NO_PRIOR,NO_PRIOR,BLOCKED_EXTERNAL_VERIFICATION_269
f409c312-0349-4b29-8dab-3ecdbd9463b3,2026-10-10,DVLT,github-38040088358-1,PROVISIONAL_REPLAYED,NO_PRIOR,NO_PRIOR,NO_PRIOR,BLOCKED_EXTERNAL_VERIFICATION_269
f409c312-0349-4b29-8dab-3ecdbd9463b3,2026-10-10,EDR.TO,github-38040088358-1,PROVISIONAL_REPLAYED,NO_PRIOR,NO_PRIOR,NO_PRIOR,BLOCKED_EXTERNAL_VERIFICATION_269
f409c312-0349-4b29-8dab-3ecdbd9463b3,2026-10-10,ENR.DE,github-38040088358-1,PROVISIONAL_REPLAYED,NO_PRIOR,NO_PRIOR,NO_PRIOR,BLOCKED_EXTERNAL_VERIFICATION_269
f409c312-0349-4b29-8dab-3ecdbd9463b3,2026-10-10,ENSG,github-38040088358-1,PROVISIONAL_REPLAYED,NO_PRIOR,NO_PRIOR,NO_PRIOR,BLOCKED_EXTERNAL_VERIFICATION_269
f409c312-0349-4b29-8dab-3ecdbd9463b3,2026-10-10,EQX.TO,github-38040088358-1,PROVISIONAL_REPLAYED,NO_PRIOR,NO_PRIOR,NO_PRIOR,BLOCKED_EXTERNAL_VERIFICATION_269
f409c312-0349-4b29-8dab-3ecdbd9463b3,2026-10-10,ETN,github-38040088358-1,PROVISIONAL_REPLAYED,NO_PRIOR,NO_PRIOR,NO_PRIOR,BLOCKED_EXTERNAL_VERIFICATION_269
f409c312-0349-4b29-8dab-3ecdbd9463b3,2026-10-10,FANUY,github-38040088358-1,PROVISIONAL_REPLAYED,NO_PRIOR,NO_PRIOR,NO_PRIOR,BLOCKED_EXTERNAL_VERIFICATION_269
f409c312-0349-4b29-8dab-3ecdbd9463b3,2026-10-10,FCX,github-38040088358-1,PROVISIONAL_REPLAYED,NO_PRIOR,NO_PRIOR,NO_PRIOR,BLOCKED_EXTERNAL_VERIFICATION_269
f409c312-0349-4b29-8dab-3ecdbd9463b3,2026-10-10,FIGR,github-38040088358-1,PROVISIONAL_REPLAYED,NO_PRIOR,NO_PRIOR,NO_PRIOR,BLOCKED_EXTERNAL_VERIFICATION_269
f409c312-0349-4b29-8dab-3ecdbd9463b3,2026-10-10,FISV,github-38040088358-1,PROVISIONAL_REPLAYED,NO_PRIOR,NO_PRIOR,NO_PRIOR,BLOCKED_EXTERNAL_VERIFICATION_269
f409c312-0349-4b29-8dab-3ecdbd9463b3,2026-10-10,FLNC,github-38040088358-1,PROVISIONAL_REPLAYED,NO_PRIOR,NO_PRIOR,NO_PRIOR,BLOCKED_EXTERNAL_VERIFICATION_269
f409c312-0349-4b29-8dab-3ecdbd9463b3,2026-10-10,FME.DE,github-38040088358-1,PROVISIONAL_REPLAYED,NO_PRIOR,NO_PRIOR,NO_PRIOR,BLOCKED_EXTERNAL_VERIFICATION_269
f409c312-0349-4b29-8dab-3ecdbd9463b3,2026-10-10,FRES.L,github-38040088358-1,PROVISIONAL_REPLAYED,NO_PRIOR,NO_PRIOR,NO_PRIOR,BLOCKED_EXTERNAL_VERIFICATION_269
f409c312-0349-4b29-8dab-3ecdbd9463b3,2026-10-10,FSLR,github-38040088358-1,PROVISIONAL_REPLAYED,NO_PRIOR,NO_PRIOR,NO_PRIOR,BLOCKED_EXTERNAL_VERIFICATION_269
f409c312-0349-4b29-8dab-3ecdbd9463b3,2026-10-10,GE,github-38040088358-1,PROVISIONAL_REPLAYED,NO_PRIOR,NO_PRIOR,NO_PRIOR,BLOCKED_EXTERNAL_VERIFICATION_269
f409c312-0349-4b29-8dab-3ecdbd9463b3,2026-10-10,GMED,github-38040088358-1,PROVISIONAL_REPLAYED,NO_PRIOR,NO_PRIOR,NO_PRIOR,BLOCKED_EXTERNAL_VERIFICATION_269
f409c312-0349-4b29-8dab-3ecdbd9463b3,2026-10-10,GOOGL,github-38040088358-1,PROVISIONAL_REPLAYED,NO_PRIOR,NO_PRIOR,NO_PRIOR,BLOCKED_EXTERNAL_VERIFICATION_269
f409c312-0349-4b29-8dab-3ecdbd9463b3,2026-10-10,GOT.V,github-38040088358-1,PROVISIONAL_REPLAYED,NO_PRIOR,NO_PRIOR,NO_PRIOR,BLOCKED_EXTERNAL_VERIFICATION_269
f409c312-0349-4b29-8dab-3ecdbd9463b3,2026-10-10,GRAB,github-38040088358-1,PROVISIONAL_REPLAYED,NO_PRIOR,NO_PRIOR,NO_PRIOR,BLOCKED_EXTERNAL_VERIFICATION_269
f409c312-0349-4b29-8dab-3ecdbd9463b3,2026-10-10,HIMS,github-38040088358-1,PROVISIONAL_REPLAYED,NO_PRIOR,NO_PRIOR,NO_PRIOR,BLOCKED_EXTERNAL_VERIFICATION_269
f409c312-0349-4b29-8dab-3ecdbd9463b3,2026-10-10,HL,github-38040088358-1,PROVISIONAL_REPLAYED,NO_PRIOR,NO_PRIOR,NO_PRIOR,BLOCKED_EXTERNAL_VERIFICATION_269
f409c312-0349-4b29-8dab-3ecdbd9463b3,2026-10-10,HMY,github-38040088358-1,PROVISIONAL_REPLAYED,NO_PRIOR,NO_PRIOR,NO_PRIOR,BLOCKED_EXTERNAL_VERIFICATION_269
f409c312-0349-4b29-8dab-3ecdbd9463b3,2026-10-10,ICE,github-38040088358-1,PROVISIONAL_REPLAYED,NO_PRIOR,NO_PRIOR,NO_PRIOR,BLOCKED_EXTERNAL_VERIFICATION_269
f409c312-0349-4b29-8dab-3ecdbd9463b3,2026-10-10,IFX.DE,github-38040088358-1,PROVISIONAL_REPLAYED,NO_PRIOR,NO_PRIOR,NO_PRIOR,BLOCKED_EXTERNAL_VERIFICATION_269
f409c312-0349-4b29-8dab-3ecdbd9463b3,2026-10-10,ILMN,github-38040088358-1,PROVISIONAL_REPLAYED,NO_PRIOR,NO_PRIOR,NO_PRIOR,BLOCKED_EXTERNAL_VERIFICATION_269
f409c312-0349-4b29-8dab-3ecdbd9463b3,2026-10-10,INCY,github-38040088358-1,PROVISIONAL_REPLAYED,NO_PRIOR,NO_PRIOR,NO_PRIOR,BLOCKED_EXTERNAL_VERIFICATION_269
f409c312-0349-4b29-8dab-3ecdbd9463b3,2026-10-10,INGR,github-38040088358-1,PROVISIONAL_REPLAYED,NO_PRIOR,NO_PRIOR,NO_PRIOR,BLOCKED_EXTERNAL_VERIFICATION_269
f409c312-0349-4b29-8dab-3ecdbd9463b3,2026-10-10,INOD,github-38040088358-1,PROVISIONAL_REPLAYED,NO_PRIOR,NO_PRIOR,NO_PRIOR,BLOCKED_EXTERNAL_VERIFICATION_269
f409c312-0349-4b29-8dab-3ecdbd9463b3,2026-10-10,IREN,github-38040088358-1,PROVISIONAL_REPLAYED,NO_PRIOR,NO_PRIOR,NO_PRIOR,BLOCKED_EXTERNAL_VERIFICATION_269
f409c312-0349-4b29-8dab-3ecdbd9463b3,2026-10-10,ISRG,github-38040088358-1,PROVISIONAL_REPLAYED,NO_PRIOR,NO_PRIOR,NO_PRIOR,BLOCKED_EXTERNAL_VERIFICATION_269
f409c312-0349-4b29-8dab-3ecdbd9463b3,2026-10-10,JD,github-38040088358-1,PROVISIONAL_REPLAYED,NO_PRIOR,NO_PRIOR,NO_PRIOR,BLOCKED_EXTERNAL_VERIFICATION_269
f409c312-0349-4b29-8dab-3ecdbd9463b3,2026-10-10,JNJ,github-38040088358-1,PROVISIONAL_REPLAYED,NO_PRIOR,NO_PRIOR,NO_PRIOR,BLOCKED_EXTERNAL_VERIFICATION_269
f409c312-0349-4b29-8dab-3ecdbd9463b3,2026-10-10,KEP,github-38040088358-1,PROVISIONAL_REPLAYED,NO_PRIOR,NO_PRIOR,NO_PRIOR,BLOCKED_EXTERNAL_VERIFICATION_269
f409c312-0349-4b29-8dab-3ecdbd9463b3,2026-10-10,KLAC,github-38040088358-1,PROVISIONAL_REPLAYED,NO_PRIOR,NO_PRIOR,NO_PRIOR,BLOCKED_EXTERNAL_VERIFICATION_269
f409c312-0349-4b29-8dab-3ecdbd9463b3,2026-10-10,KLAR,github-38040088358-1,PROVISIONAL_REPLAYED,NO_PRIOR,NO_PRIOR,NO_PRIOR,BLOCKED_EXTERNAL_VERIFICATION_269
f409c312-0349-4b29-8dab-3ecdbd9463b3,2026-10-10,KO,github-38040088358-1,PROVISIONAL_REPLAYED,NO_PRIOR,NO_PRIOR,NO_PRIOR,BLOCKED_EXTERNAL_VERIFICATION_269
f409c312-0349-4b29-8dab-3ecdbd9463b3,2026-10-10,LC0A.MU,github-38040088358-1,PROVISIONAL_REPLAYED,NO_PRIOR,NO_PRIOR,NO_PRIOR,BLOCKED_EXTERNAL_VERIFICATION_269
f409c312-0349-4b29-8dab-3ecdbd9463b3,2026-10-10,LGO,github-38040088358-1,PROVISIONAL_REPLAYED,NO_PRIOR,NO_PRIOR,NO_PRIOR,BLOCKED_EXTERNAL_VERIFICATION_269
f409c312-0349-4b29-8dab-3ecdbd9463b3,2026-10-10,LIN,github-38040088358-1,PROVISIONAL_REPLAYED,NO_PRIOR,NO_PRIOR,NO_PRIOR,BLOCKED_EXTERNAL_VERIFICATION_269
f409c312-0349-4b29-8dab-3ecdbd9463b3,2026-10-10,LRCX,github-38040088358-1,PROVISIONAL_REPLAYED,NO_PRIOR,NO_PRIOR,NO_PRIOR,BLOCKED_EXTERNAL_VERIFICATION_269
f409c312-0349-4b29-8dab-3ecdbd9463b3,2026-10-10,LUMN,github-38040088358-1,PROVISIONAL_REPLAYED,NO_PRIOR,NO_PRIOR,NO_PRIOR,BLOCKED_EXTERNAL_VERIFICATION_269
f409c312-0349-4b29-8dab-3ecdbd9463b3,2026-10-10,MA,github-38040088358-1,PROVISIONAL_REPLAYED,NO_PRIOR,NO_PRIOR,NO_PRIOR,BLOCKED_EXTERNAL_VERIFICATION_269
f409c312-0349-4b29-8dab-3ecdbd9463b3,2026-10-10,MBLY,github-38040088358-1,PROVISIONAL_REPLAYED,NO_PRIOR,NO_PRIOR,NO_PRIOR,BLOCKED_EXTERNAL_VERIFICATION_269
f409c312-0349-4b29-8dab-3ecdbd9463b3,2026-10-10,MC.PA,github-38040088358-1,PROVISIONAL_REPLAYED,NO_PRIOR,NO_PRIOR,NO_PRIOR,BLOCKED_EXTERNAL_VERIFICATION_269
f409c312-0349-4b29-8dab-3ecdbd9463b3,2026-10-10,MCD,github-38040088358-1,PROVISIONAL_REPLAYED,NO_PRIOR,NO_PRIOR,NO_PRIOR,BLOCKED_EXTERNAL_VERIFICATION_269
f409c312-0349-4b29-8dab-3ecdbd9463b3,2026-10-10,MELI,github-38040088358-1,PROVISIONAL_REPLAYED,NO_PRIOR,NO_PRIOR,NO_PRIOR,BLOCKED_EXTERNAL_VERIFICATION_269
f409c312-0349-4b29-8dab-3ecdbd9463b3,2026-10-10,META,github-38040088358-1,PROVISIONAL_REPLAYED,NO_PRIOR,NO_PRIOR,NO_PRIOR,BLOCKED_EXTERNAL_VERIFICATION_269
f409c312-0349-4b29-8dab-3ecdbd9463b3,2026-10-10,MGMA.V,github-38040088358-1,PROVISIONAL_REPLAYED,NO_PRIOR,NO_PRIOR,NO_PRIOR,BLOCKED_EXTERNAL_VERIFICATION_269
f409c312-0349-4b29-8dab-3ecdbd9463b3,2026-10-10,MNSO,github-38040088358-1,PROVISIONAL_REPLAYED,NO_PRIOR,NO_PRIOR,NO_PRIOR,BLOCKED_EXTERNAL_VERIFICATION_269
f409c312-0349-4b29-8dab-3ecdbd9463b3,2026-10-10,MP,github-38040088358-1,PROVISIONAL_REPLAYED,NO_PRIOR,NO_PRIOR,NO_PRIOR,BLOCKED_EXTERNAL_VERIFICATION_269
f409c312-0349-4b29-8dab-3ecdbd9463b3,2026-10-10,MRNA,github-38040088358-1,PROVISIONAL_REPLAYED,NO_PRIOR,NO_PRIOR,NO_PRIOR,BLOCKED_EXTERNAL_VERIFICATION_269
f409c312-0349-4b29-8dab-3ecdbd9463b3,2026-10-10,MSFT,github-38040088358-1,PROVISIONAL_REPLAYED,NO_PRIOR,NO_PRIOR,NO_PRIOR,BLOCKED_EXTERNAL_VERIFICATION_269
f409c312-0349-4b29-8dab-3ecdbd9463b3,2026-10-10,MU,github-38040088358-1,PROVISIONAL_REPLAYED,NO_PRIOR,NO_PRIOR,NO_PRIOR,BLOCKED_EXTERNAL_VERIFICATION_269
f409c312-0349-4b29-8dab-3ecdbd9463b3,2026-10-10,NBIS,github-38040088358-1,PROVISIONAL_REPLAYED,NO_PRIOR,NO_PRIOR,NO_PRIOR,BLOCKED_EXTERNAL_VERIFICATION_269
f409c312-0349-4b29-8dab-3ecdbd9463b3,2026-10-10,NDA.DE,github-38040088358-1,PROVISIONAL_REPLAYED,NO_PRIOR,NO_PRIOR,NO_PRIOR,BLOCKED_EXTERNAL_VERIFICATION_269
f409c312-0349-4b29-8dab-3ecdbd9463b3,2026-10-10,NEE,github-38040088358-1,PROVISIONAL_REPLAYED,NO_PRIOR,NO_PRIOR,NO_PRIOR,BLOCKED_EXTERNAL_VERIFICATION_269
f409c312-0349-4b29-8dab-3ecdbd9463b3,2026-10-10,NEM.AX,github-38040088358-1,PROVISIONAL_REPLAYED,NO_PRIOR,NO_PRIOR,NO_PRIOR,BLOCKED_EXTERNAL_VERIFICATION_269
f409c312-0349-4b29-8dab-3ecdbd9463b3,2026-10-10,NESN.SW,github-38040088358-1,PROVISIONAL_REPLAYED,NO_PRIOR,NO_PRIOR,NO_PRIOR,BLOCKED_EXTERNAL_VERIFICATION_269
f409c312-0349-4b29-8dab-3ecdbd9463b3,2026-10-10,NFLX,github-38040088358-1,PROVISIONAL_REPLAYED,NO_PRIOR,NO_PRIOR,NO_PRIOR,BLOCKED_EXTERNAL_VERIFICATION_269
f409c312-0349-4b29-8dab-3ecdbd9463b3,2026-10-10,NIO,github-38040088358-1,PROVISIONAL_REPLAYED,NO_PRIOR,NO_PRIOR,NO_PRIOR,BLOCKED_EXTERNAL_VERIFICATION_269
f409c312-0349-4b29-8dab-3ecdbd9463b3,2026-10-10,NKE,github-38040088358-1,PROVISIONAL_REPLAYED,NO_PRIOR,NO_PRIOR,NO_PRIOR,BLOCKED_EXTERNAL_VERIFICATION_269
f409c312-0349-4b29-8dab-3ecdbd9463b3,2026-10-10,NOVO-B.CO,github-38040088358-1,PROVISIONAL_REPLAYED,NO_PRIOR,NO_PRIOR,NO_PRIOR,BLOCKED_EXTERNAL_VERIFICATION_269
f409c312-0349-4b29-8dab-3ecdbd9463b3,2026-10-10,NOW,github-38040088358-1,PROVISIONAL_REPLAYED,NO_PRIOR,NO_PRIOR,NO_PRIOR,BLOCKED_EXTERNAL_VERIFICATION_269
f409c312-0349-4b29-8dab-3ecdbd9463b3,2026-10-10,NPN.JO,github-38040088358-1,PROVISIONAL_REPLAYED,NO_PRIOR,NO_PRIOR,NO_PRIOR,BLOCKED_EXTERNAL_VERIFICATION_269
f409c312-0349-4b29-8dab-3ecdbd9463b3,2026-10-10,NRDS,github-38040088358-1,PROVISIONAL_REPLAYED,NO_PRIOR,NO_PRIOR,NO_PRIOR,BLOCKED_EXTERNAL_VERIFICATION_269
f409c312-0349-4b29-8dab-3ecdbd9463b3,2026-10-10,NVDA,github-38040088358-1,PROVISIONAL_REPLAYED,NO_PRIOR,NO_PRIOR,NO_PRIOR,BLOCKED_EXTERNAL_VERIFICATION_269
f409c312-0349-4b29-8dab-3ecdbd9463b3,2026-10-10,NXP,github-38040088358-1,PROVISIONAL_REPLAYED,NO_PRIOR,NO_PRIOR,NO_PRIOR,BLOCKED_EXTERNAL_VERIFICATION_269
f409c312-0349-4b29-8dab-3ecdbd9463b3,2026-10-10,OCGN,github-38040088358-1,PROVISIONAL_REPLAYED,NO_PRIOR,NO_PRIOR,NO_PRIOR,BLOCKED_EXTERNAL_VERIFICATION_269
f409c312-0349-4b29-8dab-3ecdbd9463b3,2026-10-10,OGN,github-38040088358-1,PROVISIONAL_REPLAYED,NO_PRIOR,NO_PRIOR,NO_PRIOR,BLOCKED_EXTERNAL_VERIFICATION_269
f409c312-0349-4b29-8dab-3ecdbd9463b3,2026-10-10,ON,github-38040088358-1,PROVISIONAL_REPLAYED,NO_PRIOR,NO_PRIOR,NO_PRIOR,BLOCKED_EXTERNAL_VERIFICATION_269
f409c312-0349-4b29-8dab-3ecdbd9463b3,2026-10-10,ORCL,github-38040088358-1,PROVISIONAL_REPLAYED,NO_PRIOR,NO_PRIOR,NO_PRIOR,BLOCKED_EXTERNAL_VERIFICATION_269
f409c312-0349-4b29-8dab-3ecdbd9463b3,2026-10-10,OXY,github-38040088358-1,PROVISIONAL_REPLAYED,NO_PRIOR,NO_PRIOR,NO_PRIOR,BLOCKED_EXTERNAL_VERIFICATION_269
f409c312-0349-4b29-8dab-3ecdbd9463b3,2026-10-10,PAAS.TO,github-38040088358-1,PROVISIONAL_REPLAYED,NO_PRIOR,NO_PRIOR,NO_PRIOR,BLOCKED_EXTERNAL_VERIFICATION_269
f409c312-0349-4b29-8dab-3ecdbd9463b3,2026-10-10,PATH,github-38040088358-1,PROVISIONAL_REPLAYED,NO_PRIOR,NO_PRIOR,NO_PRIOR,BLOCKED_EXTERNAL_VERIFICATION_269
f409c312-0349-4b29-8dab-3ecdbd9463b3,2026-10-10,PEP,github-38040088358-1,PROVISIONAL_REPLAYED,NO_PRIOR,NO_PRIOR,NO_PRIOR,BLOCKED_EXTERNAL_VERIFICATION_269
f409c312-0349-4b29-8dab-3ecdbd9463b3,2026-10-10,PFE,github-38040088358-1,PROVISIONAL_REPLAYED,NO_PRIOR,NO_PRIOR,NO_PRIOR,BLOCKED_EXTERNAL_VERIFICATION_269
f409c312-0349-4b29-8dab-3ecdbd9463b3,2026-10-10,PG,github-38040088358-1,PROVISIONAL_REPLAYED,NO_PRIOR,NO_PRIOR,NO_PRIOR,BLOCKED_EXTERNAL_VERIFICATION_269
f409c312-0349-4b29-8dab-3ecdbd9463b3,2026-10-10,PGY,github-38040088358-1,PROVISIONAL_REPLAYED,NO_PRIOR,NO_PRIOR,NO_PRIOR,BLOCKED_EXTERNAL_VERIFICATION_269
f409c312-0349-4b29-8dab-3ecdbd9463b3,2026-10-10,PKX,github-38040088358-1,PROVISIONAL_REPLAYED,NO_PRIOR,NO_PRIOR,NO_PRIOR,BLOCKED_EXTERNAL_VERIFICATION_269
f409c312-0349-4b29-8dab-3ecdbd9463b3,2026-10-10,PL,github-38040088358-1,PROVISIONAL_REPLAYED,NO_PRIOR,NO_PRIOR,NO_PRIOR,BLOCKED_EXTERNAL_VERIFICATION_269
f409c312-0349-4b29-8dab-3ecdbd9463b3,2026-10-10,PLTR,github-38040088358-1,PROVISIONAL_REPLAYED,NO_PRIOR,NO_PRIOR,NO_PRIOR,BLOCKED_EXTERNAL_VERIFICATION_269
f409c312-0349-4b29-8dab-3ecdbd9463b3,2026-10-10,PM,github-38040088358-1,PROVISIONAL_REPLAYED,NO_PRIOR,NO_PRIOR,NO_PRIOR,BLOCKED_EXTERNAL_VERIFICATION_269
f409c312-0349-4b29-8dab-3ecdbd9463b3,2026-10-10,PPTA,github-38040088358-1,PROVISIONAL_REPLAYED,NO_PRIOR,NO_PRIOR,NO_PRIOR,BLOCKED_EXTERNAL_VERIFICATION_269
f409c312-0349-4b29-8dab-3ecdbd9463b3,2026-10-10,PYPL,github-38040088358-1,PROVISIONAL_REPLAYED,NO_PRIOR,NO_PRIOR,NO_PRIOR,BLOCKED_EXTERNAL_VERIFICATION_269
f409c312-0349-4b29-8dab-3ecdbd9463b3,2026-10-10,QBTS,github-38040088358-1,PROVISIONAL_REPLAYED,NO_PRIOR,NO_PRIOR,NO_PRIOR,BLOCKED_EXTERNAL_VERIFICATION_269
f409c312-0349-4b29-8dab-3ecdbd9463b3,2026-10-10,QS,github-38040088358-1,PROVISIONAL_REPLAYED,NO_PRIOR,NO_PRIOR,NO_PRIOR,BLOCKED_EXTERNAL_VERIFICATION_269
f409c312-0349-4b29-8dab-3ecdbd9463b3,2026-10-10,RACE,github-38040088358-1,PROVISIONAL_REPLAYED,NO_PRIOR,NO_PRIOR,NO_PRIOR,BLOCKED_EXTERNAL_VERIFICATION_269
f409c312-0349-4b29-8dab-3ecdbd9463b3,2026-10-10,RCAT,github-38040088358-1,PROVISIONAL_REPLAYED,NO_PRIOR,NO_PRIOR,NO_PRIOR,BLOCKED_EXTERNAL_VERIFICATION_269
f409c312-0349-4b29-8dab-3ecdbd9463b3,2026-10-10,RGTI,github-38040088358-1,PROVISIONAL_REPLAYED,NO_PRIOR,NO_PRIOR,NO_PRIOR,BLOCKED_EXTERNAL_VERIFICATION_269
f409c312-0349-4b29-8dab-3ecdbd9463b3,2026-10-10,RHM.DE,github-38040088358-1,PROVISIONAL_REPLAYED,NO_PRIOR,NO_PRIOR,NO_PRIOR,BLOCKED_EXTERNAL_VERIFICATION_269
f409c312-0349-4b29-8dab-3ecdbd9463b3,2026-10-10,RI.PA,github-38040088358-1,PROVISIONAL_REPLAYED,NO_PRIOR,NO_PRIOR,NO_PRIOR,BLOCKED_EXTERNAL_VERIFICATION_269
f409c312-0349-4b29-8dab-3ecdbd9463b3,2026-10-10,RIGD.IL,github-38040088358-1,PROVISIONAL_REPLAYED,NO_PRIOR,NO_PRIOR,NO_PRIOR,BLOCKED_EXTERNAL_VERIFICATION_269
f409c312-0349-4b29-8dab-3ecdbd9463b3,2026-10-10,RKLB,github-38040088358-1,PROVISIONAL_REPLAYED,NO_PRIOR,NO_PRIOR,NO_PRIOR,BLOCKED_EXTERNAL_VERIFICATION_269
f409c312-0349-4b29-8dab-3ecdbd9463b3,2026-10-10,ROK,github-38040088358-1,PROVISIONAL_REPLAYED,NO_PRIOR,NO_PRIOR,NO_PRIOR,BLOCKED_EXTERNAL_VERIFICATION_269
f409c312-0349-4b29-8dab-3ecdbd9463b3,2026-10-10,ROL,github-38040088358-1,PROVISIONAL_REPLAYED,NO_PRIOR,NO_PRIOR,NO_PRIOR,BLOCKED_EXTERNAL_VERIFICATION_269
f409c312-0349-4b29-8dab-3ecdbd9463b3,2026-10-10,RR.L,github-38040088358-1,PROVISIONAL_REPLAYED,NO_PRIOR,NO_PRIOR,NO_PRIOR,BLOCKED_EXTERNAL_VERIFICATION_269
f409c312-0349-4b29-8dab-3ecdbd9463b3,2026-10-10,SAP.DE,github-38040088358-1,PROVISIONAL_REPLAYED,NO_PRIOR,NO_PRIOR,NO_PRIOR,BLOCKED_EXTERNAL_VERIFICATION_269
f409c312-0349-4b29-8dab-3ecdbd9463b3,2026-10-10,SE,github-38040088358-1,PROVISIONAL_REPLAYED,NO_PRIOR,NO_PRIOR,NO_PRIOR,BLOCKED_EXTERNAL_VERIFICATION_269
f409c312-0349-4b29-8dab-3ecdbd9463b3,2026-10-10,SGL.DE,github-38040088358-1,PROVISIONAL_REPLAYED,NO_PRIOR,NO_PRIOR,NO_PRIOR,BLOCKED_EXTERNAL_VERIFICATION_269
f409c312-0349-4b29-8dab-3ecdbd9463b3,2026-10-10,SGM.AX,github-38040088358-1,PROVISIONAL_REPLAYED,NO_PRIOR,NO_PRIOR,NO_PRIOR,BLOCKED_EXTERNAL_VERIFICATION_269
f409c312-0349-4b29-8dab-3ecdbd9463b3,2026-10-10,SHOP,github-38040088358-1,PROVISIONAL_REPLAYED,NO_PRIOR,NO_PRIOR,NO_PRIOR,BLOCKED_EXTERNAL_VERIFICATION_269
f409c312-0349-4b29-8dab-3ecdbd9463b3,2026-10-10,SLVR.TO,github-38040088358-1,PROVISIONAL_REPLAYED,NO_PRIOR,NO_PRIOR,NO_PRIOR,BLOCKED_EXTERNAL_VERIFICATION_269
f409c312-0349-4b29-8dab-3ecdbd9463b3,2026-10-10,SMX,github-38040088358-1,PROVISIONAL_REPLAYED,NO_PRIOR,NO_PRIOR,NO_PRIOR,BLOCKED_EXTERNAL_VERIFICATION_269
f409c312-0349-4b29-8dab-3ecdbd9463b3,2026-10-10,SN.L,github-38040088358-1,PROVISIONAL_REPLAYED,NO_PRIOR,NO_PRIOR,NO_PRIOR,BLOCKED_EXTERNAL_VERIFICATION_269
f409c312-0349-4b29-8dab-3ecdbd9463b3,2026-10-10,SNN,github-38040088358-1,PROVISIONAL_REPLAYED,NO_PRIOR,NO_PRIOR,NO_PRIOR,BLOCKED_EXTERNAL_VERIFICATION_269
f409c312-0349-4b29-8dab-3ecdbd9463b3,2026-10-10,SNOW,github-38040088358-1,PROVISIONAL_REPLAYED,NO_PRIOR,NO_PRIOR,NO_PRIOR,BLOCKED_EXTERNAL_VERIFICATION_269
f409c312-0349-4b29-8dab-3ecdbd9463b3,2026-10-10,SOLB.BR,github-38040088358-1,PROVISIONAL_REPLAYED,NO_PRIOR,NO_PRIOR,NO_PRIOR,BLOCKED_EXTERNAL_VERIFICATION_269
f409c312-0349-4b29-8dab-3ecdbd9463b3,2026-10-10,SPCX,github-38040088358-1,PROVISIONAL_REPLAYED,NO_PRIOR,NO_PRIOR,NO_PRIOR,BLOCKED_EXTERNAL_VERIFICATION_269
f409c312-0349-4b29-8dab-3ecdbd9463b3,2026-10-10,SPOT,github-38040088358-1,PROVISIONAL_REPLAYED,NO_PRIOR,NO_PRIOR,NO_PRIOR,BLOCKED_EXTERNAL_VERIFICATION_269
f409c312-0349-4b29-8dab-3ecdbd9463b3,2026-10-10,STLA,github-38040088358-1,PROVISIONAL_REPLAYED,NO_PRIOR,NO_PRIOR,NO_PRIOR,BLOCKED_EXTERNAL_VERIFICATION_269
f409c312-0349-4b29-8dab-3ecdbd9463b3,2026-10-10,SU.PA,github-38040088358-1,PROVISIONAL_REPLAYED,NO_PRIOR,NO_PRIOR,NO_PRIOR,BLOCKED_EXTERNAL_VERIFICATION_269
f409c312-0349-4b29-8dab-3ecdbd9463b3,2026-10-10,SYK,github-38040088358-1,PROVISIONAL_REPLAYED,NO_PRIOR,NO_PRIOR,NO_PRIOR,BLOCKED_EXTERNAL_VERIFICATION_269
f409c312-0349-4b29-8dab-3ecdbd9463b3,2026-10-10,SYM,github-38040088358-1,PROVISIONAL_REPLAYED,NO_PRIOR,NO_PRIOR,NO_PRIOR,BLOCKED_EXTERNAL_VERIFICATION_269
f409c312-0349-4b29-8dab-3ecdbd9463b3,2026-10-10,TE,github-38040088358-1,PROVISIONAL_REPLAYED,NO_PRIOR,NO_PRIOR,NO_PRIOR,BLOCKED_EXTERNAL_VERIFICATION_269
f409c312-0349-4b29-8dab-3ecdbd9463b3,2026-10-10,TEAM,github-38040088358-1,PROVISIONAL_REPLAYED,NO_PRIOR,NO_PRIOR,NO_PRIOR,BLOCKED_EXTERNAL_VERIFICATION_269
f409c312-0349-4b29-8dab-3ecdbd9463b3,2026-10-10,TEM,github-38040088358-1,PROVISIONAL_REPLAYED,NO_PRIOR,NO_PRIOR,NO_PRIOR,BLOCKED_EXTERNAL_VERIFICATION_269
f409c312-0349-4b29-8dab-3ecdbd9463b3,2026-10-10,TER,github-38040088358-1,PROVISIONAL_REPLAYED,NO_PRIOR,NO_PRIOR,NO_PRIOR,BLOCKED_EXTERNAL_VERIFICATION_269
f409c312-0349-4b29-8dab-3ecdbd9463b3,2026-10-10,TME,github-38040088358-1,PROVISIONAL_REPLAYED,NO_PRIOR,NO_PRIOR,NO_PRIOR,BLOCKED_EXTERNAL_VERIFICATION_269
f409c312-0349-4b29-8dab-3ecdbd9463b3,2026-10-10,TOM.OL,github-38040088358-1,PROVISIONAL_REPLAYED,NO_PRIOR,NO_PRIOR,NO_PRIOR,BLOCKED_EXTERNAL_VERIFICATION_269
f409c312-0349-4b29-8dab-3ecdbd9463b3,2026-10-10,TSLA,github-38040088358-1,PROVISIONAL_REPLAYED,NO_PRIOR,NO_PRIOR,NO_PRIOR,BLOCKED_EXTERNAL_VERIFICATION_269
f409c312-0349-4b29-8dab-3ecdbd9463b3,2026-10-10,TSMN.MX,github-38040088358-1,PROVISIONAL_REPLAYED,NO_PRIOR,NO_PRIOR,NO_PRIOR,BLOCKED_EXTERNAL_VERIFICATION_269
f409c312-0349-4b29-8dab-3ecdbd9463b3,2026-10-10,TTAN,github-38040088358-1,PROVISIONAL_REPLAYED,NO_PRIOR,NO_PRIOR,NO_PRIOR,BLOCKED_EXTERNAL_VERIFICATION_269
f409c312-0349-4b29-8dab-3ecdbd9463b3,2026-10-10,TTD,github-38040088358-1,PROVISIONAL_REPLAYED,NO_PRIOR,NO_PRIOR,NO_PRIOR,BLOCKED_EXTERNAL_VERIFICATION_269
f409c312-0349-4b29-8dab-3ecdbd9463b3,2026-10-10,TTK.DE,github-38040088358-1,PROVISIONAL_REPLAYED,NO_PRIOR,NO_PRIOR,NO_PRIOR,BLOCKED_EXTERNAL_VERIFICATION_269
f409c312-0349-4b29-8dab-3ecdbd9463b3,2026-10-10,UAA,github-38040088358-1,PROVISIONAL_REPLAYED,NO_PRIOR,NO_PRIOR,NO_PRIOR,BLOCKED_EXTERNAL_VERIFICATION_269
f409c312-0349-4b29-8dab-3ecdbd9463b3,2026-10-10,UBER,github-38040088358-1,PROVISIONAL_REPLAYED,NO_PRIOR,NO_PRIOR,NO_PRIOR,BLOCKED_EXTERNAL_VERIFICATION_269
f409c312-0349-4b29-8dab-3ecdbd9463b3,2026-10-10,UEC,github-38040088358-1,PROVISIONAL_REPLAYED,NO_PRIOR,NO_PRIOR,NO_PRIOR,BLOCKED_EXTERNAL_VERIFICATION_269
f409c312-0349-4b29-8dab-3ecdbd9463b3,2026-10-10,UMI.BR,github-38040088358-1,PROVISIONAL_REPLAYED,NO_PRIOR,NO_PRIOR,NO_PRIOR,BLOCKED_EXTERNAL_VERIFICATION_269
f409c312-0349-4b29-8dab-3ecdbd9463b3,2026-10-10,UNH,github-38040088358-1,PROVISIONAL_REPLAYED,NO_PRIOR,NO_PRIOR,NO_PRIOR,BLOCKED_EXTERNAL_VERIFICATION_269
f409c312-0349-4b29-8dab-3ecdbd9463b3,2026-10-10,USAR,github-38040088358-1,PROVISIONAL_REPLAYED,NO_PRIOR,NO_PRIOR,NO_PRIOR,BLOCKED_EXTERNAL_VERIFICATION_269
f409c312-0349-4b29-8dab-3ecdbd9463b3,2026-10-10,UUUU,github-38040088358-1,PROVISIONAL_REPLAYED,NO_PRIOR,NO_PRIOR,NO_PRIOR,BLOCKED_EXTERNAL_VERIFICATION_269
f409c312-0349-4b29-8dab-3ecdbd9463b3,2026-10-10,V,github-38040088358-1,PROVISIONAL_REPLAYED,NO_PRIOR,NO_PRIOR,NO_PRIOR,BLOCKED_EXTERNAL_VERIFICATION_269
f409c312-0349-4b29-8dab-3ecdbd9463b3,2026-10-10,VALE,github-38040088358-1,PROVISIONAL_REPLAYED,NO_PRIOR,NO_PRIOR,NO_PRIOR,BLOCKED_EXTERNAL_VERIFICATION_269
f409c312-0349-4b29-8dab-3ecdbd9463b3,2026-10-10,VALE3.SA,github-38040088358-1,PROVISIONAL_REPLAYED,NO_PRIOR,NO_PRIOR,NO_PRIOR,BLOCKED_EXTERNAL_VERIFICATION_269
f409c312-0349-4b29-8dab-3ecdbd9463b3,2026-10-10,VOW3.DE,github-38040088358-1,PROVISIONAL_REPLAYED,NO_PRIOR,NO_PRIOR,NO_PRIOR,BLOCKED_EXTERNAL_VERIFICATION_269
f409c312-0349-4b29-8dab-3ecdbd9463b3,2026-10-10,VZLA.TO,github-38040088358-1,PROVISIONAL_REPLAYED,NO_PRIOR,NO_PRIOR,NO_PRIOR,BLOCKED_EXTERNAL_VERIFICATION_269
f409c312-0349-4b29-8dab-3ecdbd9463b3,2026-10-10,WDAY,github-38040088358-1,PROVISIONAL_REPLAYED,NO_PRIOR,NO_PRIOR,NO_PRIOR,BLOCKED_EXTERNAL_VERIFICATION_269
f409c312-0349-4b29-8dab-3ecdbd9463b3,2026-10-10,WM,github-38040088358-1,PROVISIONAL_REPLAYED,NO_PRIOR,NO_PRIOR,NO_PRIOR,BLOCKED_EXTERNAL_VERIFICATION_269
f409c312-0349-4b29-8dab-3ecdbd9463b3,2026-10-10,WPM.TO,github-38040088358-1,PROVISIONAL_REPLAYED,NO_PRIOR,NO_PRIOR,NO_PRIOR,BLOCKED_EXTERNAL_VERIFICATION_269
f409c312-0349-4b29-8dab-3ecdbd9463b3,2026-10-10,WYFI,github-38040088358-1,PROVISIONAL_REPLAYED,NO_PRIOR,NO_PRIOR,NO_PRIOR,BLOCKED_EXTERNAL_VERIFICATION_269
f409c312-0349-4b29-8dab-3ecdbd9463b3,2026-10-10,XOM,github-38040088358-1,PROVISIONAL_REPLAYED,NO_PRIOR,NO_PRIOR,NO_PRIOR,BLOCKED_EXTERNAL_VERIFICATION_269
f409c312-0349-4b29-8dab-3ecdbd9463b3,2026-10-10,XPEV,github-38040088358-1,PROVISIONAL_REPLAYED,NO_PRIOR,NO_PRIOR,NO_PRIOR,BLOCKED_EXTERNAL_VERIFICATION_269
f409c312-0349-4b29-8dab-3ecdbd9463b3,2026-10-10,XSDG.F,github-38040088358-1,PROVISIONAL_REPLAYED,NO_PRIOR,NO_PRIOR,NO_PRIOR,BLOCKED_EXTERNAL_VERIFICATION_269
f409c312-0349-4b29-8dab-3ecdbd9463b3,2026-10-10,XYZ,github-38040088358-1,PROVISIONAL_REPLAYED,NO_PRIOR,NO_PRIOR,NO_PRIOR,BLOCKED_EXTERNAL_VERIFICATION_269
f409c312-0349-4b29-8dab-3ecdbd9463b3,2026-10-10,YASKY,github-38040088358-1,PROVISIONAL_REPLAYED,NO_PRIOR,NO_PRIOR,NO_PRIOR,BLOCKED_EXTERNAL_VERIFICATION_269
f409c312-0349-4b29-8dab-3ecdbd9463b3,2026-10-10,YCA.L,github-38040088358-1,PROVISIONAL_REPLAYED,NO_PRIOR,NO_PRIOR,NO_PRIOR,BLOCKED_EXTERNAL_VERIFICATION_269
f409c312-0349-4b29-8dab-3ecdbd9463b3,2026-10-10,ZETA,github-38040088358-1,PROVISIONAL_REPLAYED,NO_PRIOR,NO_PRIOR,NO_PRIOR,BLOCKED_EXTERNAL_VERIFICATION_269
