snapshot_id,as_of,symbol,source_yahoo_symbol,legacy_cycle_pct,public_cycle,exclusion_reason
32739832-2481-491f-b131-f7413c07f6b2,2026-10-08,000660.KS,000660.KS,,0,MISSING_SOURCE_IMPUTED_ZERO
32739832-2481-491f-b131-f7413c07f6b2,2026-10-08,005930.KS,005930.KS,,0,MISSING_SOURCE_IMPUTED_ZERO
32739832-2481-491f-b131-f7413c07f6b2,2026-10-08,1211.HK,1211.HK,,0,MISSING_SOURCE_IMPUTED_ZERO
32739832-2481-491f-b131-f7413c07f6b2,2026-10-08,6506.T,6506.T,,0,MISSING_SOURCE_IMPUTED_ZERO
32739832-2481-491f-b131-f7413c07f6b2,2026-10-08,8035.T,8035.T,,0,MISSING_SOURCE_IMPUTED_ZERO
32739832-2481-491f-b131-f7413c07f6b2,2026-10-08,9888.HK,9888.HK,,0,MISSING_SOURCE_IMPUTED_ZERO
32739832-2481-491f-b131-f7413c07f6b2,2026-10-08,9988.HK,9988.HK,,0,MISSING_SOURCE_IMPUTED_ZERO
32739832-2481-491f-b131-f7413c07f6b2,2026-10-08,ACB.TO,ACB.TO,,0,MISSING_SOURCE_IMPUTED_ZERO
32739832-2481-491f-b131-f7413c07f6b2,2026-10-08,ADBE,ADBE,,0,MISSING_SOURCE_IMPUTED_ZERO
32739832-2481-491f-b131-f7413c07f6b2,2026-10-08,ADS.DE,ADS.DE,,0,MISSING_SOURCE_IMPUTED_ZERO
32739832-2481-491f-b131-f7413c07f6b2,2026-10-08,AMAT,AMAT,,0,MISSING_SOURCE_IMPUTED_ZERO
32739832-2481-491f-b131-f7413c07f6b2,2026-10-08,AMKR,AMKR,,0,MISSING_SOURCE_IMPUTED_ZERO
32739832-2481-491f-b131-f7413c07f6b2,2026-10-08,ANET,ANET,,0,MISSING_SOURCE_IMPUTED_ZERO
32739832-2481-491f-b131-f7413c07f6b2,2026-10-08,APP,APP,,0,MISSING_SOURCE_IMPUTED_ZERO
32739832-2481-491f-b131-f7413c07f6b2,2026-10-08,ASTS,ASTS,,0,MISSING_SOURCE_IMPUTED_ZERO
32739832-2481-491f-b131-f7413c07f6b2,2026-10-08,ASX,ASX,,0,MISSING_SOURCE_IMPUTED_ZERO
32739832-2481-491f-b131-f7413c07f6b2,2026-10-08,AVAV,AVAV,,0,MISSING_SOURCE_IMPUTED_ZERO
32739832-2481-491f-b131-f7413c07f6b2,2026-10-08,AVGO,AVGO,,0,MISSING_SOURCE_IMPUTED_ZERO
32739832-2481-491f-b131-f7413c07f6b2,2026-10-08,AXON,AXON,,0,MISSING_SOURCE_IMPUTED_ZERO
32739832-2481-491f-b131-f7413c07f6b2,2026-10-08,BAS.DE,BAS.DE,,0,MISSING_SOURCE_IMPUTED_ZERO
32739832-2481-491f-b131-f7413c07f6b2,2026-10-08,CME,CME,,0,MISSING_SOURCE_IMPUTED_ZERO
32739832-2481-491f-b131-f7413c07f6b2,2026-10-08,CRUS,CRUS,,0,MISSING_SOURCE_IMPUTED_ZERO
32739832-2481-491f-b131-f7413c07f6b2,2026-10-08,CRWV,CRWV,,0,MISSING_SOURCE_IMPUTED_ZERO
32739832-2481-491f-b131-f7413c07f6b2,2026-10-08,CRYPTO:ADA,ADA-USD,,0,MISSING_SOURCE_IMPUTED_ZERO
32739832-2481-491f-b131-f7413c07f6b2,2026-10-08,CRYPTO:BTC,BTC-USD,,0,MISSING_SOURCE_IMPUTED_ZERO
32739832-2481-491f-b131-f7413c07f6b2,2026-10-08,CRYPTO:DOGE,DOGE-EUR,,0,MISSING_SOURCE_IMPUTED_ZERO
32739832-2481-491f-b131-f7413c07f6b2,2026-10-08,CRYPTO:ETH,ETH-USD,,0,MISSING_SOURCE_IMPUTED_ZERO
32739832-2481-491f-b131-f7413c07f6b2,2026-10-08,CRYPTO:SOL,SOL-EUR,,0,MISSING_SOURCE_IMPUTED_ZERO
32739832-2481-491f-b131-f7413c07f6b2,2026-10-08,DIS,DIS,,0,MISSING_SOURCE_IMPUTED_ZERO
32739832-2481-491f-b131-f7413c07f6b2,2026-10-08,DRO.AX,DRO.AX,,0,MISSING_SOURCE_IMPUTED_ZERO
32739832-2481-491f-b131-f7413c07f6b2,2026-10-08,ENSG,ENSG,,0,MISSING_SOURCE_IMPUTED_ZERO
32739832-2481-491f-b131-f7413c07f6b2,2026-10-08,ETN,ETN,,0,MISSING_SOURCE_IMPUTED_ZERO
32739832-2481-491f-b131-f7413c07f6b2,2026-10-08,FISV,FISV,,0,MISSING_SOURCE_IMPUTED_ZERO
32739832-2481-491f-b131-f7413c07f6b2,2026-10-08,GE,GE,,0,MISSING_SOURCE_IMPUTED_ZERO
32739832-2481-491f-b131-f7413c07f6b2,2026-10-08,GRAB,GRAB,,0,MISSING_SOURCE_IMPUTED_ZERO
32739832-2481-491f-b131-f7413c07f6b2,2026-10-08,HIMS,HIMS,,0,MISSING_SOURCE_IMPUTED_ZERO
32739832-2481-491f-b131-f7413c07f6b2,2026-10-08,ICE,ICE,,0,MISSING_SOURCE_IMPUTED_ZERO
32739832-2481-491f-b131-f7413c07f6b2,2026-10-08,ILMN,ILMN,,0,MISSING_SOURCE_IMPUTED_ZERO
32739832-2481-491f-b131-f7413c07f6b2,2026-10-08,INOD,INOD,,0,MISSING_SOURCE_IMPUTED_ZERO
32739832-2481-491f-b131-f7413c07f6b2,2026-10-08,IREN,IREN,,0,MISSING_SOURCE_IMPUTED_ZERO
32739832-2481-491f-b131-f7413c07f6b2,2026-10-08,KLAC,KLAC,,0,MISSING_SOURCE_IMPUTED_ZERO
32739832-2481-491f-b131-f7413c07f6b2,2026-10-08,KLAR,KLAR,,0,MISSING_SOURCE_IMPUTED_ZERO
32739832-2481-491f-b131-f7413c07f6b2,2026-10-08,LIN,LIN,,0,MISSING_SOURCE_IMPUTED_ZERO
32739832-2481-491f-b131-f7413c07f6b2,2026-10-08,LRCX,LRCX,,0,MISSING_SOURCE_IMPUTED_ZERO
32739832-2481-491f-b131-f7413c07f6b2,2026-10-08,MCD,MCD,,0,MISSING_SOURCE_IMPUTED_ZERO
32739832-2481-491f-b131-f7413c07f6b2,2026-10-08,MP,MP,,0,MISSING_SOURCE_IMPUTED_ZERO
32739832-2481-491f-b131-f7413c07f6b2,2026-10-08,MRNA,MRNA,,0,MISSING_SOURCE_IMPUTED_ZERO
32739832-2481-491f-b131-f7413c07f6b2,2026-10-08,MU,MU,0.0,0,EXPLICIT_ZERO_UNVERIFIED
32739832-2481-491f-b131-f7413c07f6b2,2026-10-08,NBIS,NBIS,,0,MISSING_SOURCE_IMPUTED_ZERO
32739832-2481-491f-b131-f7413c07f6b2,2026-10-08,NEE,NEE,,0,MISSING_SOURCE_IMPUTED_ZERO
32739832-2481-491f-b131-f7413c07f6b2,2026-10-08,NIO,NIO,,0,MISSING_SOURCE_IMPUTED_ZERO
32739832-2481-491f-b131-f7413c07f6b2,2026-10-08,NOW,NOW,,0,MISSING_SOURCE_IMPUTED_ZERO
32739832-2481-491f-b131-f7413c07f6b2,2026-10-08,NPN.JO,NPN.JO,,0,MISSING_SOURCE_IMPUTED_ZERO
32739832-2481-491f-b131-f7413c07f6b2,2026-10-08,OCGN,OCGN,,0,MISSING_SOURCE_IMPUTED_ZERO
32739832-2481-491f-b131-f7413c07f6b2,2026-10-08,OGN,OGN,0.0,0,EXPLICIT_ZERO_UNVERIFIED
32739832-2481-491f-b131-f7413c07f6b2,2026-10-08,PATH,PATH,,0,MISSING_SOURCE_IMPUTED_ZERO
32739832-2481-491f-b131-f7413c07f6b2,2026-10-08,PL,PL,,0,MISSING_SOURCE_IMPUTED_ZERO
32739832-2481-491f-b131-f7413c07f6b2,2026-10-08,QBTS,QBTS,,0,MISSING_SOURCE_IMPUTED_ZERO
32739832-2481-491f-b131-f7413c07f6b2,2026-10-08,RACE,RACE,,0,MISSING_SOURCE_IMPUTED_ZERO
32739832-2481-491f-b131-f7413c07f6b2,2026-10-08,RGTI,RGTI,,0,MISSING_SOURCE_IMPUTED_ZERO
32739832-2481-491f-b131-f7413c07f6b2,2026-10-08,RKLB,RKLB,,0,MISSING_SOURCE_IMPUTED_ZERO
32739832-2481-491f-b131-f7413c07f6b2,2026-10-08,ROL,ROL,,0,MISSING_SOURCE_IMPUTED_ZERO
32739832-2481-491f-b131-f7413c07f6b2,2026-10-08,RR.L,RR.L,,0,MISSING_SOURCE_IMPUTED_ZERO
32739832-2481-491f-b131-f7413c07f6b2,2026-10-08,SE,SE,,0,MISSING_SOURCE_IMPUTED_ZERO
32739832-2481-491f-b131-f7413c07f6b2,2026-10-08,SGL.DE,SGL.DE,,0,MISSING_SOURCE_IMPUTED_ZERO
32739832-2481-491f-b131-f7413c07f6b2,2026-10-08,SGM.AX,SGM.AX,,0,MISSING_SOURCE_IMPUTED_ZERO
32739832-2481-491f-b131-f7413c07f6b2,2026-10-08,SHOP,SHOP,,0,MISSING_SOURCE_IMPUTED_ZERO
32739832-2481-491f-b131-f7413c07f6b2,2026-10-08,SPCX,SPCX,,0,MISSING_SOURCE_IMPUTED_ZERO
32739832-2481-491f-b131-f7413c07f6b2,2026-10-08,SU.PA,SU.PA,,0,MISSING_SOURCE_IMPUTED_ZERO
32739832-2481-491f-b131-f7413c07f6b2,2026-10-08,SYM,SYM,,0,MISSING_SOURCE_IMPUTED_ZERO
32739832-2481-491f-b131-f7413c07f6b2,2026-10-08,TE,TE,,0,MISSING_SOURCE_IMPUTED_ZERO
32739832-2481-491f-b131-f7413c07f6b2,2026-10-08,TEAM,TEAM,,0,MISSING_SOURCE_IMPUTED_ZERO
32739832-2481-491f-b131-f7413c07f6b2,2026-10-08,TOM.OL,TOM.OL,,0,MISSING_SOURCE_IMPUTED_ZERO
32739832-2481-491f-b131-f7413c07f6b2,2026-10-08,TTD,TTD,,0,MISSING_SOURCE_IMPUTED_ZERO
32739832-2481-491f-b131-f7413c07f6b2,2026-10-08,UBER,UBER,,0,MISSING_SOURCE_IMPUTED_ZERO
32739832-2481-491f-b131-f7413c07f6b2,2026-10-08,UMI.BR,UMI.BR,0.0,0,EXPLICIT_ZERO_UNVERIFIED
32739832-2481-491f-b131-f7413c07f6b2,2026-10-08,USAR,USAR,,0,MISSING_SOURCE_IMPUTED_ZERO
32739832-2481-491f-b131-f7413c07f6b2,2026-10-08,UUUU,UUUU,,0,MISSING_SOURCE_IMPUTED_ZERO
32739832-2481-491f-b131-f7413c07f6b2,2026-10-08,V,V,,0,MISSING_SOURCE_IMPUTED_ZERO
32739832-2481-491f-b131-f7413c07f6b2,2026-10-08,WDAY,WDAY,,0,MISSING_SOURCE_IMPUTED_ZERO
32739832-2481-491f-b131-f7413c07f6b2,2026-10-08,WM,WM,,0,MISSING_SOURCE_IMPUTED_ZERO
32739832-2481-491f-b131-f7413c07f6b2,2026-10-08,WYFI,WYFI,,0,MISSING_SOURCE_IMPUTED_ZERO
32739832-2481-491f-b131-f7413c07f6b2,2026-10-08,XPEV,XPEV,,0,MISSING_SOURCE_IMPUTED_ZERO
