outcome_id,claim_id,schema_version,source_commit,as_of,evaluated_at,symbol,currency,horizon_sessions,start_market_date,end_market_date,elapsed_market_sessions,path_session_count,session_dates_sha256,path_sha256,start_adjusted_close,end_adjusted_close,return,adverse_excursion,path_max_drawdown
7891c7aabc1f65f586aa6232bae9680484cb07c4b84851c78a2f9b42f1e27b86,ffdf791cc9757ab8c414668d72dcf6a8268a77ab96af34466d3cc353b72ace90,phase5b_shadow_v2,85599c6958e7a913402bbd4f7da042ac3a12769d,2026-09-24,2026-10-01T19:50:33.746254+00:00,0700.HK,HKD,5,2026-09-23,2026-09-30,5,6,8b7fca81fd8e21ae055dafebcc541cdebc065eec99c5138e740eacabbaae2525,9f16f3b97f3a916fe61b9ec010e4f2c2f0c5486325c172455b99ca5bff7a8558,441.0,431.0,-0.0226757369614512,0.0226757369614512,0.0226757369614512
abbfde30ed19d7d334e777c25989837ddd38fc216510eab42e329e7ed39e29cb,4b6a7ec10ff46a0f82f45911218193977bba54eb0f55304df36a50d0c431bfbb,phase5b_shadow_v2,85599c6958e7a913402bbd4f7da042ac3a12769d,2026-09-24,2026-10-01T19:50:33.746254+00:00,0857.HK,HKD,5,2026-09-23,2026-09-30,5,6,8b7fca81fd8e21ae055dafebcc541cdebc065eec99c5138e740eacabbaae2525,0c9e372628d61266d8273b6e2be3338dc9c6d0f60d3625ad3433e28c730c3313,9.350000381469728,9.664999961853027,0.033689793318894434,0.0,0.021320845406761157
e0cec58640cc22718b0cd92fa60901448fbd808c99a905cd21d3a7ab12d52b64,bf01a47e1ddee5753db71ac3b6c0fbee8308295619acb14e32062c97633343ff,phase5b_shadow_v2,85599c6958e7a913402bbd4f7da042ac3a12769d,2026-09-24,2026-10-01T19:50:33.746254+00:00,1211.HK,HKD,5,2026-09-23,2026-09-30,5,6,8b7fca81fd8e21ae055dafebcc541cdebc065eec99c5138e740eacabbaae2525,d06f08f423e0cc7a0d549fb7a577150379af1ef6affb67232a65a5a1efcd94e0,80.3499984741211,75.5999984741211,-0.05911636702183465,0.05911636702183465,0.05911636702183465
50148e262b52e336fcea6eb63213d8a550bb5fa74b75403a5f329ee14380eb95,d01e9a3f4b1393022ce4bac8748b1c1dec9171416a68a16599e939fd075e7b0b,phase5b_shadow_v2,85599c6958e7a913402bbd4f7da042ac3a12769d,2026-09-24,2026-10-01T19:50:33.746254+00:00,1810.HK,HKD,5,2026-09-23,2026-09-30,5,6,8b7fca81fd8e21ae055dafebcc541cdebc065eec99c5138e740eacabbaae2525,0fa2008988b39f286c73299be1b6560b2cc986e74bdd30386bc1a727c4149f55,26.18000030517578,25.239999771118164,-0.035905291180297616,0.037433137158618845,0.05191870446680513
d968ccad0e01996885e536eb152c4c97cb24118db4c331ae18b5e3d3b7841db3,a4bdef6411412a8379b6f9725a10cb4dc63091dbbcc1c5a8fd6edc939f0819f2,phase5b_shadow_v2,85599c6958e7a913402bbd4f7da042ac3a12769d,2026-09-24,2026-10-01T19:50:33.746254+00:00,3750.HK,HKD,5,2026-09-23,2026-09-30,5,6,8b7fca81fd8e21ae055dafebcc541cdebc065eec99c5138e740eacabbaae2525,a9859ab7d35d0074eeac4b93c9fee965d0648b332588660646b7da68a3d81536,511.5,484.2000122070313,-0.05337241015243144,0.05728247857862889,0.05728247857862889
143e605fe0cdb3a19fef62266bf4b60b3e328b12c4933c286deae73cdf48cfc4,18ea847ad8fdf7db3666c82bd633724a6cc2549cc0a2d5ca9f66a733f579e016,phase5b_shadow_v2,85599c6958e7a913402bbd4f7da042ac3a12769d,2026-09-24,2026-10-01T19:50:33.746254+00:00,6503.T,JPY,5,2026-09-18,2026-09-30,5,6,15d55eee3401f8e448f807288d3f92183251f8b69c41eacb2a8d441b564c6bcc,0885653572a313b2244c2065a49b786519ad39024e8dd6965ebafd3448975ae4,5096.5009765625,5205.0,0.02128892429069662,0.0,0.021482926751139497
5468e8d5b1427eba6ebd7937ee57dd2701fa66ce3c411ec683fb9b18360ef592,7a7ea2632a0a2a857a3fb6c5e58ad64aff4c1ee38c493a7bbfc0a302b3edfdf2,phase5b_shadow_v2,85599c6958e7a913402bbd4f7da042ac3a12769d,2026-09-24,2026-10-01T19:50:33.746254+00:00,6506.T,JPY,5,2026-09-18,2026-09-30,5,6,15d55eee3401f8e448f807288d3f92183251f8b69c41eacb2a8d441b564c6bcc,0962f88ae034c0808746f1b8ac68cc74379007b6be1d19556d766a6f12724cf8,4383.0,4633.0,0.057038558065252154,0.0,0.011981362325271805
b15fc641d19e249a332924ec6cc7c002a90976415a1e3c3ef376491b8ec259e2,060440e4217445915403b4e5b9932eae77e7b39638af6088cd32afb52857c1e5,phase5b_shadow_v2,85599c6958e7a913402bbd4f7da042ac3a12769d,2026-09-24,2026-10-01T19:50:33.746254+00:00,6861.T,JPY,5,2026-09-18,2026-09-30,5,6,15d55eee3401f8e448f807288d3f92183251f8b69c41eacb2a8d441b564c6bcc,10f9b91a8f6f9219834ac9affe97a0261b91dcdb00a76ae2a8b321b578d674b5,76580.0,80480.0,0.05092713502219892,0.0,0.013819095477386911
757dd1d109fc2c8b9475a50c619cc549635f65add0e354e3fdb176facadd5988,1729f6bb672693d4a3c9eb484214d3416db925c00c664ec9b8c9876cfd9bc957,phase5b_shadow_v2,85599c6958e7a913402bbd4f7da042ac3a12769d,2026-09-24,2026-10-01T19:50:33.746254+00:00,8035.T,JPY,5,2026-09-18,2026-09-30,5,6,15d55eee3401f8e448f807288d3f92183251f8b69c41eacb2a8d441b564c6bcc,c994b625932f6f40bd1bc395d0fa1974f1d787591f3b9b870f1c45e20e7f6530,10259.8857421875,11815.0,0.15157227837519138,0.0,0.003538513702606494
743f21b10b2ae5df62160c024de0ae8d50e75657c9426b48fe0ecd602f43d635,8badafb5cffd03140b2520e514a1bcd2946c3c804f63c5ae19c27b83ac3697a0,phase5b_shadow_v2,85599c6958e7a913402bbd4f7da042ac3a12769d,2026-09-24,2026-10-01T19:50:33.746254+00:00,9880.HK,HKD,5,2026-09-23,2026-09-30,5,6,8b7fca81fd8e21ae055dafebcc541cdebc065eec99c5138e740eacabbaae2525,cee5675f266d0e99c4dde6931b3caea8d5b7ae71b011cbc4ce3db667f608778b,79.05000305175781,74.3499984741211,-0.05945609609349922,0.07969643021560546,0.07969643021560546
a980606cca213fc114e7e98dcdc9102533849f48e42a5fdbb0cb090db0c72a03,d12e3f54b287f4732e7d2521072317e73ba876928b61daf22588829e7440c1ba,phase5b_shadow_v2,85599c6958e7a913402bbd4f7da042ac3a12769d,2026-09-24,2026-10-01T19:50:33.746254+00:00,9888.HK,,5,2026-09-23,2026-09-30,5,6,8b7fca81fd8e21ae055dafebcc541cdebc065eec99c5138e740eacabbaae2525,87199ee8b0aac79325eed4d4c412d140591428f83c0c3796beaea7eb952c3628,88.55000305175781,85.80000305175781,-0.031055899550817778,0.04121966572655522,0.04121966572655522
956ea4383f4b986bd62923bf47dda22f4d4b9054fb5f5b48953e356d386194e1,e90566852532dc7de4946b27a6f395fb05e49730a732b66a75167c137459d3a4,phase5b_shadow_v2,85599c6958e7a913402bbd4f7da042ac3a12769d,2026-09-24,2026-10-01T19:50:33.746254+00:00,9988.HK,,5,2026-09-23,2026-09-30,5,6,8b7fca81fd8e21ae055dafebcc541cdebc065eec99c5138e740eacabbaae2525,1acd00548f3495e6f65e3ab0301fcca407847857d15060ddbdf158805bd84ef8,109.8000030517578,106.5999984741211,-0.02914393887701694,0.03278693992220216,0.03454548228870724
dcabfc5411669c46e31e664f003fc713f066ceab339a598c9224dc8dd0686712,81f47a243888c4f9495ddf56623c619b8991b59ea39e791c15dab77331e94e3d,phase5b_shadow_v2,85599c6958e7a913402bbd4f7da042ac3a12769d,2026-09-24,2026-10-01T19:50:33.746254+00:00,AAGFF,USD,5,2026-09-23,2026-09-30,5,6,8b7fca81fd8e21ae055dafebcc541cdebc065eec99c5138e740eacabbaae2525,bed1b13352f43b2878ddd57cc3ce911e52a0de3efdc3ff402b394e23dc81eed5,0.4939999878406524,0.449999988079071,-0.08906882762064827,0.08906882762064827,0.08906882762064827
b63cca271ebfe58c8c3a4805394829492612635917bedf6212882355141c9ebe,b80565d753167c784ebf61dfc2def445d37af4b61105056a55efd00caddddfda,phase5b_shadow_v2,85599c6958e7a913402bbd4f7da042ac3a12769d,2026-09-24,2026-10-01T19:50:33.746254+00:00,AAPL,USD,5,2026-09-23,2026-09-30,5,6,8b7fca81fd8e21ae055dafebcc541cdebc065eec99c5138e740eacabbaae2525,38cd903e7dbba50d8cbef961e1a8fe4540892e09fa98486e3b9bf4ac4bd1947b,337.0199890136719,333.0199890136719,-0.01186873221290663,0.022609920377388626,0.034215888753422186
6a02d283765f6c6a7e7bc84caffbbbe40faa1575759dd10a56f9b0a234f71531,ddf32839df13a9cfea3d7029fe105802eebd0f68a95903b409ae76c45017c05e,phase5b_shadow_v2,85599c6958e7a913402bbd4f7da042ac3a12769d,2026-09-24,2026-10-01T19:50:33.746254+00:00,ABBN.SW,CHF,5,2026-09-23,2026-09-30,5,6,8b7fca81fd8e21ae055dafebcc541cdebc065eec99c5138e740eacabbaae2525,a1a42d95bad8f9d7c312e5a180796ca82890715037b73cf0000c994ef60672b5,82.41999816894531,79.41999816894531,-0.036398933106629894,0.036398933106629894,0.036398933106629894
3939cb6acf480a486a2109069a8b846696d42e0455698b8cfc69c54ada4a79f6,bb359122e5b5a0311fdd1d6466759f197971cd16576b1711ebf0b146d03d24aa,phase5b_shadow_v2,85599c6958e7a913402bbd4f7da042ac3a12769d,2026-09-24,2026-10-01T19:50:33.746254+00:00,ABT,USD,5,2026-09-23,2026-09-30,5,6,8b7fca81fd8e21ae055dafebcc541cdebc065eec99c5138e740eacabbaae2525,dbb4bf61727256de37af57f68747bd398f3d54a37affb8ac3ac53170073d8fc7,103.48999786376952,98.83000183105467,-0.045028467764093416,0.045028467764093416,0.045028467764093416
c05239ec312a49f762171668ee5ff9cf31e5425d9575dacb2e15b8376f49a4cd,dd62ab99b84b7b75eefe6ed6e88513f942a27e2308f59a1410f4df1d0c7fbddd,phase5b_shadow_v2,85599c6958e7a913402bbd4f7da042ac3a12769d,2026-09-24,2026-10-01T19:50:33.746254+00:00,ABX.TO,CAD,5,2026-09-23,2026-09-30,5,6,8b7fca81fd8e21ae055dafebcc541cdebc065eec99c5138e740eacabbaae2525,6d54bd9f3ec6b0b88da72c91e32614d6e1550711a9de6d76c1cb95a96ecf1acb,59.84999847412109,57.869998931884766,-0.03308269996184654,0.03308269996184654,0.0466227643407634
be3376fa4617d33aa33bcf238f8f22a96b26123984f090a93fd667343f2a4211,bbf553c9d3fb1c127d438403bb6aa9ecc98cf33d1425f6226f65345497d08503,phase5b_shadow_v2,85599c6958e7a913402bbd4f7da042ac3a12769d,2026-09-24,2026-10-01T19:50:33.746254+00:00,ACB.TO,,5,2026-09-23,2026-09-30,5,6,8b7fca81fd8e21ae055dafebcc541cdebc065eec99c5138e740eacabbaae2525,a63b5e208fbbe44a38a2de7e9661f803db3d915763156e26938c1c44602e0602,5.940000057220459,5.559999942779541,-0.06397308262295431,0.06397308262295431,0.06397308262295431
9430c274cbf882f59dd528aca6c274f393b40b968b190d1d64a520d1c935030b,cebb5eef1252e0321d0b63a657b8d349bb4bcde9c492d283e14666cae9a5bae9,phase5b_shadow_v2,85599c6958e7a913402bbd4f7da042ac3a12769d,2026-09-24,2026-10-01T19:50:33.746254+00:00,ADBE,USD,5,2026-09-23,2026-09-30,5,6,8b7fca81fd8e21ae055dafebcc541cdebc065eec99c5138e740eacabbaae2525,93498b9f56362517de88f454a2466f236d4084b5846a29a32a57ccd48f69386c,240.69000244140625,239.94000244140625,-0.0031160413494224493,0.04021773998247724,0.04021773998247724
deb172ad7144828f4fecd9a7ae5e12c4523f5c4a361a7b8205f55360b6c04a3b,d9aafa224d5377eaa7a0e747d1b6c2d3a4a5d3a199288d7e99b3ac2b9e86b12a,phase5b_shadow_v2,85599c6958e7a913402bbd4f7da042ac3a12769d,2026-09-24,2026-10-01T19:50:33.746254+00:00,AEM,USD,5,2026-09-23,2026-09-30,5,6,8b7fca81fd8e21ae055dafebcc541cdebc065eec99c5138e740eacabbaae2525,ff621be31e0bf93bb629fc84fdfb4df8afdefbb23efec2d5ffc4b4cb99df7c0b,195.57000732421875,183.2700042724609,-0.0628930950100478,0.0628930950100478,0.0628930950100478
c6c7d763bf974fe8780542b5b7ef4e5e11ae77102a5fdd33d1a7a1d20d49d39c,54cad8786a64ec6c0471fd3dd740d0e8e15605d275aea4c5dfa49b47207b2730,phase5b_shadow_v2,85599c6958e7a913402bbd4f7da042ac3a12769d,2026-09-24,2026-10-01T19:50:33.746254+00:00,AG.TO,CAD,5,2026-09-23,2026-09-30,5,6,8b7fca81fd8e21ae055dafebcc541cdebc065eec99c5138e740eacabbaae2525,2db01c1bfde3042f503b8a33fa5f67a57c0e48b8a0f8415804a97e86273c4abb,26.8700008392334,25.18000030517578,-0.06289544031535776,0.06289544031535776,0.06428835198981608
267956ada795087d82c440a8b4a64fe9db884b93a8a9166fec65c2726a116f76,ad024485ac0e17e1ab6186e4ca6d1275a0da60cb115a6b0057fa938d4df90533,phase5b_shadow_v2,85599c6958e7a913402bbd4f7da042ac3a12769d,2026-09-24,2026-10-01T19:50:33.746254+00:00,AGI.TO,CAD,5,2026-09-23,2026-09-30,5,6,8b7fca81fd8e21ae055dafebcc541cdebc065eec99c5138e740eacabbaae2525,078d9a78acfc90667e037768d3dbbcd2dbe1600c6f799edce5fd17d5c1ecc798,48.56999969482422,46.06999969482422,-0.051472102444060974,0.051472102444060974,0.05652267115982734
29df608865ba7e89f9934ac691d2962800f6241842351539054ab0633b4f23d2,ac47495d89bdd527fefc9d934bd9ed0ef76f80eb2af0e99d783e0642d2fe4600,phase5b_shadow_v2,85599c6958e7a913402bbd4f7da042ac3a12769d,2026-09-24,2026-10-01T19:50:33.746254+00:00,ALB,USD,5,2026-09-23,2026-09-30,5,6,8b7fca81fd8e21ae055dafebcc541cdebc065eec99c5138e740eacabbaae2525,5e9da61c3ff5bb2b963a279a332a67e1f45f898f99ea9e0b006c21492e1e27be,113.47000122070312,105.77999877929688,-0.06777123784857397,0.06777123784857397,0.06777123784857397
be1db14eb99f2b94d8c097587b45e472b0fcb0dc68fc6f881e2985c77c4c3116,ec88cee39b3a192dfc3b43db7328da41cd6a812b8cd949dbfae71c60c78092be,phase5b_shadow_v2,85599c6958e7a913402bbd4f7da042ac3a12769d,2026-09-24,2026-10-01T19:50:33.746254+00:00,ALV.DE,EUR,5,2026-09-23,2026-09-30,5,6,8b7fca81fd8e21ae055dafebcc541cdebc065eec99c5138e740eacabbaae2525,84b282b47b167c25b9aff4665847de49bb9699744a4b2283570f62dc80e0ff02,413.1000061035156,416.2999877929688,0.007746263960720645,0.0,0.021621650310296614
5406b62104bb2ce413c16cb2b01ccd769691d39bb9bfa824501eb0197e9fe55a,2598be0f07bb2f46f03e0133e2967724f8ad917994a3b3453b98881b7b4d93ea,phase5b_shadow_v2,85599c6958e7a913402bbd4f7da042ac3a12769d,2026-09-24,2026-10-01T19:50:33.746254+00:00,AMAT,USD,5,2026-09-23,2026-09-30,5,6,8b7fca81fd8e21ae055dafebcc541cdebc065eec99c5138e740eacabbaae2525,754e57752613e69318bde40b24e36bbfc3c5fb6f38bd1fd207ec2b75410e25c1,474.3800048828125,511.3800048828125,0.07799654205311679,0.00027405219755127774,0.0012304542309649058
c267301e3afbcd0267d24e241c83156e43590d1bb3d1db82c22fd463eab31742,39dc5f4251f4114bfef15d2e5164996510df1949b54d022fb98a1276892942be,phase5b_shadow_v2,85599c6958e7a913402bbd4f7da042ac3a12769d,2026-09-24,2026-10-01T19:50:33.746254+00:00,AMKR,,5,2026-09-23,2026-09-30,5,6,8b7fca81fd8e21ae055dafebcc541cdebc065eec99c5138e740eacabbaae2525,ffcde62f34f8e5bce4bc62db654c6620260a59469f7549b7154c7798a07fdda1,53.31999969482422,52.380001068115234,-0.017629381697093827,0.017629381697093827,0.03250828114840565
3b16c886f93f46b9b1d2510044969727bd7d02c9c584376ad7ed94f252f5b4da,efad79a280b54e14d8f5058b6cb6c79b9d57c1e8d54a2affe5b81816eaac3c79,phase5b_shadow_v2,85599c6958e7a913402bbd4f7da042ac3a12769d,2026-09-24,2026-10-01T19:50:33.746254+00:00,AMZN,USD,5,2026-09-23,2026-09-30,5,6,8b7fca81fd8e21ae055dafebcc541cdebc065eec99c5138e740eacabbaae2525,18847af918bf962d2e49394b0f956bad47b924dd173604f00842ccd485fd825c,249.2700042724609,249.1499938964844,-0.0004814473218579529,0.01251658973201697,0.014098627381248341
f13423f80c60745af3fe2a7a0d0c705df3a503cf514483ceb5e17675df0683fc,f48c0af295a24268a5194a1affabe06a8c52051680bcae454f12aab6d1407849,phase5b_shadow_v2,85599c6958e7a913402bbd4f7da042ac3a12769d,2026-09-24,2026-10-01T19:50:33.746254+00:00,APLD,USD,5,2026-09-23,2026-09-30,5,6,8b7fca81fd8e21ae055dafebcc541cdebc065eec99c5138e740eacabbaae2525,d6bac67b1a8433fa0ef747479be2121b39983998004543fbeedbad0ce9a4d137,27.229999542236328,24.3700008392334,-0.10503116970555948,0.10503116970555948,0.10503116970555948
c4eae77d0f0a41e419b7baf2febe7f48bc21d9ce0355dcbd6110cf4505f6526f,4e504e6c62dbdfc4dbd3591fcd249ab406ac0b136ae78de7ecf5093c7ed73eee,phase5b_shadow_v2,85599c6958e7a913402bbd4f7da042ac3a12769d,2026-09-24,2026-10-01T19:50:33.746254+00:00,APP,USD,5,2026-09-23,2026-09-30,5,6,8b7fca81fd8e21ae055dafebcc541cdebc065eec99c5138e740eacabbaae2525,bcd34556796fc3054f3b9acf1ace6d4547361e70487d17acf5caa06b0056ac08,315.25,290.42999267578125,-0.07873118897452414,0.07873118897452414,0.07873118897452414
bf3b18354c3a55e32e28b38420f06444f5f864880235dde1da89f9e4818463e9,ec8e4ea4859b70ccc095f93435197a0794e83d31cfe2b0574abe15cee083967a,phase5b_shadow_v2,85599c6958e7a913402bbd4f7da042ac3a12769d,2026-09-24,2026-10-01T19:50:33.746254+00:00,ASM.TO,CAD,5,2026-09-23,2026-09-30,5,6,8b7fca81fd8e21ae055dafebcc541cdebc065eec99c5138e740eacabbaae2525,f392b9751d6d6d8dff4e908aec4bb89fbda37a038bc7439fdb49cb5c5b0b8398,8.5,7.900000095367432,-0.07058822407441978,0.07058822407441978,0.07058822407441978
dd15f4cc4db07b25ecbd2dee142eb8b4c1418e34762f649f451fc85011d70541,a327736d27b4e93993095d6ca230e2f7936cb0376228789014dff3c009e441ce,phase5b_shadow_v2,85599c6958e7a913402bbd4f7da042ac3a12769d,2026-09-24,2026-10-01T19:50:33.746254+00:00,ASML,USD,5,2026-09-23,2026-09-30,5,6,8b7fca81fd8e21ae055dafebcc541cdebc065eec99c5138e740eacabbaae2525,e4187091f18355f33114509555a75d6c050f00721774c882dc609657b22f76da,1744.6099853515625,1811.6700439453125,0.038438424150275985,0.012673311248477703,0.012673311248477703
e9f12e0108d4dee2a60d4c747ccd5904fc00cc6ccdfe335c66a516dccf3aa910,d81b3ce6e5569806d904ff00217b3602224efffdb56f0376214fe4d36b0924fd,phase5b_shadow_v2,85599c6958e7a913402bbd4f7da042ac3a12769d,2026-09-24,2026-10-01T19:50:33.746254+00:00,ASTS,,5,2026-09-23,2026-09-30,5,6,8b7fca81fd8e21ae055dafebcc541cdebc065eec99c5138e740eacabbaae2525,cd80fe5e8b2c84d1b55ba423f6731d3e5b583a78554b8b47f2f5a1dd507b84d1,59.97999954223633,58.86000061035156,-0.018672873298308246,0.018672873298308246,0.04772691631445569
442e8c47f5e8596fc3e0bb377a09d988d08161270fc437953dbfebdc1489ce05,7cf2c934c22526c3a6b633a1060a054eb94d98f97abcbec37bc9d025a7d24eb9,phase5b_shadow_v2,85599c6958e7a913402bbd4f7da042ac3a12769d,2026-09-24,2026-10-01T19:50:33.746254+00:00,ASX,,5,2026-09-23,2026-09-30,5,6,8b7fca81fd8e21ae055dafebcc541cdebc065eec99c5138e740eacabbaae2525,6ef536fe95965f3be686e665e8df9ecf6fd2b9239b4431350e5ea8d5eae47ed7,43.93000030517578,44.459999084472656,0.012064620432848727,0.00978830644636075,0.018759705651199
4e27f8361a3bcfc33ed5bdb3ccb5e0d8e1ff54a59c8044a88e91cb76e423c1f4,7901455025601a6781bc6a405afb1915bea5ef9dc36a1f16ecb359e47b68a89c,phase5b_shadow_v2,85599c6958e7a913402bbd4f7da042ac3a12769d,2026-09-24,2026-10-01T19:50:33.746254+00:00,AUTO.OL,NOK,5,2026-09-23,2026-09-30,5,6,8b7fca81fd8e21ae055dafebcc541cdebc065eec99c5138e740eacabbaae2525,1dbef5e94e7fbf1300bbbfbdfbf7339d7645347ca507d88e36e0f4208bd65cf6,15.920000076293944,15.510000228881836,-0.02575375913613387,0.02575375913613387,0.02575375913613387
98e8c7a1d8866fe7a3c09335028d4284dc0d05bbc65dfdec43e9d7ae82b9f2a3,a0fdb61fa20aeec018d5282cc3d856498f214f574b4e0dd791afd4bc1d00dee8,phase5b_shadow_v2,85599c6958e7a913402bbd4f7da042ac3a12769d,2026-09-24,2026-10-01T19:50:33.746254+00:00,AVAV,USD,5,2026-09-23,2026-09-30,5,6,8b7fca81fd8e21ae055dafebcc541cdebc065eec99c5138e740eacabbaae2525,5d0c0461d4e28f7cd9acbc82f49f850bc94c721f7d289aae66cdeaefb06c99e3,155.94000244140625,142.22000122070312,-0.08798256384443981,0.08798256384443981,0.10299590991318897
3481c78fb26e6184f25bb4ba296dc2921d20a65c2ed71a013691f32d3fc91f51,8f5e815c75febdd4d38a06963d0584aec03c96fd791bcc204cdde4dc853fa287,phase5b_shadow_v2,85599c6958e7a913402bbd4f7da042ac3a12769d,2026-09-24,2026-10-01T19:50:33.746254+00:00,AXON,USD,5,2026-09-23,2026-09-30,5,6,8b7fca81fd8e21ae055dafebcc541cdebc065eec99c5138e740eacabbaae2525,6d791d9f0d128c9499de5e02805b6aded8ccc26c37c3acf1d4c4e4140e56be19,450.6099853515625,422.5199890136719,-0.06233771387905451,0.06886220853514269,0.06886220853514269
7979189c16670fed3756cec7fe3ae7da95a753e5255112da835e796b683e7579,fe67815cd22be6552e5ceaf5c3f98645dae8417da2a3c1a16eeddbe8827d58aa,phase5b_shadow_v2,85599c6958e7a913402bbd4f7da042ac3a12769d,2026-09-24,2026-10-01T19:50:33.746254+00:00,BAS.DE,EUR,5,2026-09-23,2026-09-30,5,6,8b7fca81fd8e21ae055dafebcc541cdebc065eec99c5138e740eacabbaae2525,ec7616e1160f45415d0f3c1b95802eb087cb1b2efd0f2ccfc4baef028ce2b859,52.18000030517578,50.18000030517578,-0.038328861408642334,0.042928356944540225,0.045124295311255724
88d1ba3ab011e2645978cb895f0e915afd820c5c30142092ab4beb46e53b1a58,4469f2dab2584e4376630f69f63ae693455cec447b3c713c447781347b96a580,phase5b_shadow_v2,85599c6958e7a913402bbd4f7da042ac3a12769d,2026-09-24,2026-10-01T19:50:33.746254+00:00,BAYN.DE,EUR,5,2026-09-23,2026-09-30,5,6,8b7fca81fd8e21ae055dafebcc541cdebc065eec99c5138e740eacabbaae2525,a83f7a23e6921d598a05fb6fac8e830fc60ce863bff3f2fb7c871fe8202bbc09,49.310001373291016,47.95000076293945,-0.027580624061556258,0.027580624061556258,0.056102333010310534
ada0db27d424420b82e653ae8f8c19d9406b5fc043c718a676d3edfc74b3d2fc,1abfc616c7487a354982526da9115fc08c11185c01b4d32c45c4b48c987c7f6e,phase5b_shadow_v2,85599c6958e7a913402bbd4f7da042ac3a12769d,2026-09-24,2026-10-01T19:50:33.746254+00:00,BIDU,USD,5,2026-09-23,2026-09-30,5,6,8b7fca81fd8e21ae055dafebcc541cdebc065eec99c5138e740eacabbaae2525,499e0f45a4342bc552836552a44d45521e28317a1f25bdf936ab6a66aedd790f,89.77999877929688,86.87000274658203,-0.032412520297181,0.034194695216816506,0.034194695216816506
663e039cee72485dfc8d729f47ef66211b14ff3599376f6bd3a8cea0bb566a61,2ccaee5c9c493827346e34872afb1f5c1c1b48a2950a97531263780c0c77dd14,phase5b_shadow_v2,85599c6958e7a913402bbd4f7da042ac3a12769d,2026-09-24,2026-10-01T19:50:33.746254+00:00,BLK,USD,5,2026-09-23,2026-09-30,5,6,8b7fca81fd8e21ae055dafebcc541cdebc065eec99c5138e740eacabbaae2525,9b0559c0e4ae89b669db830a211a8d9e7500a377988d97976ede20c1ab3a813a,1060.8900146484375,1058.2900390625,-0.0024507494179771827,0.0024507494179771827,0.02579375870598355
0487c4208bbb5d0e2ddd3c7553eb893c59ce5e1fa0b6a5c5f729e1aa48f7fb56,a994674f7fd9582a95bcdaed77fcbb65b11a995b1d6dd74a9ba106a72558cff3,phase5b_shadow_v2,85599c6958e7a913402bbd4f7da042ac3a12769d,2026-09-24,2026-10-01T19:50:33.746254+00:00,BTO.TO,CAD,5,2026-09-23,2026-09-30,5,6,8b7fca81fd8e21ae055dafebcc541cdebc065eec99c5138e740eacabbaae2525,fc2d93d755f5967778069d92d47d40d405fdc728b27791b2d398100290eecb43,7.539999961853027,7.429999828338623,-0.014588877197735495,0.014588877197735495,0.03880985640292678
c038484c1f31ccaa65f0cba9028deb03ae60fec46e52146c45588e1ae502eed5,9d96089da218ced7ae379356ae7309436d64d6b9981f8f698f3bc2e19e7257e0,phase5b_shadow_v2,85599c6958e7a913402bbd4f7da042ac3a12769d,2026-09-24,2026-10-01T19:50:33.746254+00:00,CCJ,USD,5,2026-09-23,2026-09-30,5,6,8b7fca81fd8e21ae055dafebcc541cdebc065eec99c5138e740eacabbaae2525,e26534941a8a8422ca0b33f937a390cd31f586d021af3871e5d6f015b5a11082,90.8000030517578,86.66999816894531,-0.045484633744541814,0.045484633744541814,0.045484633744541814
ffce7343fd0d83e4f14becc8ef11a4d843835b5260c6d91c803bb15c2729b8d8,9e1a7e5cab6da13fc7f5fbb277c06748209732de03bb01a92fba38eac0615538,phase5b_shadow_v2,85599c6958e7a913402bbd4f7da042ac3a12769d,2026-09-24,2026-10-01T19:50:33.746254+00:00,CDNL,USD,5,2026-09-23,2026-09-30,5,6,8b7fca81fd8e21ae055dafebcc541cdebc065eec99c5138e740eacabbaae2525,15c37e87c23c0a28b064d026ea40c531bc9ed8a6e7c8c32ff0fe0e5286e53c02,28.68000030517578,30.600000381469727,0.06694560864239074,0.04567641046035731,0.04567641046035731
5c41050c9ea22440f88872c7706c81130ee34a7a4240b526fe6330ef0f220d85,def65f146d8a2b7ccf85359582c34931b86ba65f51f63e6320e96fd67d68c563,phase5b_shadow_v2,85599c6958e7a913402bbd4f7da042ac3a12769d,2026-09-24,2026-10-01T19:50:33.746254+00:00,CGNX,USD,5,2026-09-23,2026-09-30,5,6,8b7fca81fd8e21ae055dafebcc541cdebc065eec99c5138e740eacabbaae2525,d0c51a17c79cd31a16fdf7f5371a9bfe74c9d9c7f022770d86b092065e17cd9d,58.18999862670898,60.650001525878906,0.04227535585540987,0.008420654327780275,0.008420654327780275
5a2a57d8f825438e91e85b44458d04eb9336522c735d6b3b5ca94d26e66389cd,6240aa04d8efa331c7d629e836bb5cdf748d7501f5ea0c1a0e84e1753a693e8d,phase5b_shadow_v2,85599c6958e7a913402bbd4f7da042ac3a12769d,2026-09-24,2026-10-01T19:50:33.746254+00:00,CME,USD,5,2026-09-23,2026-09-30,5,6,8b7fca81fd8e21ae055dafebcc541cdebc065eec99c5138e740eacabbaae2525,e6682a0ef21b3aeb67493599dc39022c4588e9a4900f2ac16c92489cb8ee7b58,270.79998779296875,261.9800109863281,-0.032570078302158745,0.032570078302158745,0.032570078302158745
983840aadd859675aa202105848310ec2368b304e87c797cc2a050f0f21a41a0,cda9293090e9f1e0b2160b1385cedeeebe03ac9a776202b5b1dc1f0d4dc5098c,phase5b_shadow_v2,85599c6958e7a913402bbd4f7da042ac3a12769d,2026-09-24,2026-10-01T19:50:33.746254+00:00,CNC,USD,5,2026-09-23,2026-09-30,5,6,8b7fca81fd8e21ae055dafebcc541cdebc065eec99c5138e740eacabbaae2525,c4371df411819af76737d9a40d5e832ac35360f62df02dc50e82e42cd604d9b1,62.08000183105469,62.119998931884766,0.0006442831773576518,0.004188178617295146,0.006556850398466096
adb350cb8db5aa97fb681449704455ad4a49e8d9bb3c784357ea749a773507d3,04324ff98c4ab3818a1073297d5e63799644618dbad05002acd56a7338560612,phase5b_shadow_v2,85599c6958e7a913402bbd4f7da042ac3a12769d,2026-09-24,2026-10-01T19:50:33.746254+00:00,COIN,USD,5,2026-09-23,2026-09-30,5,6,8b7fca81fd8e21ae055dafebcc541cdebc065eec99c5138e740eacabbaae2525,e359b7f18193d7ed75ee8cff7082cc6400da5b9bcc5f9e3c11eb1d642c192e6d,198.1300048828125,186.41000366210935,-0.059153086013575606,0.059153086013575606,0.06425381567374255
4274040bcc300e341b73ce673447afd179b25fe54086e66f38b9c43fc2910917,f175b491a4577e1afef72a3274a3913269c9196f534abeba554c10f8b5f0d24a,phase5b_shadow_v2,85599c6958e7a913402bbd4f7da042ac3a12769d,2026-09-24,2026-10-01T19:50:33.746254+00:00,CPB,USD,5,2026-09-23,2026-09-30,5,6,8b7fca81fd8e21ae055dafebcc541cdebc065eec99c5138e740eacabbaae2525,e3fe6165fc457a63ffef8af1dd25fd26328e229d76a5ae4bc03b3a23790c0492,20.34000015258789,19.82999992370605,-0.025073757377378936,0.0476892480864155,0.0476892480864155
0ef677e822a07de1b29a1d0759e9ed03044b0e3037667e63772d44467049dc7b,f77ad4406b50fc0cd433a23178d194ab9b4e16459943063a0aed330bba85a020,phase5b_shadow_v2,85599c6958e7a913402bbd4f7da042ac3a12769d,2026-09-24,2026-10-01T19:50:33.746254+00:00,CRWV,USD,5,2026-09-23,2026-09-30,5,6,8b7fca81fd8e21ae055dafebcc541cdebc065eec99c5138e740eacabbaae2525,e65311d49634bc8a65422f1eb12d07240bb3c4a6a727dc1ed13c249394cd3445,86.9000015258789,87.12000274658203,0.002531659572383438,0.02105870884835037,0.056141104102850115
9189d0f993bd76194b8f405a7acfef9faa9c19ca2c04f3688b6e0e8882f4f5f0,08e73e50d576de5481e690c1f233a808946b9e286c5991eb58f2678ee4becd05,phase5b_shadow_v2,85599c6958e7a913402bbd4f7da042ac3a12769d,2026-09-24,2026-10-01T19:50:33.746254+00:00,CSTM,USD,5,2026-09-23,2026-09-30,5,6,8b7fca81fd8e21ae055dafebcc541cdebc065eec99c5138e740eacabbaae2525,661d7b336365687eb0325cbbc5352c1b23c3342a41e3518264ffe004107bc2b1,24.959999084472656,24.190000534057617,-0.030849302029584025,0.030849302029584025,0.030849302029584025
31b13823bab130d1bb9599fcea139558157efe2f202bb244fb33cd5d3b6a7eef,2d883632faba39d0d59c64d2623d1e3fe2350a1ca1503a5eb1eb1a39424c08bb,phase5b_shadow_v2,85599c6958e7a913402bbd4f7da042ac3a12769d,2026-09-24,2026-10-01T19:50:33.746254+00:00,CVX,USD,5,2026-09-23,2026-09-30,5,6,8b7fca81fd8e21ae055dafebcc541cdebc065eec99c5138e740eacabbaae2525,55d8261638dbaa60d070de58ad05eeffcdd271cdb1266d3bd6909db3a6d9e744,205.50999450683597,204.2100067138672,-0.006325667012392122,0.006325667012392122,0.010466581646686346
096019cc4dc25558801a036aa1f33c2d85cd2bbb8ed06604199753d135c4f68b,8e43aec8d0cd80580a71277892120f0f683c89b5369e131cc45e1f307f23c65a,phase5b_shadow_v2,85599c6958e7a913402bbd4f7da042ac3a12769d,2026-09-24,2026-10-01T19:50:33.746254+00:00,DB1.DE,EUR,5,2026-09-23,2026-09-30,5,6,8b7fca81fd8e21ae055dafebcc541cdebc065eec99c5138e740eacabbaae2525,c7a7a72e4cc7e46f410650e7e8091b3419db44163c9e085039844f8d021e7366,282.29998779296875,286.1000061035156,0.013460922688150134,0.0,0.0034831068573347723
ba0db23b7c973404b3371b7a87858247d3923c054d0274bbae7f5350a3dff5ec,3f53e8e043aa151ef4b656d0067a25c308592a14d88c9ee0c8f93af3a85ac5f2,phase5b_shadow_v2,85599c6958e7a913402bbd4f7da042ac3a12769d,2026-09-24,2026-10-01T19:50:33.746254+00:00,DIS,USD,5,2026-09-23,2026-09-30,5,6,8b7fca81fd8e21ae055dafebcc541cdebc065eec99c5138e740eacabbaae2525,8147894e6857b3bd750f410596863dde79593e3191b6914c5b56acdfc7d0269e,103.45999908447266,104.9000015258789,0.0139184462995261,0.0,0.01177578880858754
e1af5246d9b7f1c0d8ce41f7920e4f7c3b9fcadd4e21aebf70e03dd85684970d,4e5f420a2ff06ebf5ab2a9ac42ec71c2a2967e4ceb90183b1ce506993d259cac,phase5b_shadow_v2,85599c6958e7a913402bbd4f7da042ac3a12769d,2026-09-24,2026-10-01T19:50:33.746254+00:00,DRO.AX,AUD,5,2026-09-23,2026-09-30,5,6,8b7fca81fd8e21ae055dafebcc541cdebc065eec99c5138e740eacabbaae2525,6c21029d01727d4d7ce0df1790c5b33259fe3c7992da3cea2c162211b3b65a62,1.6150000095367432,1.7000000476837158,0.05263160225698993,0.02476777809091235,0.02777775120506243
55549571539675e3a291e796938d054ffb641f78c275ccb26458c2e00f1d525b,252b8af3068cab6346efff172e9cdd585b495f10d857925524728d4793607353,phase5b_shadow_v2,85599c6958e7a913402bbd4f7da042ac3a12769d,2026-09-24,2026-10-01T19:50:33.746254+00:00,DSV.TO,CAD,5,2026-09-23,2026-09-30,5,6,8b7fca81fd8e21ae055dafebcc541cdebc065eec99c5138e740eacabbaae2525,d3c05dd8b7a74df2fd46fb1b45564413fd63ebf540c212716907bccb42cfa36b,12.359999656677246,12.279999732971191,-0.006472485916521498,0.012944971833043106,0.02555915629380845
828a45e4fbd07fb4a00452f08acb7bbaeff3c33e8afe61dc4f9163eafcd1a977,640c6817c76f5aaf2080c5035462007a4d14b265440bb53b9830aaab24a7807c,phase5b_shadow_v2,85599c6958e7a913402bbd4f7da042ac3a12769d,2026-09-24,2026-10-01T19:50:33.746254+00:00,DVLT,USD,5,2026-09-23,2026-09-30,5,6,8b7fca81fd8e21ae055dafebcc541cdebc065eec99c5138e740eacabbaae2525,3c1629fa3616bd9103e5239ff6ef7318ca09b808c64ea12014405dedd3a8231a,0.1500000059604644,0.1599999964237213,0.06666660043928685,0.0,0.06249994179233831
f08cc4af22cdbd18e34654ffd27dc429fd8a7cae9130ce995bcf49c1b3dfcaa0,842ae98968e4e96045bbfaa0959093012e191a19274920a783115180efd67bf5,phase5b_shadow_v2,85599c6958e7a913402bbd4f7da042ac3a12769d,2026-09-24,2026-10-01T19:50:33.746254+00:00,EDR.TO,CAD,5,2026-09-23,2026-09-30,5,6,8b7fca81fd8e21ae055dafebcc541cdebc065eec99c5138e740eacabbaae2525,a3b7594e1ffd10f8be3420bb251dd2f98ed33f3738b3f236f4b822af947452c6,13.050000190734863,12.199999809265137,-0.06513412789627415,0.06513412789627415,0.08201656551667225
b49384ecf715a343f76369468420107accd1e2c0a803369eac80f4135e816b75,616b16f078ddd8e200901cfff8de3e8f99dadb42e11f0d2054780bdf6f59acf8,phase5b_shadow_v2,85599c6958e7a913402bbd4f7da042ac3a12769d,2026-09-24,2026-10-01T19:50:33.746254+00:00,ENR.DE,EUR,5,2026-09-23,2026-09-30,5,6,8b7fca81fd8e21ae055dafebcc541cdebc065eec99c5138e740eacabbaae2525,eedac84f7ad6b43d2d2995aabab56f6a75579ab3893e4765a84f80f7600bf6f6,144.5399932861328,142.60000610351562,-0.01342180208059629,0.025321631197774863,0.025321631197774863
43ca8141661152a252aa5ce332a11203adc18e0ae9fcc08e70b6708587cf79ec,f7348c477179c97764dd81d50827dcec1634d2efbe4249998499fbece09dd355,phase5b_shadow_v2,85599c6958e7a913402bbd4f7da042ac3a12769d,2026-09-24,2026-10-01T19:50:33.746254+00:00,ENSG,USD,5,2026-09-23,2026-09-30,5,6,8b7fca81fd8e21ae055dafebcc541cdebc065eec99c5138e740eacabbaae2525,2efe80c370d06912311ff4a97357b7ad46553c3b13ed0651fc8f2d9f193f1649,175.39503479003906,172.0,-0.01935650455614768,0.01935650455614768,0.024360875079379674
5d392bccc9751f686c66daec98c8ecf0895380df2ed5720126eeebe17397b8f1,4304d006634d35bc2f017cb6be41b9b8e63dc4847388b8700ec550cd3ef3fb35,phase5b_shadow_v2,85599c6958e7a913402bbd4f7da042ac3a12769d,2026-09-24,2026-10-01T19:50:33.746254+00:00,EQX.TO,CAD,5,2026-09-23,2026-09-30,5,6,8b7fca81fd8e21ae055dafebcc541cdebc065eec99c5138e740eacabbaae2525,247fa86cdf08de9ebbf5f38d6be6d905354669922f6a368cc0d9328c69336f85,17.010000228881836,15.800000190734863,-0.07113462797563486,0.07113462797563486,0.07113462797563486
6b7978ca8b9718096d547dcbb50650167cd234d5447e72272805e34e2a08ac9d,5a38710b64df4fcf53e913d4f443434221c33809edb2949ea000fc7bc74c9ef2,phase5b_shadow_v2,85599c6958e7a913402bbd4f7da042ac3a12769d,2026-09-24,2026-10-01T19:50:33.746254+00:00,ETN,USD,5,2026-09-23,2026-09-30,5,6,8b7fca81fd8e21ae055dafebcc541cdebc065eec99c5138e740eacabbaae2525,34ba8c45b2c691729887edab91476f27711c1417f6ef7830d0e31229dc5df04c,438.760009765625,429.7099914550781,-0.020626351784842845,0.020626351784842845,0.023386383056640647
9bdabccf1b130c5271b94943cf2d169848e8ddc0c295d5781b298297ca4da0e2,2e6bb3a6f79331182ab0744462f7d23ff3ca3c05ddd996d1ab91c114f4943e69,phase5b_shadow_v2,85599c6958e7a913402bbd4f7da042ac3a12769d,2026-09-24,2026-10-01T19:50:33.746254+00:00,FANUY,USD,5,2026-09-23,2026-09-30,5,6,8b7fca81fd8e21ae055dafebcc541cdebc065eec99c5138e740eacabbaae2525,20a0d897b697ff706cfca07714bfd593bda8af93e40f976361dfcaeda3de9f14,18.76000022888184,18.8700008392334,0.005863571908821585,0.0,0.017699024541551256
be9785fb060d295ca3a4c6cc5fd65b7ad9e7fad339f4ae58fa407740a61640a0,f37cc29d8aa7bb0064738686da17afcffe291fccec512ec4858be208ebe3950e,phase5b_shadow_v2,85599c6958e7a913402bbd4f7da042ac3a12769d,2026-09-24,2026-10-01T19:50:33.746254+00:00,FCX,USD,5,2026-09-23,2026-09-30,5,6,8b7fca81fd8e21ae055dafebcc541cdebc065eec99c5138e740eacabbaae2525,b9dbd5008dbf4c1cab1f9eb203383e51b5580c954b907fb7e746f5c2edb6c4fb,72.58000183105469,70.0,-0.03554700697115143,0.03554700697115143,0.03554700697115143
08eaa07e656c9407a31fad7aeca4e6b317f1d1b126439060b4c6bd7c1ab9b04c,5a860243875cedcefef5955a0c9081ea3e030ed08fc6fdc76b8af208ed92482c,phase5b_shadow_v2,85599c6958e7a913402bbd4f7da042ac3a12769d,2026-09-24,2026-10-01T19:50:33.746254+00:00,FIGR,USD,5,2026-09-23,2026-09-30,5,6,8b7fca81fd8e21ae055dafebcc541cdebc065eec99c5138e740eacabbaae2525,6af556cdd43042f7dd8ff389f887270de18045800d302773e8514db87af62dab,34.65999984741211,28.850000381469727,-0.1676283754045137,0.1676283754045137,0.1676283754045137
58a4cd9eba907b321da0bf40633ebd766d818109a6a9482ccf665ddb051d53c1,4bc0342def8bda02bffa18d79a00626ddedafe91e4c29b88d4a81b6fb99f725f,phase5b_shadow_v2,85599c6958e7a913402bbd4f7da042ac3a12769d,2026-09-24,2026-10-01T19:50:33.746254+00:00,FISV,USD,5,2026-09-23,2026-09-30,5,6,8b7fca81fd8e21ae055dafebcc541cdebc065eec99c5138e740eacabbaae2525,24f115308b99b3fa79d873f33d25cf1969530246535bec17dd27de34dec73b7e,45.95000076293945,45.18000030517578,-0.016757354624131082,0.016757354624131082,0.0279690027939703
717e35e3e53b9486cbec6d50593c1cc954177674bd0d5e1903c52dac7965c361,a3ecc7b7b01e9cad61c98fce9684904f4691c2fe07a6aa5dbe3210b5b0228f98,phase5b_shadow_v2,85599c6958e7a913402bbd4f7da042ac3a12769d,2026-09-24,2026-10-01T19:50:33.746254+00:00,FLNC,USD,5,2026-09-23,2026-09-30,5,6,8b7fca81fd8e21ae055dafebcc541cdebc065eec99c5138e740eacabbaae2525,91e694a1a0b83fdc56727404d2235c9354cd4f10991ce560fa8eccec8412dc8f,7.579999923706055,7.679999828338623,0.01319259968853359,0.015831119626240175,0.0445859756540915
c437e071172f70d9a0e58e0be3c374658ac2bc0035abae99c9137cdc41cd786f,34369d7c60d60b66c8a51e2285b863b08ef89c3bb3624b68bba9c84bd69f7c1d,phase5b_shadow_v2,85599c6958e7a913402bbd4f7da042ac3a12769d,2026-09-24,2026-10-01T19:50:33.746254+00:00,FME.DE,EUR,5,2026-09-23,2026-09-30,5,6,8b7fca81fd8e21ae055dafebcc541cdebc065eec99c5138e740eacabbaae2525,1e1b0f82afb43ea912bb8399014b5dba2d197675b4e0543e0ec9b4b1a471b485,39.59999847412109,39.56999969482422,-0.0007575449609290574,0.010100952691779352,0.03162052356155143
782dae703455f3a67d5036a294337a12d79e60d51b30ba46e543f9fdc48911d0,cce29afeafc1183c13b1fdde68d76060db6aee9f3df2bb1896db93e4ace81fe6,phase5b_shadow_v2,85599c6958e7a913402bbd4f7da042ac3a12769d,2026-09-24,2026-10-01T19:50:33.746254+00:00,FRES.L,GBP,5,2026-09-23,2026-09-30,5,6,8b7fca81fd8e21ae055dafebcc541cdebc065eec99c5138e740eacabbaae2525,2a779a158f4f9e962f3c59c38ce7c960bea7dd697919a9b1efe2e2290e851ee5,2889.0,2728.0,-0.05572862582208371,0.05711318795430942,0.057439446366782
5af046a4f1c210a3798306246f8c6eca14d32c7f2aa1754d8ac38906bf051cc9,f08b222fd1e13d3b763329fea5b75bc12336271cefff8df06ecdd8609e9849f0,phase5b_shadow_v2,85599c6958e7a913402bbd4f7da042ac3a12769d,2026-09-24,2026-10-01T19:50:33.746254+00:00,FSLR,USD,5,2026-09-23,2026-09-30,5,6,8b7fca81fd8e21ae055dafebcc541cdebc065eec99c5138e740eacabbaae2525,ea2acff3a8763d15e5a10d0880401594b9d4d554ffbc1b12bfe912d3e322af8b,191.97000122070312,175.16000366210938,-0.08756575220973051,0.10319319389813775,0.10319319389813775
ee68c0604b1ed10f092f5c7ec994d4ae2895d420c0f1a629ef0349c926ee215e,050ce8321bbb13d2cacb34683adf27b1bf096ea48f2790e32eced043bca8d653,phase5b_shadow_v2,85599c6958e7a913402bbd4f7da042ac3a12769d,2026-09-24,2026-10-01T19:50:33.746254+00:00,GMED,USD,5,2026-09-23,2026-09-30,5,6,8b7fca81fd8e21ae055dafebcc541cdebc065eec99c5138e740eacabbaae2525,0f94e73f2bf02caf0599662b0ab1d2a6ad0bb88e16866b0fb9fec2837458ca9f,73.95999908447266,74.9000015258789,0.012709605909170474,0.0,0.010437321839682934
689c07facfbd71b421498f3e3883c128b92a95aacf64950967308ee4d1c94b07,c311066c6d0204f8807109e27abadb62c73667725049afa98d4c0fc930ab0243,phase5b_shadow_v2,85599c6958e7a913402bbd4f7da042ac3a12769d,2026-09-24,2026-10-01T19:50:33.746254+00:00,GOOGL,USD,5,2026-09-23,2026-09-30,5,6,8b7fca81fd8e21ae055dafebcc541cdebc065eec99c5138e740eacabbaae2525,544b619d0c22cd886cdc646a4ed0225a8366591bab9a441b1f39d4430aa9920b,337.8299865722656,344.0799865722656,0.01850042994529466,0.0,0.008722958487062171
77a606983c40850f5446e53c7e4a5bbabc8d100b39a317fd8035d190625ec25c,9129b25842c1a267e57cbef3446e7481fc539ff161e2836dea69da5485a01a94,phase5b_shadow_v2,85599c6958e7a913402bbd4f7da042ac3a12769d,2026-09-24,2026-10-01T19:50:33.746254+00:00,GOT.V,CAD,5,2026-09-23,2026-09-30,5,6,8b7fca81fd8e21ae055dafebcc541cdebc065eec99c5138e740eacabbaae2525,622f02b8f30b985adea9891b971d4be8b941e9583b8aa9b030251594b2a85652,1.7300000190734863,1.5299999713897705,-0.11560696270444393,0.11560696270444393,0.11560696270444393
3e446e92ec8f4b099a4f51e92bdba50220a60e2b0addbc8aa4a97e7574864744,5d146c17fdbb1afd1e5d1b868f0c0ff68c3467d11db0f47b2285521d460790df,phase5b_shadow_v2,85599c6958e7a913402bbd4f7da042ac3a12769d,2026-09-24,2026-10-01T19:50:33.746254+00:00,GRAB,USD,5,2026-09-23,2026-09-30,5,6,8b7fca81fd8e21ae055dafebcc541cdebc065eec99c5138e740eacabbaae2525,683f58fe7fdfd21c5800304a5be97c8f06766507ad889e23bf8e2e3ce620485d,3.200000047683716,3.109999895095825,-0.02812504726461995,0.03281250547152015,0.03281250547152015
c9014cbefcb32941f991db947c1c726295b230a5b7dae8293353c580885413ac,89e6b52d159b1fba5e743097e6d7dcff8d7bf319ae084c9c06889c3673e0afef,phase5b_shadow_v2,85599c6958e7a913402bbd4f7da042ac3a12769d,2026-09-24,2026-10-01T19:50:33.746254+00:00,HIMS,USD,5,2026-09-23,2026-09-30,5,6,8b7fca81fd8e21ae055dafebcc541cdebc065eec99c5138e740eacabbaae2525,f017e3bf7c62cf79268ec9ef31d3ba6f9be0687ce93a0e48d9b764be3120069b,28.38999938964844,29.790000915527344,0.04931319323625516,0.0,0.024473124115817146
344b86938edcd25b6ade55b3f3532f2b5bc7a61625200cdadc6352890b9060a8,06c8d11d56c52ee673dc7ed57d33cb7fadf22127965a97d0deb6961d1f815943,phase5b_shadow_v2,85599c6958e7a913402bbd4f7da042ac3a12769d,2026-09-24,2026-10-01T19:50:33.746254+00:00,HL,USD,5,2026-09-23,2026-09-30,5,6,8b7fca81fd8e21ae055dafebcc541cdebc065eec99c5138e740eacabbaae2525,e6a83dd8e0d1d9671776431b0f7367fae753f865d02fbb2b993159b3c8700765,18.270000457763672,17.030000686645508,-0.06787081226323877,0.06896552804115619,0.06896552804115619
cb3094ccacacdb36e97cdb8a0b63fb6b2c851b34447cc39380845351e1b2fd46,fee28bbc0119e3ce5f469af60793f424195b1ecce6a023c70ea2eafabbed32f5,phase5b_shadow_v2,85599c6958e7a913402bbd4f7da042ac3a12769d,2026-09-24,2026-10-01T19:50:33.746254+00:00,HMY,USD,5,2026-09-23,2026-09-30,5,6,8b7fca81fd8e21ae055dafebcc541cdebc065eec99c5138e740eacabbaae2525,5b3084c4191ff82572c3ec9fb319243874cee1c7234784e96a77ded912d9cf44,18.729999542236328,17.719999313354492,-0.05392419933616521,0.05392419933616521,0.06589351846312519
656d4fd8e4a52e075efc709fdbce271b35b67fd38e29454eb504ac17502599d7,6b0aa5704de6f381bd223424fd0db0018e58f5bff69cd01f0c134128a7e1e439,phase5b_shadow_v2,85599c6958e7a913402bbd4f7da042ac3a12769d,2026-09-24,2026-10-01T19:50:33.746254+00:00,ICE,USD,5,2026-09-23,2026-09-30,5,6,8b7fca81fd8e21ae055dafebcc541cdebc065eec99c5138e740eacabbaae2525,dd13955eba9f2649e9b1197ffd3a65baeb3d1392070b3322ca1af99b503e7655,156.35000610351562,152.02999877929688,-0.02763036236377614,0.02763036236377614,0.031224075225746106
e627274f5caf3dddbefccd0df8f0690f9bd8002142c0467169aef871af53507f,245089ad604bb6f9083412e7215b5b77a2f83ec315fcc93826e871e7246b1bc6,phase5b_shadow_v2,85599c6958e7a913402bbd4f7da042ac3a12769d,2026-09-24,2026-10-01T19:50:33.746254+00:00,IFX.DE,EUR,5,2026-09-23,2026-09-30,5,6,8b7fca81fd8e21ae055dafebcc541cdebc065eec99c5138e740eacabbaae2525,b792881bdec3262cfd832a9cc0c2f763728c2d99828de656e411439152c78d41,58.56999969482422,59.5,0.015878441352595196,0.03944000999363417,0.03944000999363417
66283faea17b3e308b5996ae3d73b2e4f02a8c59cafb0798dd4eef6e777f9ae8,db319b4abbf6ee79d9ee507a7cf2ff56ea83197f4558c51f261134154c09d0e7,phase5b_shadow_v2,85599c6958e7a913402bbd4f7da042ac3a12769d,2026-09-24,2026-10-01T19:50:33.746254+00:00,ILMN,USD,5,2026-09-23,2026-09-30,5,6,8b7fca81fd8e21ae055dafebcc541cdebc065eec99c5138e740eacabbaae2525,f8153e71f9d4b0f26ea33bc26d4e55dc6776dee3e6bcd33e4961d5e4df2ecd21,255.3800048828125,273.67999267578125,0.07165787235913856,0.0,0.014238751308473185
1367f66e3207f09fcb56fc788e2cd2ca2a5337ec39b71d25288a3d18d6a0b778,3a6cabb64b0350a6069246ba3269de7454be04198a36e0272f7aa240d1a7bba7,phase5b_shadow_v2,85599c6958e7a913402bbd4f7da042ac3a12769d,2026-09-24,2026-10-01T19:50:33.746254+00:00,INCY,USD,5,2026-09-23,2026-09-30,5,6,8b7fca81fd8e21ae055dafebcc541cdebc065eec99c5138e740eacabbaae2525,5e6cb3ade1fea64b4c46629bd5ead27f61150dc6ad365dcd9bb57fa02b44018b,124.63999938964844,121.3499984741211,-0.026396028013785267,0.026396028013785267,0.027800041893823346
597971a2c074c0ca7b61fb2bf4790b28fae8aec6933a4b742d3b15d074d557fd,f67d30b5fc4629ced236724ae8bd6df17a59de772083afee1968dec3361dd6a9,phase5b_shadow_v2,85599c6958e7a913402bbd4f7da042ac3a12769d,2026-09-24,2026-10-01T19:50:33.746254+00:00,INGR,USD,5,2026-09-23,2026-09-30,5,6,8b7fca81fd8e21ae055dafebcc541cdebc065eec99c5138e740eacabbaae2525,c07e1b75f746108fb5a2b1e79d0de9b9a81edf76131bef3883ccf669f5c878dd,96.81999969482422,95.80999755859376,-0.01043175107843397,0.01043175107843397,0.01043175107843397
1dfab1edd4bf7f977f6bccf909f55c4826fc627600db458f8cb0972045730f81,9ab30ac4ff0fc07b7c878eb6a0a2538975b45bf715eb33cafbc04752691c2447,phase5b_shadow_v2,85599c6958e7a913402bbd4f7da042ac3a12769d,2026-09-24,2026-10-01T19:50:33.746254+00:00,INOD,USD,5,2026-09-23,2026-09-30,5,6,8b7fca81fd8e21ae055dafebcc541cdebc065eec99c5138e740eacabbaae2525,bfc95b0ddca237660f90ebb789ef845fcdae3d40621a6c27d27b0c6a79aa6907,71.98999786376953,65.76000213623047,-0.08653974041405599,0.08653974041405599,0.08653974041405599
cfc5a24ec0d4c88aa025ddd37832035f5b00c73d6937ffc6c83fed43babed5c1,255605b6e7ec2f361f0548f6e642f5b39cc1ad6f0afb10c0473d249079ca2f6c,phase5b_shadow_v2,85599c6958e7a913402bbd4f7da042ac3a12769d,2026-09-24,2026-10-01T19:50:33.746254+00:00,IREN,USD,5,2026-09-23,2026-09-30,5,6,8b7fca81fd8e21ae055dafebcc541cdebc065eec99c5138e740eacabbaae2525,72d763e63a3a5def271cbb74cd9d9c482d7014e83093567c5d4a55dbe7bf4740,47.04999923706055,40.880001068115234,-0.13113705141328258,0.13113705141328258,0.13113705141328258
58285fb6b9145c93e63a6bb1e634222159695f6db85f764fab46120b2dfc94d2,7f2fa3e257936240cc433a3899dab3ac696268d3aad98599b702c15d55415c45,phase5b_shadow_v2,85599c6958e7a913402bbd4f7da042ac3a12769d,2026-09-24,2026-10-01T19:50:33.746254+00:00,ISRG,USD,5,2026-09-23,2026-09-30,5,6,8b7fca81fd8e21ae055dafebcc541cdebc065eec99c5138e740eacabbaae2525,a8e6e56a26b9b8f53f96f0c716e05fee65b9a4150c09f5f58bbc81060ec8e3a7,398.2999877929688,406.6300048828125,0.020913927554960132,0.0,0.019672613838348174
e5b6ef274e18ffa5d7fe8ec3cdcced07863b11fe7b56bb9d076e0c6fb3b1fa56,c5f32e2c7d20517ae9e1dd05246a486e7b5f7fd6557a517d136459d8d7423200,phase5b_shadow_v2,85599c6958e7a913402bbd4f7da042ac3a12769d,2026-09-24,2026-10-01T19:50:33.746254+00:00,JD,USD,5,2026-09-23,2026-09-30,5,6,8b7fca81fd8e21ae055dafebcc541cdebc065eec99c5138e740eacabbaae2525,63863fcb97c81e233527a1d400b85a473f0e500606245b60645f8639bad06ac2,27.15999984741211,26.600000381469727,-0.020618537153480165,0.031664234726919815,0.031664234726919815
b6502a3d3cf0710692f3db1a87e88d276025764154f2d3bb5a4cab71d30c810c,786b166c15ebef7fb1a3919a1c20fe44d3f4f37c82bf87b7c8f5f4f231cf2d60,phase5b_shadow_v2,85599c6958e7a913402bbd4f7da042ac3a12769d,2026-09-24,2026-10-01T19:50:33.746254+00:00,JNJ,USD,5,2026-09-23,2026-09-30,5,6,8b7fca81fd8e21ae055dafebcc541cdebc065eec99c5138e740eacabbaae2525,e228e2ee629ed922fcebfe1f913e0529b685b2140de25c7fefd4471551ca7642,269.1700134277344,264.739990234375,-0.016458085865306615,0.016458085865306615,0.026512306118844253
55b05be4b636944bd43f4c42ca99bff18733035ae1d90b4b8e58c608c0cb8e17,50194d37c9c1420b59f3fffde880064d72d3f90d27ddfc2b874c7b283627e3e8,phase5b_shadow_v2,85599c6958e7a913402bbd4f7da042ac3a12769d,2026-09-24,2026-10-01T19:50:33.746254+00:00,KEP,USD,5,2026-09-23,2026-09-30,5,6,8b7fca81fd8e21ae055dafebcc541cdebc065eec99c5138e740eacabbaae2525,40504b3cb96cb7976daca2849b5019c95864d45434556853ffd83d8c82274864,10.890000343322754,10.960000038146973,0.006427887292688617,0.003673090963449921,0.012612643109136457
97da5dd5b665b1124f1497d26ce1c413d9d70b07df68694ea8c159d44020c9e7,ced77dd1b51a66fd3dc8a7471e44fcdf56a569a50b103fc7ef9ea49a25e90368,phase5b_shadow_v2,85599c6958e7a913402bbd4f7da042ac3a12769d,2026-09-24,2026-10-01T19:50:33.746254+00:00,KLAC,,5,2026-09-23,2026-09-30,5,6,8b7fca81fd8e21ae055dafebcc541cdebc065eec99c5138e740eacabbaae2525,39b8e4325ea82ac33f5f62085b4ba4920b4c794a95c8c01cf3087e476fb1e6f1,187.8600006103516,194.92999267578125,0.03763436624326344,0.003992334704371769,0.008141281806613332
4628ba5323ded7ba0058f5ab6f329353b98e7eb4ef9a9e233cf6dfa03899cb7a,4235fd6e2b9f451ff59350a5457bfc5115cc882f108f8ca2e953f41a39413df6,phase5b_shadow_v2,85599c6958e7a913402bbd4f7da042ac3a12769d,2026-09-24,2026-10-01T19:50:33.746254+00:00,KLAR,USD,5,2026-09-23,2026-09-30,5,6,8b7fca81fd8e21ae055dafebcc541cdebc065eec99c5138e740eacabbaae2525,f6d21264eb4da18fa7b6ff4d38ff71991087662a9ec7c37e2221f9d5e2ab2749,12.9399995803833,12.390000343322754,-0.04250380640617113,0.044822252126292095,0.044822252126292095
7b8ec491bab29f3eff33051953956d273f4fb7ef3c06020b26664c4d9eff7c2c,22b0c6c5de2467b8cbe9968a12d3f2c4e7e32c18215763c9fe18586db8eac942,phase5b_shadow_v2,85599c6958e7a913402bbd4f7da042ac3a12769d,2026-09-24,2026-10-01T19:50:33.746254+00:00,KO,USD,5,2026-09-23,2026-09-30,5,6,8b7fca81fd8e21ae055dafebcc541cdebc065eec99c5138e740eacabbaae2525,4a22494653e987b7c0a366885a2445b748f45a344ccfd258cc776ae4cb6f6451,88.08999633789062,86.08000183105469,-0.022817511526804002,0.022817511526804002,0.022928452645317288
84f17f3619df85739a5ac3569c4dcbefda8ba27aaad16d4a2f0ba5ae1aa36765,22f66421d632a7f86c8a39cb9ed265949f626d0fc25ece6bbdb75655849b71d5,phase5b_shadow_v2,85599c6958e7a913402bbd4f7da042ac3a12769d,2026-09-24,2026-10-01T19:50:33.746254+00:00,LC0A.MU,USD,5,2026-09-23,2026-09-30,5,6,8b7fca81fd8e21ae055dafebcc541cdebc065eec99c5138e740eacabbaae2525,fae42436ea9880790315e2ca9262989f2adf487d1158ba9d6f840ed8e71a37c1,29.600000381469727,28.399999618530277,-0.04054056579305576,0.04054056579305576,0.04054056579305576
2f149ca7a5a3a7f1c2810d4cf21a60d9ce0032eee44f50d491e39fd637731d31,8c939cb6dd2ad02e3324da6388389a4ee36b546d5c08ee1809a118dfa66a8b9c,phase5b_shadow_v2,85599c6958e7a913402bbd4f7da042ac3a12769d,2026-09-24,2026-10-01T19:50:33.746254+00:00,LGO,USD,5,2026-09-23,2026-09-30,5,6,8b7fca81fd8e21ae055dafebcc541cdebc065eec99c5138e740eacabbaae2525,cb6c9a5bb8ac01dc7bb1f7e30dcae2171664a54ab1e6daf33b76ccb8688e5b51,0.7300000190734863,0.4900000095367431,-0.3287671277616546,0.3287671277616546,0.3287671277616546
44288f5d0851010700085dca14963646036e0582e0c3db78368b8e72c2b79f0b,89921366293d907dba688e6d67cc43d2fd4360ffce9f6c76266bccb4ef37c9dd,phase5b_shadow_v2,85599c6958e7a913402bbd4f7da042ac3a12769d,2026-09-24,2026-10-01T19:50:33.746254+00:00,LIN,USD,5,2026-09-23,2026-09-30,5,6,8b7fca81fd8e21ae055dafebcc541cdebc065eec99c5138e740eacabbaae2525,47d90c22839ba4fc80a71096459a1b20ef2e62e95182c67252a6c9cbfeaf0212,469.7200012207031,474.6499938964844,0.010495598788574645,0.003363677442219992,0.003363677442219992
6ccbc0a300f67a5d5e385d5961000ebb557c3a8cf94815a391e37c799c568c5e,3f2f35812a88b6a5eefb6ff698522166d6190b4d3b9dc9f8b7eb9155e1aa742b,phase5b_shadow_v2,85599c6958e7a913402bbd4f7da042ac3a12769d,2026-09-24,2026-10-01T19:50:33.746254+00:00,LRCX,,5,2026-09-23,2026-09-30,5,6,8b7fca81fd8e21ae055dafebcc541cdebc065eec99c5138e740eacabbaae2525,159a450b7bdc7886440cf2153cedd971c174d8be4a33f05773930d4a28b4007d,307.2799987792969,328.510009765625,0.06909011673609289,0.0003905074123411456,0.0023476103373469837
035d9b7d1c9e9b41471c5a0da6a2167cc80ec542cc30d6e6261a0ac063a6fb01,136ba49cc55b31863d71aa73784adf70da4e1138b662286b9d55598798e7c77f,phase5b_shadow_v2,85599c6958e7a913402bbd4f7da042ac3a12769d,2026-09-24,2026-10-01T19:50:33.746254+00:00,LUMN,USD,5,2026-09-23,2026-09-30,5,6,8b7fca81fd8e21ae055dafebcc541cdebc065eec99c5138e740eacabbaae2525,9b1bb7ee0b8a15a665caf418855bbb280dafa6f43b711ac3fd185adfb8d68901,6.130000114440918,5.599999904632568,-0.08646006523878957,0.09787926483379694,0.09787926483379694
6117badf6693e1bf1cdaf9c5919caafe3f88e2661285927ed70fb03b8632c8ed,074ae7bfd07d7ba76c46b31e76b4be0943aaec40dd39ed9470cff263baf3ade7,phase5b_shadow_v2,85599c6958e7a913402bbd4f7da042ac3a12769d,2026-09-24,2026-10-01T19:50:33.746254+00:00,MA,USD,5,2026-09-23,2026-09-30,5,6,8b7fca81fd8e21ae055dafebcc541cdebc065eec99c5138e740eacabbaae2525,88798ed792756a7921379023da5fe7a611451d1facec61fa93e3891c67388005,559.9199829101562,551.469970703125,-0.015091463896524493,0.015091463896524493,0.02954640265716557
373368f50ec170fbd7befb05efbbb0c58a4e29b9cea1db7b48b1fac14f474de7,077d08ea3ba235e1f0706bc088bc05e2915e14a71e5d23a3d2d281c72a683a56,phase5b_shadow_v2,85599c6958e7a913402bbd4f7da042ac3a12769d,2026-09-24,2026-10-01T19:50:33.746254+00:00,MBLY,USD,5,2026-09-23,2026-09-30,5,6,8b7fca81fd8e21ae055dafebcc541cdebc065eec99c5138e740eacabbaae2525,efc1329473cfcb6446e3e37fa90d73ea0165333f131171ea5b1d887f28ad0e90,7.610000133514404,7.389999866485596,-0.028909364411168426,0.028909364411168426,0.0797011068204343
dce25fbcbe2f8b4c863a94240619605fdaa6cd6277dd4d4b166ce804acb80933,8bdd05a831de59db0bccf6d7f18a3153396031db7258f38917b5ab45b06349a9,phase5b_shadow_v2,85599c6958e7a913402bbd4f7da042ac3a12769d,2026-09-24,2026-10-01T19:50:33.746254+00:00,MC.PA,EUR,5,2026-09-23,2026-09-30,5,6,8b7fca81fd8e21ae055dafebcc541cdebc065eec99c5138e740eacabbaae2525,d644c162f3fc8c2b168f067e91dfa7d9340a05434b6bbaeeafef0fcbc17ef1b5,396.8999938964844,390.0,-0.017384716559819213,0.017384716559819213,0.022066168661813435
eaed695d6e18732dcf795a93d99857180c68e549029673431048e1bb35c73581,898ca52b5a177ce454aca1dacfd334dfe421d88056ca4009007f97f2c8b649a7,phase5b_shadow_v2,85599c6958e7a913402bbd4f7da042ac3a12769d,2026-09-24,2026-10-01T19:50:33.746254+00:00,MCD,USD,5,2026-09-23,2026-09-30,5,6,8b7fca81fd8e21ae055dafebcc541cdebc065eec99c5138e740eacabbaae2525,5343f0dd4b414cd650dbc52d1b57f27405f035df2f4dc8bffcefe86f5f56d484,238.32000732421875,230.94000244140625,-0.030966786908379396,0.030966786908379396,0.030966786908379396
fe17acc43b0efe37177dbb66484c53843f23bf39f61db415b65eb4f9df3c80be,9b417bac661cec75c346a86633201fbe626d5dc86f0e1a10ea0d99e66d4522b9,phase5b_shadow_v2,85599c6958e7a913402bbd4f7da042ac3a12769d,2026-09-24,2026-10-01T19:50:33.746254+00:00,MELI,USD,5,2026-09-23,2026-09-30,5,6,8b7fca81fd8e21ae055dafebcc541cdebc065eec99c5138e740eacabbaae2525,75be2540eacff7f5b0cb15b86a20aaa22516378348c7ec0dd4661fcf88530ff3,1799.239990234375,1728.530029296875,-0.03929990513844073,0.04825924086056843,0.04825924086056843
bf122afd69f1279678bf85b82aeaf9f6aac409844865d783bd1b0efbf916b80e,5550fc748881e548f87609c69c2253c1f4daedd213bd8df66f898a6d8c839b10,phase5b_shadow_v2,85599c6958e7a913402bbd4f7da042ac3a12769d,2026-09-24,2026-10-01T19:50:33.746254+00:00,META,USD,5,2026-09-23,2026-09-30,5,6,8b7fca81fd8e21ae055dafebcc541cdebc065eec99c5138e740eacabbaae2525,eae9be89c5da8d7269a8a4fc3f46304f9b06ff56787817a6e28ec57dd4cb6af7,744.0999755859375,725.1799926757812,-0.025426667828147398,0.03827440048808439,0.0796949929886378
a41fbfa7c464b50b69162ec2693546953a58745b06a3ae9d4e5576c80ed921e8,2f4e16c347cff53df27b72c41d15ada8a47dd6d107008338cbc17fcbefae5690,phase5b_shadow_v2,85599c6958e7a913402bbd4f7da042ac3a12769d,2026-09-24,2026-10-01T19:50:33.746254+00:00,MGMA.V,CAD,5,2026-09-23,2026-09-30,5,6,8b7fca81fd8e21ae055dafebcc541cdebc065eec99c5138e740eacabbaae2525,e67d66d94186e9a13fbce41a041240f33eb690bfdd2d06250b2f0d61ef4cce99,0.1400000005960464,0.1299999952316284,-0.07142860944173746,0.07142860944173746,0.07142860944173746
b33b457cb6ff0fbcca1bab94be8680be8c1df35591884c2f10e3ee260157bed9,6a90dfed8c04903ed208bbbb4a9c87e1a83be4f260bb0bee490e68de09bfecc3,phase5b_shadow_v2,85599c6958e7a913402bbd4f7da042ac3a12769d,2026-09-24,2026-10-01T19:50:33.746254+00:00,MNSO,USD,5,2026-09-23,2026-09-30,5,6,8b7fca81fd8e21ae055dafebcc541cdebc065eec99c5138e740eacabbaae2525,cf91baebc6ed99b53b5e855e87624a7f26d5f5a3b0b57a6b605ce2f75fff1779,8.979999542236328,9.289999961853027,0.034521206616843436,0.02227169481740643,0.02227169481740643
c159a579084e5d7f526639fdc93da7214be518b4b70bd0730e18aceda8212132,ec4cc7b47f48ec27ea0c3920ab9c81a3fd3368e010443ac849023929aef3bc64,phase5b_shadow_v2,85599c6958e7a913402bbd4f7da042ac3a12769d,2026-09-24,2026-10-01T19:50:33.746254+00:00,MP,USD,5,2026-09-23,2026-09-30,5,6,8b7fca81fd8e21ae055dafebcc541cdebc065eec99c5138e740eacabbaae2525,47e40d26bc5376eb49df4de578a5b3e20c52ce09dd4a6ea3d16494afee635ed6,48.88999938964844,47.290000915527344,-0.03272649814063744,0.07077110099545736,0.07849896535040002
59083f1ba53dbf2811aa9f45709d594dab7086b6b2ae205799a0b098863b7ef5,8b13fd968f890f668770bdd4de8b14e4264c6abf3e285ddaa443c12fb3ba72c0,phase5b_shadow_v2,85599c6958e7a913402bbd4f7da042ac3a12769d,2026-09-24,2026-10-01T19:50:33.746254+00:00,MRNA,USD,5,2026-09-23,2026-09-30,5,6,8b7fca81fd8e21ae055dafebcc541cdebc065eec99c5138e740eacabbaae2525,91bf04f81ecc7f185cf4680c3ca37d5db91164604eb093c0b0eb618b55b5bf5f,182.1100006103516,192.57000732421875,0.05743784898583204,0.0,0.05352402944212731
53a15456dbb3c938d7c6e038899ca47d17e3355f8fd65cbe67e1bee1f8dff35d,c9828cadb2410ba6666511dc36db2899adec6e4232c1f78de0ca0b0e9b37cd16,phase5b_shadow_v2,85599c6958e7a913402bbd4f7da042ac3a12769d,2026-09-24,2026-10-01T19:50:33.746254+00:00,MSFT,USD,5,2026-09-23,2026-09-30,5,6,8b7fca81fd8e21ae055dafebcc541cdebc065eec99c5138e740eacabbaae2525,976eda8895430decf6b1119333086869db86e6d794a9d1955816a62338371622,500.5899963378906,512.9000244140625,0.024591038906544238,0.005313737153296749,0.013968250176866759
9ae88311321939db545c688920c908905bcad93252217baaccef8c62a82e7601,e99fdf3ec4454c74eb88bf5e0bc602a72507aa31d7b64f73249e2799c6488b8a,phase5b_shadow_v2,85599c6958e7a913402bbd4f7da042ac3a12769d,2026-09-24,2026-10-01T19:50:33.746254+00:00,MU,USD,5,2026-09-23,2026-09-30,5,6,8b7fca81fd8e21ae055dafebcc541cdebc065eec99c5138e740eacabbaae2525,54fd6f70fc3b96589984708a0c5759f7b9e2940f788783673bab0aaec21275d4,1071.8800048828125,1065.1099853515625,-0.0063160237157238175,0.016699653256447733,0.026148545720196537
b7e514921c3a5a77935d6098c2fdfc6b6bebddb216bb467edcd8f7fdb7101950,9f18e3a3b3e7cc649367eb2768794b3f4815d3eb5c1a6ee216b6263ed07f14b0,phase5b_shadow_v2,85599c6958e7a913402bbd4f7da042ac3a12769d,2026-09-24,2026-10-01T19:50:33.746254+00:00,NBIS,USD,5,2026-09-23,2026-09-30,5,6,8b7fca81fd8e21ae055dafebcc541cdebc065eec99c5138e740eacabbaae2525,e1bee88184cfb01c8fe747607e1def563b805999e6e1a7c89beb2336b0093b4b,226.6100006103516,235.8800048828125,0.0409073043885666,0.0,0.04764248007342353
6598722cb1aed9ec2d35ffba3a3802a7218580b85a98810ef1d30a3716f98bb3,5e360753fb2658eab80af17a0770ee306f1f0dc78b8e62037aee9a30f5c38a4f,phase5b_shadow_v2,85599c6958e7a913402bbd4f7da042ac3a12769d,2026-09-24,2026-10-01T19:50:33.746254+00:00,NDA.DE,EUR,5,2026-09-23,2026-09-30,5,6,8b7fca81fd8e21ae055dafebcc541cdebc065eec99c5138e740eacabbaae2525,dc461caa6234e20719760f72ae027b234e6295252d8f933c7774d2ad33e6dce6,168.0,160.89999389648438,-0.04226194109235493,0.04523813156854539,0.04523813156854539
efa9edbd79ef51db3a44c3b5b01e59716265ea3a0e4a4894d5efb012bc6229d0,f15f5e7b6caf35d808d6b6f4670d2a068c6b84eb0d119efbdde035df13e7265b,phase5b_shadow_v2,85599c6958e7a913402bbd4f7da042ac3a12769d,2026-09-24,2026-10-01T19:50:33.746254+00:00,NEE,USD,5,2026-09-23,2026-09-30,5,6,8b7fca81fd8e21ae055dafebcc541cdebc065eec99c5138e740eacabbaae2525,4e286619fea06423559ffd6bfc1896ab8ad5a662dc4b6d521bf637879cdf4c6d,77.0199966430664,75.73999786376953,-0.016619044859593646,0.019864955154274333,0.019864955154274333
985c4d42fc3764769a833f7591c121032343ccaf75fb58db06c08dfcb9298bdd,cb7f32a648f8ee138fd16cc8c94e10fd76c8cec02f15a5711718e6432ebba527,phase5b_shadow_v2,85599c6958e7a913402bbd4f7da042ac3a12769d,2026-09-24,2026-10-01T19:50:33.746254+00:00,NEM.AX,AUD,5,2026-09-23,2026-09-30,5,6,8b7fca81fd8e21ae055dafebcc541cdebc065eec99c5138e740eacabbaae2525,a23748495cafd398ccc1880c9ff71a5b26137024d2d2bbc18a887f676a632682,177.02000427246094,167.4499969482422,-0.05406172801515152,0.05682972158959998,0.05682972158959998
f45167133d96148d4b98ea44a3502b72f9742ff292e2a5f07b618667c4c056ea,991481adc3a64fabeaa87c487681c65523ab857453a0037a80ca0e0c692a3aca,phase5b_shadow_v2,85599c6958e7a913402bbd4f7da042ac3a12769d,2026-09-24,2026-10-01T19:50:33.746254+00:00,NESN.SW,,5,2026-09-23,2026-09-30,5,6,8b7fca81fd8e21ae055dafebcc541cdebc065eec99c5138e740eacabbaae2525,515065f433012c7c5e8052cc184a2b56110ab31af6b626b30159a3b3720902d9,77.0999984741211,76.0199966430664,-0.014007806127482536,0.014007806127482536,0.024634407726420893
963e62e419e89f0c07410f351443bb8be9fafc0c5c7369fbfe21673e2de72577,3259db4cd59f4398e018dd74429e56a2d5b8304e3b08dc3747fab062483dc63a,phase5b_shadow_v2,85599c6958e7a913402bbd4f7da042ac3a12769d,2026-09-24,2026-10-01T19:50:33.746254+00:00,NFLX,USD,5,2026-09-23,2026-09-30,5,6,8b7fca81fd8e21ae055dafebcc541cdebc065eec99c5138e740eacabbaae2525,68cfd2a8386c21c5dd33c18fb76ecd6cd1ea09f661388241f78c684da9cf9b7d,71.36000061035156,69.58000183105469,-0.024943928868726317,0.029848615964123026,0.03471831875890641
96e4014f4d61040863701c429e578fa9145e1670a47465f05b5ad1c6d18a2be4,60b3252e9ad7ae63f243d5e5aa16f7ab018fd1a67fc6db06af56ebe9b6244f1d,phase5b_shadow_v2,85599c6958e7a913402bbd4f7da042ac3a12769d,2026-09-24,2026-10-01T19:50:33.746254+00:00,NIO,USD,5,2026-09-23,2026-09-30,5,6,8b7fca81fd8e21ae055dafebcc541cdebc065eec99c5138e740eacabbaae2525,f533d451d8623bf1b43e8c72b7582885e9f47685246ee9f2d69bc44c92a19ba2,3.670000076293945,3.430000066757202,-0.06539509660694631,0.07356947556229076,0.07356947556229076
fd143c6e791408be14688129869468f35baaf75bca02747b63998c1a0485f943,db04dfa5dc8a25a235814833006ce2bf125465a7b14f524df0499e9209da8121,phase5b_shadow_v2,85599c6958e7a913402bbd4f7da042ac3a12769d,2026-09-24,2026-10-01T19:50:33.746254+00:00,NKE,USD,5,2026-09-23,2026-09-30,5,6,8b7fca81fd8e21ae055dafebcc541cdebc065eec99c5138e740eacabbaae2525,f965d07993d0939715944dcfb7c37bd8cfb45771ccedb26e1b18452f69ddb697,36.04999923706055,35.400001525878906,-0.018030450067622272,0.018030450067622272,0.027205217927295355
d12262c95b6a6808be13e0efc713341f1549edcd26bb37df67375fbc5e50ceef,4935673f032b5ed0d5fcc214f32566ad62df8087a32b99ea63c5d25b46faa39b,phase5b_shadow_v2,85599c6958e7a913402bbd4f7da042ac3a12769d,2026-09-24,2026-10-01T19:50:33.746254+00:00,NOVO-B.CO,DKK,5,2026-09-23,2026-09-30,5,6,8b7fca81fd8e21ae055dafebcc541cdebc065eec99c5138e740eacabbaae2525,e1e83a664b886ee75fde7d84d656b98382c44f74e6812f726372f083594af1c6,252.25,253.1999969482422,0.003766092956361433,0.0023786168623016746,0.005335992504014175
8f08ccfb0892a4be623e90e42df9ace126e680b3c4f291736cb196075e64cdd6,811b1cc5527fab36bdec571d80fa83a24dc11120d8812cd6ea1639b8f61b2c2c,phase5b_shadow_v2,85599c6958e7a913402bbd4f7da042ac3a12769d,2026-09-24,2026-10-01T19:50:33.746254+00:00,NOW,USD,5,2026-09-23,2026-09-30,5,6,8b7fca81fd8e21ae055dafebcc541cdebc065eec99c5138e740eacabbaae2525,0accfeeb98441e438b3eab85a4bcdf437f4fa7ab2df0d2e6baf1c48474e2f4ef,140.77999877929688,134.00999450683594,-0.0480892479838303,0.07699954845776547,0.07699954845776547
7afcea0176a3566fb409dd0d87fca8cc7ebaefdc60480a7f63fca1809d82cb16,2fe82739606efbc0c022deff3af7fd9a8551226c9d3ed8ec33256a375e73bc0c,phase5b_shadow_v2,85599c6958e7a913402bbd4f7da042ac3a12769d,2026-09-24,2026-10-01T19:50:33.746254+00:00,NRDS,USD,5,2026-09-23,2026-09-30,5,6,8b7fca81fd8e21ae055dafebcc541cdebc065eec99c5138e740eacabbaae2525,ebade5a66a5bcf0a0ab74e9a39d1a9bac0a0cc39de1fe0203b9246a75d315c19,8.100000381469727,8.779999732971191,0.08395053326875046,0.0,0.0
cfd35aa7f8734cd2b52ceedd48d6779f1999cf1d67beabfeb0be6d3df3ac18e3,28cc8e00c0cceb5be10dda9836000552d41d36f426d27f4de5c1c213af4c6e40,phase5b_shadow_v2,85599c6958e7a913402bbd4f7da042ac3a12769d,2026-09-24,2026-10-01T19:50:33.746254+00:00,NVDA,USD,5,2026-09-23,2026-09-30,5,6,8b7fca81fd8e21ae055dafebcc541cdebc065eec99c5138e740eacabbaae2525,c0ade5c23d41745f8d4b889b2cf7e82cdd126175ca146f917aa5542dba62527f,225.50999450683597,228.3800048828125,0.012726754671130713,0.004123953254555612,0.007209621131189392
47550d7eab4232e8c6d2b53a23988677c9be60a39a07cfa7681e9053da577e6c,5d781873b8c4d22bb73a00ea1f09c5f1580c4d2da2a1a501bc863f030d7df721,phase5b_shadow_v2,85599c6958e7a913402bbd4f7da042ac3a12769d,2026-09-24,2026-10-01T19:50:33.746254+00:00,NXP,USD,5,2026-09-23,2026-09-30,5,6,8b7fca81fd8e21ae055dafebcc541cdebc065eec99c5138e740eacabbaae2525,92b24f9d877d6b6b6b4c2e4e0ab490372c649c5a89bc782e6d2840e202ffef52,13.18000030517578,13.43000030517578,0.01896813309646328,0.017450720074742465,0.017450720074742465
312e729cd0700bdba2f7103debfc006c95da7534a2919b9d53b114146d4d78a1,dcf22571a844ffdbbf51f20ea537476ed7520b9c436fbe4dd3d9321e5ef5341b,phase5b_shadow_v2,85599c6958e7a913402bbd4f7da042ac3a12769d,2026-09-24,2026-10-01T19:50:33.746254+00:00,OCGN,USD,5,2026-09-23,2026-09-30,5,6,8b7fca81fd8e21ae055dafebcc541cdebc065eec99c5138e740eacabbaae2525,fee7cee08ab8fed0caca0be2e407f9fee8d151a96fe8da822e9643e30bd4b270,1.0,1.0299999713897705,0.029999971389770508,0.0,0.05504592674447206
82fea2d8550218de1f743d13dea534a19a1892914a24ff26a0bf13eee4da07f2,dad73a518adfe68361cb90cdc950c2207c3dc3c5f4153a9d7f1c5df0cca419ce,phase5b_shadow_v2,85599c6958e7a913402bbd4f7da042ac3a12769d,2026-09-24,2026-10-01T19:50:33.746254+00:00,OGN,USD,5,2026-09-23,2026-09-30,5,6,8b7fca81fd8e21ae055dafebcc541cdebc065eec99c5138e740eacabbaae2525,1d0a13b2193abcf2b0a82361313786d8fbe8ac44c912423a49307bd0120b2c24,13.729999542236328,13.699999809265137,-0.002184976982621545,0.002184976982621545,0.002911205423533403
bae4c91fda419e6f6b11e9974c617351cf2a4291b473ff28f2e5c9406db9cb41,c02ad1801022d363cb9ef135d1d06e356f46b5e1e8101a7e246acf0d5859195e,phase5b_shadow_v2,85599c6958e7a913402bbd4f7da042ac3a12769d,2026-09-24,2026-10-01T19:50:33.746254+00:00,ON,USD,5,2026-09-23,2026-09-30,5,6,8b7fca81fd8e21ae055dafebcc541cdebc065eec99c5138e740eacabbaae2525,a20bf74d5973fd9af61e107fc7599dcc5c63ded569e1fc52d030e4ae904c549a,74.0999984741211,76.87000274658203,0.0373819747571027,0.012820471900198083,0.020077661705122263
ee0a8f2f7539ea43da7302c3118799d4677ff2c62f1949724ccfa671f74cd152,b31aab597e3a23e8869c999574a84b511db56862fbc61ba1fe9e6789ac36bed5,phase5b_shadow_v2,85599c6958e7a913402bbd4f7da042ac3a12769d,2026-09-24,2026-10-01T19:50:33.746254+00:00,ORCL,USD,5,2026-09-23,2026-09-30,5,6,8b7fca81fd8e21ae055dafebcc541cdebc065eec99c5138e740eacabbaae2525,e12bf3775e64e58a417ef43989286550c03d3a5e494ea86c6266911ea8afc323,144.55999755859375,137.3000030517578,-0.050221324221407015,0.08273375523702842,0.08273375523702842
3d88523fd01f51059c154b153fcaa18d4ce50d265fa3a52ea2e7f34fd9b8bddf,127bb736c5ffa80d439e0b4d68364a072ba46cf278aa0c869cdc5c0b93a7b5d0,phase5b_shadow_v2,85599c6958e7a913402bbd4f7da042ac3a12769d,2026-09-24,2026-10-01T19:50:33.746254+00:00,OXY,USD,5,2026-09-23,2026-09-30,5,6,8b7fca81fd8e21ae055dafebcc541cdebc065eec99c5138e740eacabbaae2525,9efb77b73e775468e5c9eb0755262dbe17bb4f240c8fa961753fb3fddf6f273b,57.36000061035156,55.31999969482422,-0.03556486913912604,0.04218971335237143,0.053574515955653434
34eaad87e4753ac99988833f09f2b2187c37c163bd611f9aba39407634bca9b5,198601ee6e174f07c14b148687059c994b065bb2eab938490997a609b7360195,phase5b_shadow_v2,85599c6958e7a913402bbd4f7da042ac3a12769d,2026-09-24,2026-10-01T19:50:33.746254+00:00,PAAS.TO,CAD,5,2026-09-23,2026-09-30,5,6,8b7fca81fd8e21ae055dafebcc541cdebc065eec99c5138e740eacabbaae2525,131382f476dbb6020ff7e63c84bd442418a8f4d06f111aeeeac9c395e2b19228,67.77999877929688,64.73999786376953,-0.04485100280727505,0.04485100280727505,0.04780114872943475
d90ab582d3e005cf90c46c7e2e3ec7c4b6a9e5b3630a9693e677152c632efab4,c5db56bd37ecdfd880faaa01e59dad515eb71216a92df799b5855dff1305c6e9,phase5b_shadow_v2,85599c6958e7a913402bbd4f7da042ac3a12769d,2026-09-24,2026-10-01T19:50:33.746254+00:00,PATH,USD,5,2026-09-23,2026-09-30,5,6,8b7fca81fd8e21ae055dafebcc541cdebc065eec99c5138e740eacabbaae2525,ab957867a65feace7f96958febd15b660c3c419ec49e4c65c985947bd6e9476b,13.039999961853027,12.84000015258789,-0.015337408730844548,0.06518407852425623,0.06518407852425623
78450838c632869caa219f1ff39c77777dbd65e1c9c702a6bbac79c84f7533ef,0cb6a3e3b146e11cb5d869a93c4deef78d1969f28ecf463de7c922f4755689c8,phase5b_shadow_v2,85599c6958e7a913402bbd4f7da042ac3a12769d,2026-09-24,2026-10-01T19:50:33.746254+00:00,PEP,USD,5,2026-09-23,2026-09-30,5,6,8b7fca81fd8e21ae055dafebcc541cdebc065eec99c5138e740eacabbaae2525,c3830faf811a1037c4e8027127bbf05418147795c470858e59adcdd5e3cd7ed4,130.17999267578125,126.72000122070312,-0.026578519355853536,0.026578519355853536,0.026578519355853536
f51d539a35a3be5bbb521b4ae6940b4cd8ab921991c3ffb1c06b0f0c2745704e,e1124791c9657a9a5b75e1d23bca303a4377ecb15353e59d66b9f58301d86a28,phase5b_shadow_v2,85599c6958e7a913402bbd4f7da042ac3a12769d,2026-09-24,2026-10-01T19:50:33.746254+00:00,PFE,USD,5,2026-09-23,2026-09-30,5,6,8b7fca81fd8e21ae055dafebcc541cdebc065eec99c5138e740eacabbaae2525,175d010e84d5dab79f96bd976df8f6e1f570042badf5e4e1e1a4f7d179ea4684,28.18000030517578,28.520000457763672,0.012065299819228326,0.0,0.00696374862021043
29cdde812e700d5e9f661ce8375c92c20b66dd3d1709ffd96cf3f0ea2e5b453f,7c61a747774ad045f315f8cd5bb9a9798e6a45e52c20af8796292011542fd54c,phase5b_shadow_v2,85599c6958e7a913402bbd4f7da042ac3a12769d,2026-09-24,2026-10-01T19:50:33.746254+00:00,PG,USD,5,2026-09-23,2026-09-30,5,6,8b7fca81fd8e21ae055dafebcc541cdebc065eec99c5138e740eacabbaae2525,8646695553929e502f235d0fc61751065c5d83d7612c0f0d8e14dec7b2d31dda,147.38999938964844,145.27999877929688,-0.014315765106786116,0.014315765106786116,0.025162719121762156
48ea9c9daf52c42409efd9409c1e06683a5a0b884768fd4b33b55391e60ed39d,3baee9f8738e865d3dfbf2c974e2fea5abc353a29827d9395a2ba584f308a3fd,phase5b_shadow_v2,85599c6958e7a913402bbd4f7da042ac3a12769d,2026-09-24,2026-10-01T19:50:33.746254+00:00,PGY,USD,5,2026-09-23,2026-09-30,5,6,8b7fca81fd8e21ae055dafebcc541cdebc065eec99c5138e740eacabbaae2525,5b92e46ef5ed8dfa3faf65b26fd3e0960e849bc5e05d834d039181f18b5532d4,18.71999931335449,17.31999969482422,-0.07478630715181367,0.09188030857070995,0.09188030857070995
d58d11ca5c2596e4efaca83d5d32d891a107bb646870634cbffd48d6058b5678,36414b378865125df41290676b8fb4a445aed30f8cdd81a63d441924461dfd63,phase5b_shadow_v2,85599c6958e7a913402bbd4f7da042ac3a12769d,2026-09-24,2026-10-01T19:50:33.746254+00:00,PKX,USD,5,2026-09-23,2026-09-30,5,6,8b7fca81fd8e21ae055dafebcc541cdebc065eec99c5138e740eacabbaae2525,721fc2c813622663604b8b9dd23932cdc9ced666f8fe7cd6f41beebaf88b0e1e,56.27000045776367,56.40999984741211,0.0024879933980721525,0.0037319900971083397,0.02558782051057984
37d9041bfe23e150997c6e367ada35f2b83988f061d784deb392c7f5de1e3877,aa5dd8cfc52855599e5c006bc8163408060f6827569610451cd3c9b7911d4422,phase5b_shadow_v2,85599c6958e7a913402bbd4f7da042ac3a12769d,2026-09-24,2026-10-01T19:50:33.746254+00:00,PL,,5,2026-09-23,2026-09-30,5,6,8b7fca81fd8e21ae055dafebcc541cdebc065eec99c5138e740eacabbaae2525,fe20f2aa12c929d5289d16ee01a049e841ddcd354dfb7713932c0cc2222762eb,16.3799991607666,16.389999389648438,0.0006105146150305885,0.0,0.07037466625459854
3290db22871253ff67d03a229a7e7468b2928364fd1e03562145f3307f169b27,eef110af343df3045539517834210aed27c7dda4ee4d5fbfe377dab3effbd109,phase5b_shadow_v2,85599c6958e7a913402bbd4f7da042ac3a12769d,2026-09-24,2026-10-01T19:50:33.746254+00:00,PLTR,USD,5,2026-09-23,2026-09-30,5,6,8b7fca81fd8e21ae055dafebcc541cdebc065eec99c5138e740eacabbaae2525,3713b682ac9ef66a1659a7d506105dfd48813b49c18db51d62507bd64e94ed34,191.7899932861328,187.0500030517578,-0.02471448146569033,0.02513161392231089,0.02918113725557947
ee747ba5ddd102eade95cbcc86be9110b32b7acef3eb02868bb3d3fa256a10ed,126d9b2b66275d6d55ef9826f0833ec4eb5a99fde78215797018db35126fde3f,phase5b_shadow_v2,85599c6958e7a913402bbd4f7da042ac3a12769d,2026-09-24,2026-10-01T19:50:33.746254+00:00,PM,USD,5,2026-09-23,2026-09-30,5,6,8b7fca81fd8e21ae055dafebcc541cdebc065eec99c5138e740eacabbaae2525,35a2ca106581ec041a10ca1e4c4b9ca97b347901a2b59c1ff8fb9dd0e7b5531e,190.83999633789065,190.82000732421875,-0.00010474226606305148,0.0018864002162011229,0.015884407783477994
82486fe73bc9a9c31c272b847b5fc38103f5f815258bdff0dd2f986039ad4b64,68d61f2e688ef70d9e9057c0145fab8ee6b0f6c56531d093b7afc97efeaf1e88,phase5b_shadow_v2,85599c6958e7a913402bbd4f7da042ac3a12769d,2026-09-24,2026-10-01T19:50:33.746254+00:00,PPTA,USD,5,2026-09-23,2026-09-30,5,6,8b7fca81fd8e21ae055dafebcc541cdebc065eec99c5138e740eacabbaae2525,2f904f317293c8f038ff690a7bb19306760de5c60bde707bf64a7fe270f319cb,23.31999969482422,21.56999969482422,-0.0750428826286994,0.07675810598642474,0.08343972343850548
5dbd4d72dc758a4ac56a692168f1692e653b275b429b4e8ea23041d8e55eb9bc,d882bdf4bc3a36bbf5f2d532e9444ed597cd396e53272e2a08a8891ee80ad418,phase5b_shadow_v2,85599c6958e7a913402bbd4f7da042ac3a12769d,2026-09-24,2026-10-01T19:50:33.746254+00:00,PYPL,USD,5,2026-09-23,2026-09-30,5,6,8b7fca81fd8e21ae055dafebcc541cdebc065eec99c5138e740eacabbaae2525,f1a010ac8acfd14405525d6ab72210a03664361fd1baf15693e5e232e2dd6182,52.5099983215332,52.52999877929688,0.00038088856223561507,0.0,0.0456032357281877
a37f9f24d6dc085ff1453ceb9fad6d58339074bc44c85917b663b7b2c49fb7d7,62852cb3bb2480d3c2becc73e6f0c55647dd085cb0521bc5ed286215b850ae21,phase5b_shadow_v2,85599c6958e7a913402bbd4f7da042ac3a12769d,2026-09-24,2026-10-01T19:50:33.746254+00:00,QBTS,,5,2026-09-23,2026-09-30,5,6,8b7fca81fd8e21ae055dafebcc541cdebc065eec99c5138e740eacabbaae2525,45beeb09867d069ef2e9c818bd4bdb9b28ac35717da6c073a1e98d609d899c93,16.809999465942383,16.56999969482422,-0.01427720278066702,0.022605542703109105,0.06006860781222956
ecde1d382ef3f3ced52a798b1b0a58914022699cd5e3f3c98367448e6f385b3d,ce0bf1bae025420b61acfb293d0676ed00aff14c2634d3f98871456fc5d02f8e,phase5b_shadow_v2,85599c6958e7a913402bbd4f7da042ac3a12769d,2026-09-24,2026-10-01T19:50:33.746254+00:00,QS,USD,5,2026-09-23,2026-09-30,5,6,8b7fca81fd8e21ae055dafebcc541cdebc065eec99c5138e740eacabbaae2525,ca7438a64baf4e28ff4d2e8dd0c464328033814924f527bee7f9a2a832154cf6,4.909999847412109,4.644999980926514,-0.053971461246636876,0.07128307851517368,0.07692309919824758
9792bf29d4ddc3e0c26dfb5ec60739a478a59396d402ea9e553a6df882e23f26,da251d11625ca89a803d64d6b78ccf78b7a8a463faba81122bc69b32756cdede,phase5b_shadow_v2,85599c6958e7a913402bbd4f7da042ac3a12769d,2026-09-24,2026-10-01T19:50:33.746254+00:00,RACE,USD,5,2026-09-23,2026-09-30,5,6,8b7fca81fd8e21ae055dafebcc541cdebc065eec99c5138e740eacabbaae2525,f2095b5a5a1c4de88e314c3b688cb5c7e505a7ece87d6780a9dc69402ee27398,413.0499877929688,392.8500061035156,-0.04890444809691641,0.04890444809691641,0.04890444809691641
71d4bbab9c93b44dbc82c7f971850629a72a69cff74991bc881185665ea6b660,fdcd49ecda7dab276c05ecdea15be50581b86c55d34d786ca9b3177a9da0a889,phase5b_shadow_v2,85599c6958e7a913402bbd4f7da042ac3a12769d,2026-09-24,2026-10-01T19:50:33.746254+00:00,RCAT,USD,5,2026-09-23,2026-09-30,5,6,8b7fca81fd8e21ae055dafebcc541cdebc065eec99c5138e740eacabbaae2525,1a49b5d0795a714d11dc3843381918135e76c495128925a8c1abda2532210ef8,6.590000152587891,6.460000038146973,-0.019726875786166276,0.02124436116557238,0.05147064289007064
de5dc903349e7e9c5d6b3d45401869a660668045b6c29b7b24d2b167e9c0f3a1,c2371e9869a8a8ce2ae348f3ba7e365d508ccfe0a9aaaf8ebfc769f1156c7716,phase5b_shadow_v2,85599c6958e7a913402bbd4f7da042ac3a12769d,2026-09-24,2026-10-01T19:50:33.746254+00:00,RGTI,,5,2026-09-23,2026-09-30,5,6,8b7fca81fd8e21ae055dafebcc541cdebc065eec99c5138e740eacabbaae2525,435652680a3c7cb2ff98271eb650e0a30a048fffc266598f9a438e22a1ae7cb5,16.0049991607666,15.739999771118164,-0.016557288568813888,0.016557288568813888,0.05522209392077837
048538d56cda16428d4b9840fc36dd19b72af17f34367d0ab2a6988f34bce275,691b6ec1cf94f0537b734ac34030b90211cdd468a663b8014a1eff43789775c9,phase5b_shadow_v2,85599c6958e7a913402bbd4f7da042ac3a12769d,2026-09-24,2026-10-01T19:50:33.746254+00:00,RHM.DE,EUR,5,2026-09-23,2026-09-30,5,6,8b7fca81fd8e21ae055dafebcc541cdebc065eec99c5138e740eacabbaae2525,bca3f3ad3b41c8041fd86ef3a3e696d65ca0a26b0e0642810b268d8a6b8318da,1025.0,956.4000244140624,-0.0669268054496952,0.0669268054496952,0.0669268054496952
ba3d75f96e882ef83b5ce6adad1ac9f2c66b0294329d9ae17f7ad2104fddd9b7,fbaf99224aa7d578e83c7291a1e58c56dc2ce758e5b5406536b848113e5d24f6,phase5b_shadow_v2,85599c6958e7a913402bbd4f7da042ac3a12769d,2026-09-24,2026-10-01T19:50:33.746254+00:00,RI.PA,EUR,5,2026-09-23,2026-09-30,5,6,8b7fca81fd8e21ae055dafebcc541cdebc065eec99c5138e740eacabbaae2525,e4a12d5123efcc77b75865551f7053187e474c572e9f55700019c21f8ab3d9be,59.59999847412109,60.65999984741211,0.01778525839646261,0.014765054965564572,0.014765054965564572
cc7de59408946ee37b4ba78cb6e5e54908d850e9e3a43a39a059815df5849a58,ef57c8e0cf9ad7eab5c821251575e8f60bb1fac9947b4f658383bda6965daae8,phase5b_shadow_v2,85599c6958e7a913402bbd4f7da042ac3a12769d,2026-09-24,2026-10-01T19:50:33.746254+00:00,RIGD.IL,USD,5,2026-09-23,2026-09-30,5,6,8b7fca81fd8e21ae055dafebcc541cdebc065eec99c5138e740eacabbaae2525,58991272c6546cd4e81fa4164a706881df26ca5ff556f0595a3f8c1c0eb8ef0b,51.29999923706055,49.0,-0.04483429378686932,0.04483429378686932,0.04483429378686932
281285272931babb0020114642d6f14080f92a3ba203a8d1a9c6ca0cc850f13e,da3642e3c0e68b955d93f93e434984a5bafee458a8821e0c4d8826941389146a,phase5b_shadow_v2,85599c6958e7a913402bbd4f7da042ac3a12769d,2026-09-24,2026-10-01T19:50:33.746254+00:00,RKLB,,5,2026-09-23,2026-09-30,5,6,8b7fca81fd8e21ae055dafebcc541cdebc065eec99c5138e740eacabbaae2525,5091b8a0c74ce5fe98e07452f23917ecda37aa85b59efb18913be436eac5b8af,70.30999755859375,69.68000030517578,-0.008960279836348395,0.008960279836348395,0.05774167436484123
1e7ac21f2e8a497c8f6d568c7b7dc29ba036ef28805207ad6898681f43c21cd5,425806a0adc5d3df8aaf1b6f69a2daab4cb805bfb7c5b8d571a0590d91bb176e,phase5b_shadow_v2,85599c6958e7a913402bbd4f7da042ac3a12769d,2026-09-24,2026-10-01T19:50:33.746254+00:00,ROK,USD,5,2026-09-23,2026-09-30,5,6,8b7fca81fd8e21ae055dafebcc541cdebc065eec99c5138e740eacabbaae2525,05b6a58a45b3386a441711a2738bb68fcc3d402cf056e92b210cd357810d953c,432.8900146484375,435.3299865722656,0.005636470792262704,0.0038578238610808002,0.0067488027570487
c2c6473216b853a16d1149c820f5dfd035a03d049d039a9355a468b4a50b6717,40093342d811d36b11a18a6b2dfce6e5e59d2480f3c3104675af19600df2f063,phase5b_shadow_v2,85599c6958e7a913402bbd4f7da042ac3a12769d,2026-09-24,2026-10-01T19:50:33.746254+00:00,ROL,USD,5,2026-09-23,2026-09-30,5,6,8b7fca81fd8e21ae055dafebcc541cdebc065eec99c5138e740eacabbaae2525,50a3e941e47c9c3ac61f2f6e5240ac2641f6fa1e14110b5daf56e3848263ff3d,32.4900016784668,30.1200008392334,-0.07294554376105644,0.07571563141690107,0.07571563141690107
f72a5d770149c184395c43b2b695f0629da03b3d224fa57544ec41d3eece360f,460ac22c43c7c75daa6682cf567c7c8168a701eb6197d7af5200bb2696750cc5,phase5b_shadow_v2,85599c6958e7a913402bbd4f7da042ac3a12769d,2026-09-24,2026-10-01T19:50:33.746254+00:00,RR.L,GBP,5,2026-09-23,2026-09-30,5,6,8b7fca81fd8e21ae055dafebcc541cdebc065eec99c5138e740eacabbaae2525,d53a9877a0f271990ff415e2fcf129970e227e030d41213927cf8f51eb613d37,1503.199951171875,1461.5999755859375,-0.02767427949522394,0.02767427949522394,0.02767427949522394
2e5fe276111762cab4020d2dac75b627e81795ff209ae49ee5dc716a414527dd,b98a20d3653de5251d705cf473f968d333e3be735f81e546f847d40fe50c5b00,phase5b_shadow_v2,85599c6958e7a913402bbd4f7da042ac3a12769d,2026-09-24,2026-10-01T19:50:33.746254+00:00,SAP.DE,EUR,5,2026-09-23,2026-09-30,5,6,8b7fca81fd8e21ae055dafebcc541cdebc065eec99c5138e740eacabbaae2525,8f1b3164dd1b67328a7448f2201267b5b5b9d8ac9e9bfefdd13233d4b7e735df,186.4600067138672,185.66000366210935,-0.004290480655111728,0.013085929172739985,0.013085929172739985
876745f49ece6ea86ea890fe6f22d5005344abd9cac56d3c433e96c9f8c3349d,a2f65431d3eacec48fcc7726c12eca10cebed95ab391d1ec94565a86712c4912,phase5b_shadow_v2,85599c6958e7a913402bbd4f7da042ac3a12769d,2026-09-24,2026-10-01T19:50:33.746254+00:00,SE,USD,5,2026-09-23,2026-09-30,5,6,8b7fca81fd8e21ae055dafebcc541cdebc065eec99c5138e740eacabbaae2525,d82bc75f25de6bb012962fcd5ed396c61b52ad82c23fddac201923a04409a6a8,103.29000091552734,97.36000061035156,-0.057411174872826765,0.057411174872826765,0.057411174872826765
18a59410560e103c2842672e3270b00f1f7b5e77367fb392fd8909206a9aabfc,ecc529475c0b598bce1674cb0e597b326244c6e20c23784e857609c033cdc26a,phase5b_shadow_v2,85599c6958e7a913402bbd4f7da042ac3a12769d,2026-09-24,2026-10-01T19:50:33.746254+00:00,SGM.AX,AUD,5,2026-09-23,2026-09-30,5,6,8b7fca81fd8e21ae055dafebcc541cdebc065eec99c5138e740eacabbaae2525,1c23e895d0b4dd06a29f033b3d0ebf664bb6e68a6ef16cd9636a6287b9185647,24.30626106262207,23.90999984741211,-0.016302845352851425,0.01835989711131536,0.027878818774622727
8d5f18c260efbb358171ddc497012dabda71c889be8c02b494c51d2bc14c736d,8d8627b57354329d821fa935ff707dae594d58d432151272478513e6d7734ec1,phase5b_shadow_v2,85599c6958e7a913402bbd4f7da042ac3a12769d,2026-09-24,2026-10-01T19:50:33.746254+00:00,SHOP,USD,5,2026-09-23,2026-09-30,5,6,8b7fca81fd8e21ae055dafebcc541cdebc065eec99c5138e740eacabbaae2525,2170cb082085897c7fb79545395358d831d71fe7e18457c0d49a6179b94d5b5f,142.33999633789062,148.3000030517578,0.0418716233469556,0.0006322631741326745,0.0200468695831878
cd08216f846a7b7e5f0ecb2e13ff3d4b03c1e3c93f9ee7bab8cafca07fb1e665,5ba1359786f388334f97981ba5b7c658a4f1e5a1116efc7d4ab17c84f6703b41,phase5b_shadow_v2,85599c6958e7a913402bbd4f7da042ac3a12769d,2026-09-24,2026-10-01T19:50:33.746254+00:00,SMX,USD,5,2026-09-23,2026-09-30,5,6,8b7fca81fd8e21ae055dafebcc541cdebc065eec99c5138e740eacabbaae2525,8ca8b42b0d7275b0dec0232cb84cac7315eb8e415984d3cefe00a972778916fb,9.640000343322754,6.610000133514404,-0.31431536326729603,0.31431536326729603,0.31431536326729603
a2d5fd4d5ce371c2c8e9fdeee52cb5457c3515605442f711d8b44765c8aa328f,eae89786b2a17b3ef836d1576406ec1f6719249900dc6bd12a86717ffbe062b2,phase5b_shadow_v2,85599c6958e7a913402bbd4f7da042ac3a12769d,2026-09-24,2026-10-01T19:50:33.746254+00:00,SN.L,GBP,5,2026-09-23,2026-09-30,5,6,8b7fca81fd8e21ae055dafebcc541cdebc065eec99c5138e740eacabbaae2525,8830d2e8433ff62c7a1b15ae68a768e2654362c6e5bed6aac81de06e06ebad87,1007.34423828125,1008.843994140625,0.0014888215987951536,0.002977703787757968,0.00345678208466238
f2694d1d3b757447de0c32ffcd0277d66c128110021ef1df785ccfdb0eeaec0e,f529fe8cec31cdd8148e82d67d83478005d27acd66c3780a68f8de1a16a2d356,phase5b_shadow_v2,85599c6958e7a913402bbd4f7da042ac3a12769d,2026-09-24,2026-10-01T19:50:33.746254+00:00,SNN,USD,5,2026-09-23,2026-09-30,5,6,8b7fca81fd8e21ae055dafebcc541cdebc065eec99c5138e740eacabbaae2525,c35033812c796dc474120e43560b995dbd0046ca48b1de642eced34b9e008594,26.81999969482422,26.959999084472656,0.005219962387824184,0.005219962387824184,0.005219962387824184
f60946262152b0053e9e19af9ee01ff36c76a0edb43401930150b30d4676894b,ccde9df6511286606714abbfafbac7ace51f5f44fc8603f86a0119566b79546d,phase5b_shadow_v2,85599c6958e7a913402bbd4f7da042ac3a12769d,2026-09-24,2026-10-01T19:50:33.746254+00:00,SNOW,USD,5,2026-09-23,2026-09-30,5,6,8b7fca81fd8e21ae055dafebcc541cdebc065eec99c5138e740eacabbaae2525,57ce4916644b6274ba4b99169c2a21e120d17bc71796d67c80491db731161443,334.8099975585937,339.5599975585937,0.01418715102486967,0.01998148947220546,0.02327798793649971
920d84fcf9dfa6c6b4ac12ff1ec022e4895d0612021142cb3da4e2b114b06bb4,094773cea4d2a3a44681a9aeb67b5203aa3ccb6fb00a63ab763a348ecabf58e6,phase5b_shadow_v2,85599c6958e7a913402bbd4f7da042ac3a12769d,2026-09-24,2026-10-01T19:50:33.746254+00:00,SOLB.BR,EUR,5,2026-09-23,2026-09-30,5,6,8b7fca81fd8e21ae055dafebcc541cdebc065eec99c5138e740eacabbaae2525,736bc376095abbdffc644f8a6726fdc0b6a1c34b685d955a4a82e7ed3c517aba,25.479999542236328,24.31999969482422,-0.04552589749812441,0.04552589749812441,0.04552589749812441
ae8e6cc3defbc031cfa344a5cdd0f5a39243490d753bc30e5dfd48e992783567,558997441943f3a62b4b9a493e7d40ab21a915996ee83a33954b1909a089834f,phase5b_shadow_v2,85599c6958e7a913402bbd4f7da042ac3a12769d,2026-09-24,2026-10-01T19:50:33.746254+00:00,SPCX,USD,5,2026-09-23,2026-09-30,5,6,8b7fca81fd8e21ae055dafebcc541cdebc065eec99c5138e740eacabbaae2525,467cf55e79805a1763b8e690271a6c8eb6cbeacc57a70ccab54c551752c0b472,148.36000061035156,150.86000061035156,0.016850903139087547,0.019479639914795177,0.02158993552063182
2dbd3b34bbbdda8a14ef998a73da66cf1453d9dbd770d251789740a652a82932,29036bfd5f1e4984d2d187c9fe0fa6c8150b125a721580aa369fb1f376e34a89,phase5b_shadow_v2,85599c6958e7a913402bbd4f7da042ac3a12769d,2026-09-24,2026-10-01T19:50:33.746254+00:00,SPOT,USD,5,2026-09-23,2026-09-30,5,6,8b7fca81fd8e21ae055dafebcc541cdebc065eec99c5138e740eacabbaae2525,aafb05bf42b405a3c625bd640ff65db3e8eb14d927ed090652d9227a4e729512,510.3999938964844,487.3800048828125,-0.04510185989214688,0.04510185989214688,0.04693183106660537
75323b7cfa54d66d1fa2855fe47c0d908b2490e263cf1d17344cec7916fbbe51,55401c95d1f93610eee9a132bcfbf50bd5838d89876719e059df5ff1d7b4e345,phase5b_shadow_v2,85599c6958e7a913402bbd4f7da042ac3a12769d,2026-09-24,2026-10-01T19:50:33.746254+00:00,STLA,USD,5,2026-09-23,2026-09-30,5,6,8b7fca81fd8e21ae055dafebcc541cdebc065eec99c5138e740eacabbaae2525,828d10ca2aa97e603cf1ba4b5fbe044c86cd768aa1381eea301768e267a085d1,4.619999885559082,4.360000133514404,-0.056277004001097364,0.056277004001097364,0.056277004001097364
5e2d2422eb6a56e8ec8b162f31f13a5226229a17582c793eecb82575652a5d9b,e021c5f345240bcfafea1e5c630e7173e1b42ca96bc718ff249f4ef09ef1a13d,phase5b_shadow_v2,85599c6958e7a913402bbd4f7da042ac3a12769d,2026-09-24,2026-10-01T19:50:33.746254+00:00,SU.PA,EUR,5,2026-09-23,2026-09-30,5,6,8b7fca81fd8e21ae055dafebcc541cdebc065eec99c5138e740eacabbaae2525,8e9f813b676ad932df4cb317cb6d469c07c23bcf2e9f91c3a8355f13b9bf4a46,293.3500061035156,292.0,-0.004602031959867192,0.0121016473041905,0.014678609798969178
0e621c08210d20af4a98f949507f6d0381c39110f66249906575f4dc7512d065,8ae5f6ee848903890cb4f0e001234deeb51481f8615048adb378bba52ebe6b61,phase5b_shadow_v2,85599c6958e7a913402bbd4f7da042ac3a12769d,2026-09-24,2026-10-01T19:50:33.746254+00:00,SYK,USD,5,2026-09-23,2026-09-30,5,6,8b7fca81fd8e21ae055dafebcc541cdebc065eec99c5138e740eacabbaae2525,f4fa65a1a0d1920d26357f63b2bb1bedfd26e04736451c8eb93f5af04153c25c,272.5369567871094,275.3900146484375,0.010468517352517415,0.01335044176182476,0.01335044176182476
becd35b0d1a6d05f03461122b7b57a54d39561b12420d16888b3a7f1f8c7d38f,10f643d3808adb63a2ef9180cd6d42bf28a1a2fa03b14c5377a31f13e6975b0b,phase5b_shadow_v2,85599c6958e7a913402bbd4f7da042ac3a12769d,2026-09-24,2026-10-01T19:50:33.746254+00:00,SYM,,5,2026-09-23,2026-09-30,5,6,8b7fca81fd8e21ae055dafebcc541cdebc065eec99c5138e740eacabbaae2525,1245c7d38a0cce69dd9864b855deec72e4579db98b3ad21df90dca49c407d6a4,43.68999862670898,42.06999969482422,-0.03707939992688414,0.04989701015561665,0.05744783245683649
32c4a4eaf60a6c4fa563f63e41379d36c11961ec71ba6d7ad698c7c627f7f8a9,fea5e5d022e7e29418db658e1983a3e91ada138c415b7857ccd40511d35ceda4,phase5b_shadow_v2,85599c6958e7a913402bbd4f7da042ac3a12769d,2026-09-24,2026-10-01T19:50:33.746254+00:00,TE,USD,5,2026-09-23,2026-09-30,5,6,8b7fca81fd8e21ae055dafebcc541cdebc065eec99c5138e740eacabbaae2525,d38b47ae5513e3e3dca0d41736f1e3ae59173f421218cd51664f90fcfd54808d,4.039999961853027,3.859999895095825,-0.04455447239030208,0.11633664184359416,0.11633664184359416
cae9de49e054e6661b1069d3da2a2708515c6e8b8527fcaedc5ab55654f80f2e,1330fd7a958b158fc77a26ec57d4fa1aec978553a7464862df25fb1efadf8ec1,phase5b_shadow_v2,85599c6958e7a913402bbd4f7da042ac3a12769d,2026-09-24,2026-10-01T19:50:33.746254+00:00,TEAM,USD,5,2026-09-23,2026-09-30,5,6,8b7fca81fd8e21ae055dafebcc541cdebc065eec99c5138e740eacabbaae2525,57a5366acebd238fa0ed92ea638ba9f914f360fd93e35c7cf871d0ed91f15969,195.0800018310547,179.2899932861328,-0.08094119539016875,0.0980110464308177,0.0980110464308177
9f6d0745afdafbc0769f925788e8d326b905c06ec38f5e3dc395ab7db9aaccc7,6a57266e5613137bf80ab8e4eaa06f2672a358518026e49d4c1001c49643f199,phase5b_shadow_v2,85599c6958e7a913402bbd4f7da042ac3a12769d,2026-09-24,2026-10-01T19:50:33.746254+00:00,TEM,USD,5,2026-09-23,2026-09-30,5,6,8b7fca81fd8e21ae055dafebcc541cdebc065eec99c5138e740eacabbaae2525,1b70797b3f5f419580de03a201b39fd4309668ba434ebe412f3657c0cbfb1456,76.58999633789062,81.9000015258789,0.06933027081712129,0.0,0.037376589524414694
55e9ddca00748a90b6b4c0430f403e18049508e089364f2f736408fffcf271fa,ce677ea2a939ab4cb670d567bc07826b32a9b6c0fd6301deaf28772ea214d481,phase5b_shadow_v2,85599c6958e7a913402bbd4f7da042ac3a12769d,2026-09-24,2026-10-01T19:50:33.746254+00:00,TER,USD,5,2026-09-23,2026-09-30,5,6,8b7fca81fd8e21ae055dafebcc541cdebc065eec99c5138e740eacabbaae2525,54054518d54cae3f25ea3fe4e4899b347b1b564abfefc266d73321e3cca41561,389.1400146484375,400.9100036621094,0.03024615452179935,0.0037004738325538966,0.0052354359810449225
0b2e00912c66496bd522f0605e0e07ca7e982feedd307ca56ebbb91e882e84ac,c2a574db593bf3f91e9e4238ef915288b5230dbaaba147c3570fe7d425a1de29,phase5b_shadow_v2,85599c6958e7a913402bbd4f7da042ac3a12769d,2026-09-24,2026-10-01T19:50:33.746254+00:00,TME,USD,5,2026-09-23,2026-09-30,5,6,8b7fca81fd8e21ae055dafebcc541cdebc065eec99c5138e740eacabbaae2525,00e979b205592f473e15c2b51a4c62c2300165fe8c0aa5db52a7cb52f488345c,8.220000267028809,7.929999828338623,-0.035279857575358564,0.035279857575358564,0.05482723434573222
8e91678f5254f76708116c3a63750e8ba4bcf264aa66a3da9fd80b3aa86ba7bf,6b9f8a22e33c435b7b1df695e376665205f61f6140f3a793dda961dba5b96cf8,phase5b_shadow_v2,85599c6958e7a913402bbd4f7da042ac3a12769d,2026-09-24,2026-10-01T19:50:33.746254+00:00,TOM.OL,NOK,5,2026-09-23,2026-09-30,5,6,8b7fca81fd8e21ae055dafebcc541cdebc065eec99c5138e740eacabbaae2525,92322421950e1ee804fd4068308553e418dff352bb6923a8ea6123c358f703fb,90.9499969482422,91.5999984741211,0.007146800964147326,0.0,0.01452392166158789
d1b76f85b19dbf76a0fdcb5f39efcae11689a77ed6c5ef6cb2748415669b61fc,dda7f109899aa348839912b869fa3dc7c929a9e2dddbadb72e739d92dd6007a8,phase5b_shadow_v2,85599c6958e7a913402bbd4f7da042ac3a12769d,2026-09-24,2026-10-01T19:50:33.746254+00:00,TSLA,USD,5,2026-09-23,2026-09-30,5,6,8b7fca81fd8e21ae055dafebcc541cdebc065eec99c5138e740eacabbaae2525,b66c46b723a695edadebf31f410cb93ddef7af1f9e2d065c7d6e804e4870d6da,380.1199951171875,354.8099975585937,-0.06658423098945632,0.07176680819141523,0.07176680819141523
7df2fee2ea6584b8e0b3c161cf40f81000e481ef479885ea155afaeb9fa8669c,2ab2eb8963ade4d8e2460dbd2ba9e5a2c124a05618cbfbdab8035b9d492fb295,phase5b_shadow_v2,85599c6958e7a913402bbd4f7da042ac3a12769d,2026-09-24,2026-10-01T19:50:33.746254+00:00,TSMN.MX,MXN,5,2026-09-23,2026-09-30,5,6,8b7fca81fd8e21ae055dafebcc541cdebc065eec99c5138e740eacabbaae2525,09dfda04cfe8c56ca7b6b031b077433aa06aa86c1b56ee7f193df759a824492a,7842.75,8286.7802734375,0.05661665531063731,0.0,0.0
e6a7a358f61e3e7fa8fc07e1bc5b27db8b08f653665a74fadd3a5da9a6cc7fa8,e81ad1b14fc8b1c3ebda1f935ac7b25ff8e8a45e8a2a54b5d563027bd11d3447,phase5b_shadow_v2,85599c6958e7a913402bbd4f7da042ac3a12769d,2026-09-24,2026-10-01T19:50:33.746254+00:00,TTAN,USD,5,2026-09-23,2026-09-30,5,6,8b7fca81fd8e21ae055dafebcc541cdebc065eec99c5138e740eacabbaae2525,9cb3dbba46eccb6b242efff1db076e24929e41ded751480a7ca0c71070fc1837,61.650001525878906,65.79000091552734,0.06715327310917552,0.058394196264653475,0.058394196264653475
1e4c7295a2c421bb28b9637a2e26dbec171ccad93a1cb6c4ea1a1c67cb3af2f7,633bbf7d9233986f0af17911a58960b35b0d2a4fdacf8549cbfb065496b31bc9,phase5b_shadow_v2,85599c6958e7a913402bbd4f7da042ac3a12769d,2026-09-24,2026-10-01T19:50:33.746254+00:00,TTD,USD,5,2026-09-23,2026-09-30,5,6,8b7fca81fd8e21ae055dafebcc541cdebc065eec99c5138e740eacabbaae2525,12bdc4de6db598d802e1ab90bb48a0bedb727e5a2563fb82a961c2ad7d3ee501,12.68000030517578,12.170000076293944,-0.04022083727187775,0.04968455041627717,0.04968455041627717
cb059d605b384f7c1aca6f45202610f090752aefa4be648353de75ce4f91d2eb,48c441363567d06cf7a08d6b5aa4a326d7b65bf6ecbe7dbf167bf7406644b5fa,phase5b_shadow_v2,85599c6958e7a913402bbd4f7da042ac3a12769d,2026-09-24,2026-10-01T19:50:33.746254+00:00,TTK.DE,EUR,5,2026-09-23,2026-09-30,5,6,8b7fca81fd8e21ae055dafebcc541cdebc065eec99c5138e740eacabbaae2525,ce7533a09fed7c415025fcffb834f31c74cb189dd50575da3da6e777323ef251,3.039999961853028,3.0850000381469727,0.014802656861388597,0.0197368235304084,0.044871753724602725
9dc80d0a1981bef4ddaa4dfc33c29de9ad0a2fad04cf85cc794d30c551554441,73fa564ad305e41ede2efe53324688d7bad68c54f24babbdc5da006745eaa804,phase5b_shadow_v2,85599c6958e7a913402bbd4f7da042ac3a12769d,2026-09-24,2026-10-01T19:50:33.746254+00:00,UAA,USD,5,2026-09-23,2026-09-30,5,6,8b7fca81fd8e21ae055dafebcc541cdebc065eec99c5138e740eacabbaae2525,271552efada804707ceed85a672d440ce75140b81fca6cd0e53b791fa5f372ac,4.53000020980835,4.460000038146973,-0.01545257580999948,0.0573951913553743,0.0573951913553743
ade55d9c74f4e51b98cdd5c6ca8acd1ee84b83b263bcb3d9704eafda6007d38f,bca4d9d2d7e0c396eedfd69658c35e05f6a845bf5ab85af6a1d97fd9833d8a4f,phase5b_shadow_v2,85599c6958e7a913402bbd4f7da042ac3a12769d,2026-09-24,2026-10-01T19:50:33.746254+00:00,UBER,USD,5,2026-09-23,2026-09-30,5,6,8b7fca81fd8e21ae055dafebcc541cdebc065eec99c5138e740eacabbaae2525,8164838289889df40b5a68a969fda5927f3e32b69e5d4855b06ea89315a42ca2,69.41999816894531,68.51000213623047,-0.013108557428944567,0.01815031028623093,0.02097097137136117
f8392629505adce757b893a7da557ce5e7966a885844bc3f3fc83a4db04a53ef,c13d30ff85d3dcbcb3f16ba5d2ce2a4e7d6bf52e89d0b69651494974c6172e76,phase5b_shadow_v2,85599c6958e7a913402bbd4f7da042ac3a12769d,2026-09-24,2026-10-01T19:50:33.746254+00:00,UEC,USD,5,2026-09-23,2026-09-30,5,6,8b7fca81fd8e21ae055dafebcc541cdebc065eec99c5138e740eacabbaae2525,603928bd6c93f6f3a16ab37f7bf4238becd855697e84bb0f2d26b1d48aa0f1c4,9.949999809265137,9.449999809265137,-0.05025125724469015,0.07437183771894129,0.07437183771894129
f3b2bb50f479f4f540192a150287113c30cfed107cd3dd80489aa2ff5de7120b,4d4e996ee9d088dc95767880216ce9358314d050f530171b3bb785e4ddb8d8b0,phase5b_shadow_v2,85599c6958e7a913402bbd4f7da042ac3a12769d,2026-09-24,2026-10-01T19:50:33.746254+00:00,UMI.BR,EUR,5,2026-09-23,2026-09-30,5,6,8b7fca81fd8e21ae055dafebcc541cdebc065eec99c5138e740eacabbaae2525,0f0c3f4b1cf8297b7e059647dcb0714e4e8a4edd9899d8c5c607718a7ec65bf1,21.479999542236328,21.1200008392334,-0.016759716511867695,0.020484107825226472,0.020484107825226472
4f8a6a9e89231fd3cdfbb19c658ce19f7f6e6ad509ae7d510da039e0551a25af,39e6d20ae3b77491ad751d11724adda012f9bae1c6fca4112d0ae55fdd787e29,phase5b_shadow_v2,85599c6958e7a913402bbd4f7da042ac3a12769d,2026-09-24,2026-10-01T19:50:33.746254+00:00,UNH,USD,5,2026-09-23,2026-09-30,5,6,8b7fca81fd8e21ae055dafebcc541cdebc065eec99c5138e740eacabbaae2525,98f8d39bc231214fb4379cd5e448779ee3721a2450f163197dedc08f69817c5e,371.2900085449219,367.0799865722656,-0.011338904564535013,0.011338904564535013,0.02845195030051939
dabc1d9baf5a5815f6664e688fb29a931a92341fc2d4587786b558022c9158a9,02bb4a4d72876bf0e179ddf18b4a39b1a34c08fb584d26183fd732ad1e849dab,phase5b_shadow_v2,85599c6958e7a913402bbd4f7da042ac3a12769d,2026-09-24,2026-10-01T19:50:33.746254+00:00,USAR,USD,5,2026-09-23,2026-09-30,5,6,8b7fca81fd8e21ae055dafebcc541cdebc065eec99c5138e740eacabbaae2525,83dbfcd76b397f14282915813745b6241964f6e2a2e968d10aa89d07f7f8b454,15.829999923706056,14.079999923706056,-0.11054958992004194,0.11086545312061169,0.11086545312061169
79b8d565f53b82c62b284e74c63c06eea3702ea75b52ed81cc638101bd941f2d,c347531545cce6ae559a76d90ad9e289ead153ccc4b62c62b7742313690d1823,phase5b_shadow_v2,85599c6958e7a913402bbd4f7da042ac3a12769d,2026-09-24,2026-10-01T19:50:33.746254+00:00,UUUU,USD,5,2026-09-23,2026-09-30,5,6,8b7fca81fd8e21ae055dafebcc541cdebc065eec99c5138e740eacabbaae2525,237f0a1f8f01f449ec53c8e23b54c769f40ac2e1d8ac4d9bb0be76ed65874542,11.600000381469728,11.029999732971191,-0.04913798532361058,0.05258625778374992,0.05258625778374992
9c8e88edbff3b877a289320c33134738e3a3ba4aa61d4b087a7114a31e5e87d2,f5d2dc40a92ac5071ad4beaacda6f0547a0cf4b6e2810ff5a45ed3948fa958c3,phase5b_shadow_v2,85599c6958e7a913402bbd4f7da042ac3a12769d,2026-09-24,2026-10-01T19:50:33.746254+00:00,V,USD,5,2026-09-23,2026-09-30,5,6,8b7fca81fd8e21ae055dafebcc541cdebc065eec99c5138e740eacabbaae2525,0815c23cc7fe10d72902057fb54604f10f9cee17f27b87ece08a3a8ac481ccce,361.5199890136719,359.3299865722656,-0.006057763078000766,0.006057763078000766,0.023506777965675685
161d0f1f9251f2be72a2212150908a053581fec81293eea1f0dd985dba8d8480,d52a35fe246d848f5b370b8a1c117b901e46106c35545821b123813841cd6dfa,phase5b_shadow_v2,85599c6958e7a913402bbd4f7da042ac3a12769d,2026-09-24,2026-10-01T19:50:33.746254+00:00,VALE,BRL,5,2026-09-23,2026-09-30,5,6,8b7fca81fd8e21ae055dafebcc541cdebc065eec99c5138e740eacabbaae2525,2c759f77cfee3fc99180222463d894c574f7f272955c4b052ff3ce1e6186fdf0,13.81999969482422,13.40999984741211,-0.029667138673357685,0.03762659302258187,0.03762659302258187
1b8fceb802f6e56624e6d8160a53bf4694db2737aef64b891f8412fa3757e3cd,93d071d75c78cfa93ecc998e77ac81b1f5f8d574d7f5422f6b149c0cf25985a0,phase5b_shadow_v2,85599c6958e7a913402bbd4f7da042ac3a12769d,2026-09-24,2026-10-01T19:50:33.746254+00:00,VOW3.DE,EUR,5,2026-09-23,2026-09-30,5,6,8b7fca81fd8e21ae055dafebcc541cdebc065eec99c5138e740eacabbaae2525,d203a4cc1e352a896c4a47c913c27c35f718a093f9313ca257a89721db40fda6,72.9000015258789,70.45999908447266,-0.033470540333803256,0.033470540333803256,0.033470540333803256
4169ffb4e551e3825e8ad709dddb531f4cf88e6fa65aaffd4aee13de753e1371,f97a2fb447e23f20c65d383e39537524e610b2019c2975f548d515c826f72125,phase5b_shadow_v2,85599c6958e7a913402bbd4f7da042ac3a12769d,2026-09-24,2026-10-01T19:50:33.746254+00:00,VZLA.TO,CAD,5,2026-09-23,2026-09-30,5,6,8b7fca81fd8e21ae055dafebcc541cdebc065eec99c5138e740eacabbaae2525,4410df44705c062ddbe3191540dd47a7587626459d6159b726b7c57956c525ff,5.699999809265137,5.400000095367432,-0.052631530515153124,0.052631530515153124,0.052631530515153124
6338b6258d0ab40895114e793a92d2f12d41c02e331a4073137fd79e6dc1d590,052729ed700f98670fe4bb6093e245340e920a84c4d0e4dbba6853e3db4f6271,phase5b_shadow_v2,85599c6958e7a913402bbd4f7da042ac3a12769d,2026-09-24,2026-10-01T19:50:33.746254+00:00,WDAY,USD,5,2026-09-23,2026-09-30,5,6,8b7fca81fd8e21ae055dafebcc541cdebc065eec99c5138e740eacabbaae2525,c88d4057d47200e7fa904ec0605950fbe2db51a2e1f947c41041806f0b848d10,192.3800048828125,190.4600067138672,-0.009980237655752622,0.019648605277869047,0.019648605277869047
0aa1d65a32efb374dcc0826f58a976db9be0fd3e24d42a205c52430b37699ac4,151bede5e310864b87692106dd23a6abcf1f56ae5a42eb73203382f4aac66f07,phase5b_shadow_v2,85599c6958e7a913402bbd4f7da042ac3a12769d,2026-09-24,2026-10-01T19:50:33.746254+00:00,WM,USD,5,2026-09-23,2026-09-30,5,6,8b7fca81fd8e21ae055dafebcc541cdebc065eec99c5138e740eacabbaae2525,931ebb7f9011b94221d0664ea52f1c6a057bff04595fe93f239b094c69e9a1b4,207.8800048828125,203.9199981689453,-0.0190494834560907,0.0190494834560907,0.019426853310697045
d62e01ac2b45f31ad70c72490e3185f018f9bab46017d81f48e4801e313d4700,29320c43ab3af193de20c1a3040fadaec5d6bed498b6c3a6286a6eb9f4a5b14f,phase5b_shadow_v2,85599c6958e7a913402bbd4f7da042ac3a12769d,2026-09-24,2026-10-01T19:50:33.746254+00:00,WPM.TO,CAD,5,2026-09-23,2026-09-30,5,6,8b7fca81fd8e21ae055dafebcc541cdebc065eec99c5138e740eacabbaae2525,a18aac96676b1d3766609a8dfbe87a5f5855a8706623cc721ead477b074cf99b,205.0200042724609,190.0500030517578,-0.07301727104057976,0.07301727104057976,0.07301727104057976
91bde7c4608b3e98e2d40eb47211447e96cb2d6df2c3ceefe3ef46a58897367b,4f1421d7b8ca7c39696bea9b13977ca067fd1dbd9cfd28b562dec92a087fd5a5,phase5b_shadow_v2,85599c6958e7a913402bbd4f7da042ac3a12769d,2026-09-24,2026-10-01T19:50:33.746254+00:00,WYFI,USD,5,2026-09-23,2026-09-30,5,6,8b7fca81fd8e21ae055dafebcc541cdebc065eec99c5138e740eacabbaae2525,8f98f05dc59b3f9f41e13e82bb82a703ca7f5611158467c1718cc934672b8627,19.049999237060547,18.010000228881836,-0.05459312597532606,0.05459312597532606,0.11105626725475026
d637e469f349033facf3466e404f3060342388322e65f43b0a6310e6b3128a1d,1c82645af561e94d46948bf26935565a597eab1fc6429d9800544b4e615eec9a,phase5b_shadow_v2,85599c6958e7a913402bbd4f7da042ac3a12769d,2026-09-24,2026-10-01T19:50:33.746254+00:00,XOM,USD,5,2026-09-23,2026-09-30,5,6,8b7fca81fd8e21ae055dafebcc541cdebc065eec99c5138e740eacabbaae2525,01b8daf84899800b1a6b8b967442915177ca3c3554697ac200be091e92101f78,161.22999572753906,162.75,0.009427552643675341,0.003969480906828027,0.009559658675173055
afd8a81e5034e75d2431257178fd7f0a09a657e9f1ab0d97b1701e3d69473d3f,ae2d6d2eb3999316e8b28f241f5059e307c45b0c9a70f185553fd81e8e061ae5,phase5b_shadow_v2,85599c6958e7a913402bbd4f7da042ac3a12769d,2026-09-24,2026-10-01T19:50:33.746254+00:00,XPEV,USD,5,2026-09-23,2026-09-30,5,6,8b7fca81fd8e21ae055dafebcc541cdebc065eec99c5138e740eacabbaae2525,008a06428bc1d6002e2c225ca73b174be4979ce0956fc3a58c19c566a6d95051,10.289999961853027,9.5600004196167,-0.07094261855612971,0.07968898910244049,0.07968898910244049
28df7cecb279659afabf0543f0fd248f4e4386683449c0f9db3032b735d1cfdd,4aeb153e40f1236eaf5cc59a13531fa8a0d1c6f149f03001cb75eefc48c90d1d,phase5b_shadow_v2,85599c6958e7a913402bbd4f7da042ac3a12769d,2026-09-24,2026-10-01T19:50:33.746254+00:00,XSDG.F,EUR,5,2026-09-23,2026-09-30,5,6,8b7fca81fd8e21ae055dafebcc541cdebc065eec99c5138e740eacabbaae2525,58c6b9a00790df254422336780e56bd8c0487bc9d8a87c12de49e0dd34b89c8d,81.80000305175781,83.0,0.01466988879551634,0.031784914505082695,0.031784914505082695
7c615ee6e30d2e2df2aaaf4eb619c221b84a60989398b1b24c479bd923ab14e7,c51b5280da5f2c3b3969b080c41dab2a50adf1a38de59a1d7238a7e191595c57,phase5b_shadow_v2,85599c6958e7a913402bbd4f7da042ac3a12769d,2026-09-24,2026-10-01T19:50:33.746254+00:00,XYZ,USD,5,2026-09-23,2026-09-30,5,6,8b7fca81fd8e21ae055dafebcc541cdebc065eec99c5138e740eacabbaae2525,028a70e90ca30f06f38ed736b71b6f5d170a9979d7d22ea51403dab443ce28c4,74.68000030517578,73.52999877929688,-0.015399056255750998,0.018344975106904027,0.04469638259913411
4d9f4928f254726b73a74071d042a83148924bb433bdead6df9a883e27cde345,1c2d2252dd2c54fbac5cc26ab04b6c9347780b9e8357a406ec2356cb92cb14fd,phase5b_shadow_v2,85599c6958e7a913402bbd4f7da042ac3a12769d,2026-09-24,2026-10-01T19:50:33.746254+00:00,YASKY,USD,5,2026-09-23,2026-09-30,5,6,8b7fca81fd8e21ae055dafebcc541cdebc065eec99c5138e740eacabbaae2525,ffb2f132c954c2af12fe13a7e1e53cba020c3f8ac62eeb78f2c1211136bc9b3e,56.25,58.68000030517578,0.04320000542534719,0.0,0.007528016687965322
0096d078144e10eabc009436b2ba21ad5df06724af034679079d84548aa14779,a9b0ebe23c1e0c8e89a46bb9ef4a9e5115c30ed44a72c1958d748ec17ab9fad2,phase5b_shadow_v2,85599c6958e7a913402bbd4f7da042ac3a12769d,2026-09-24,2026-10-01T19:50:33.746254+00:00,YCA.L,GBP,5,2026-09-23,2026-09-30,5,6,8b7fca81fd8e21ae055dafebcc541cdebc065eec99c5138e740eacabbaae2525,c8da9025c06b69f71e8a74c95c882415c2811b1d74a4d7c144ef42c0210c7d9d,561.5,542.5,-0.03383793410507574,0.04363312555654497,0.04363312555654497
b1c28725f16979b149148e2376c410aa002f0cbcfaaacd21d9ea52952fada816,85f129d2a412282aaf6c350d7d5300d1ca2e3f1eadb00d1b04bf2fec9ad624a8,phase5b_shadow_v2,85599c6958e7a913402bbd4f7da042ac3a12769d,2026-09-24,2026-10-01T19:50:33.746254+00:00,ZETA,USD,5,2026-09-23,2026-09-30,5,6,8b7fca81fd8e21ae055dafebcc541cdebc065eec99c5138e740eacabbaae2525,b05f2a86fd37ed1ac2411923eb1861bdcee43eee2d2a23589b8baa378dc540e0,29.790000915527344,31.56999969482422,0.05975155168152724,0.027861759165709432,0.027861759165709432
