claim_id,schema_version,as_of,evaluated_at,symbol,currency,horizon_sessions,start_market_date,end_market_date,start_adjusted_close,end_adjusted_close,return,adverse_excursion,path_max_drawdown
b8e4e9aabac6385b9be77b573d7b662af7f460a2465ec9370b90b20f2dc4ae05,phase4e_shadow_v1,2026-09-24,2026-10-01T19:50:33.746254+00:00,0700.HK,HKD,5,2026-09-23,2026-09-30,441.0,431.0,-0.0226757369614512,0.0226757369614512,0.0226757369614512
c58f61d1c4989230333a766d2ffe80d2a43e79c14f5bf8acd6cb9e4620ddc782,phase4e_shadow_v1,2026-09-24,2026-10-01T19:50:33.746254+00:00,0857.HK,HKD,5,2026-09-23,2026-09-30,9.350000381469728,9.664999961853027,0.033689793318894434,0.0,0.021320845406761157
d9c5de257cb3524a6af7069f0d04aac12fd1978579133ee4c07c0eae63828a5f,phase4e_shadow_v1,2026-09-24,2026-10-01T19:50:33.746254+00:00,1211.HK,HKD,5,2026-09-23,2026-09-30,80.3499984741211,75.5999984741211,-0.05911636702183465,0.05911636702183465,0.05911636702183465
145cff39a67c27b7d363d2a29c7bbf328c291d39057826c09c241d935cc4e312,phase4e_shadow_v1,2026-09-24,2026-10-01T19:50:33.746254+00:00,1810.HK,HKD,5,2026-09-23,2026-09-30,26.18000030517578,25.239999771118164,-0.035905291180297616,0.037433137158618845,0.05191870446680513
dfc036828f6b5710f0ed9c791c52e84afc6617abcef6aae0e571e66f5f71041c,phase4e_shadow_v1,2026-09-24,2026-10-01T19:50:33.746254+00:00,2899.HK,HKD,5,2026-09-23,2026-09-30,33.58000183105469,32.2400016784668,-0.03990470754973763,0.057772553175150176,0.057772553175150176
8f42e4caff2995f4673a0edba080a375dc42a33cbe5a871a4d41956cf7425629,phase4e_shadow_v1,2026-09-24,2026-10-01T19:50:33.746254+00:00,3750.HK,HKD,5,2026-09-23,2026-09-30,511.5,484.2000122070313,-0.05337241015243144,0.05728247857862889,0.05728247857862889
096c64571e04be610f5c7da1a33fb615f44d1e697e8bda3eaee2ce5c8d3ed098,phase4e_shadow_v1,2026-09-24,2026-10-01T19:50:33.746254+00:00,6503.T,JPY,5,2026-09-18,2026-09-30,5096.5009765625,5205.0,0.02128892429069662,0.0,0.021482926751139497
f9441b751ab4367b9f985abd285f4d64a6f2ed107e7a2d754df227985a32a084,phase4e_shadow_v1,2026-09-24,2026-10-01T19:50:33.746254+00:00,6506.T,JPY,5,2026-09-18,2026-09-30,4383.0,4633.0,0.057038558065252154,0.0,0.011981362325271805
182de795b2ad182e4154c099b722f00316bd657dcd2862ca750a0c2bad2cd09f,phase4e_shadow_v1,2026-09-24,2026-10-01T19:50:33.746254+00:00,6861.T,JPY,5,2026-09-18,2026-09-30,76580.0,80480.0,0.05092713502219892,0.0,0.013819095477386911
0e060b38ff36b4a23404ee93dc950f113e4959c08466f64e02e146c90807a9e1,phase4e_shadow_v1,2026-09-24,2026-10-01T19:50:33.746254+00:00,8035.T,JPY,5,2026-09-18,2026-09-30,10259.8857421875,11815.0,0.15157227837519138,0.0,0.003538513702606494
cc23f5b252a8fb07eb5c68568a9143e47a454f76c393630fe3cafc3764c89766,phase4e_shadow_v1,2026-09-24,2026-10-01T19:50:33.746254+00:00,9880.HK,HKD,5,2026-09-23,2026-09-30,79.05000305175781,74.3499984741211,-0.05945609609349922,0.07969643021560546,0.07969643021560546
49e362624c4d7b6d2c2b072539c10b4781bf72842ae36c6fc285622d89afa405,phase4e_shadow_v1,2026-09-24,2026-10-01T19:50:33.746254+00:00,9888.HK,,5,2026-09-23,2026-09-30,88.55000305175781,85.80000305175781,-0.031055899550817778,0.04121966572655522,0.04121966572655522
30abf5ce2fc5218d7c41cf12775fc12604085ad57f11c658a5f70742390ceb21,phase4e_shadow_v1,2026-09-24,2026-10-01T19:50:33.746254+00:00,9988.HK,,5,2026-09-23,2026-09-30,109.8000030517578,106.5999984741211,-0.02914393887701694,0.03278693992220216,0.03454548228870724
2e63cc67729ec8c35d731fb61c24cc6894adb807601d7bf66ba12eaf196af105,phase4e_shadow_v1,2026-09-24,2026-10-01T19:50:33.746254+00:00,AAGFF,USD,5,2026-09-23,2026-09-30,0.4939999878406524,0.449999988079071,-0.08906882762064827,0.08906882762064827,0.08906882762064827
52792f3ae81276ff4307a4c19f4531c3a1d20e79605e2ec5e4b39baa9640527a,phase4e_shadow_v1,2026-09-24,2026-10-01T19:50:33.746254+00:00,AAPL,USD,5,2026-09-23,2026-09-30,337.0199890136719,333.0199890136719,-0.01186873221290663,0.022609920377388626,0.034215888753422186
31ada5649fb4eea7462b2cff7567bfaae9fec63630c89a583be2bbbce2c5e714,phase4e_shadow_v1,2026-09-24,2026-10-01T19:50:33.746254+00:00,ABBN.SW,CHF,5,2026-09-23,2026-09-30,82.41999816894531,79.41999816894531,-0.036398933106629894,0.036398933106629894,0.036398933106629894
1a612fa220d70281ed30b395231e28e3eb674c04d2e82c6e3c172ca2c7c81408,phase4e_shadow_v1,2026-09-24,2026-10-01T19:50:33.746254+00:00,ABT,USD,5,2026-09-23,2026-09-30,103.48999786376952,98.83000183105467,-0.045028467764093416,0.045028467764093416,0.045028467764093416
76ca1e17bb8a57eec82f8306f296b59a779473c150c663da2b6edb07eabd640a,phase4e_shadow_v1,2026-09-24,2026-10-01T19:50:33.746254+00:00,ABX.TO,CAD,5,2026-09-23,2026-09-30,59.84999847412109,57.869998931884766,-0.03308269996184654,0.03308269996184654,0.0466227643407634
b06c2c47721d545de905836142c29972ed84b810959d0429098aec69d0d61bfb,phase4e_shadow_v1,2026-09-24,2026-10-01T19:50:33.746254+00:00,ACB.TO,,5,2026-09-23,2026-09-30,5.940000057220459,5.559999942779541,-0.06397308262295431,0.06397308262295431,0.06397308262295431
07e2fad17e4ca03abc82698624088c921bd546cbbee8a527d0b9e667d889ab1f,phase4e_shadow_v1,2026-09-24,2026-10-01T19:50:33.746254+00:00,ADBE,USD,5,2026-09-23,2026-09-30,240.69000244140625,239.94000244140625,-0.0031160413494224493,0.04021773998247724,0.04021773998247724
96153bac3e7720bc04e6c1d100d47a707a71d27fd9ab9433b5b93fe75f7b7fc2,phase4e_shadow_v1,2026-09-24,2026-10-01T19:50:33.746254+00:00,AEM,USD,5,2026-09-23,2026-09-30,195.57000732421875,183.2700042724609,-0.0628930950100478,0.0628930950100478,0.0628930950100478
770a01cdd793e63b75abb7be72c3a95372fc61feb3687c7caf69deb6a6c48f4c,phase4e_shadow_v1,2026-09-24,2026-10-01T19:50:33.746254+00:00,AG.TO,CAD,5,2026-09-23,2026-09-30,26.8700008392334,25.18000030517578,-0.06289544031535776,0.06289544031535776,0.06428835198981608
e846ab37608a834cc2b8765ed0b23066f1bd8bcf5af79ca2cf0e48c1ead81153,phase4e_shadow_v1,2026-09-24,2026-10-01T19:50:33.746254+00:00,AGI.TO,CAD,5,2026-09-23,2026-09-30,48.56999969482422,46.06999969482422,-0.051472102444060974,0.051472102444060974,0.05652267115982734
a23ef8cd310bc74e32a03a54e89c975f469326255f8c670b33f3f48af15d926f,phase4e_shadow_v1,2026-09-24,2026-10-01T19:50:33.746254+00:00,ALB,USD,5,2026-09-23,2026-09-30,113.47000122070312,105.77999877929688,-0.06777123784857397,0.06777123784857397,0.06777123784857397
8ac3cca6da54d893bde2be0e60909d339d4ca5a1b05792a1aea76ffc1c85c3d8,phase4e_shadow_v1,2026-09-24,2026-10-01T19:50:33.746254+00:00,ALV.DE,EUR,5,2026-09-23,2026-09-30,413.1000061035156,416.2999877929688,0.007746263960720645,0.0,0.021621650310296614
794f0ced629d1ef2094f6b6d13cb71354ba5609a88c32a725eebcd60a5eeded5,phase4e_shadow_v1,2026-09-24,2026-10-01T19:50:33.746254+00:00,AMAT,USD,5,2026-09-23,2026-09-30,474.3800048828125,511.3800048828125,0.07799654205311679,0.00027405219755127774,0.0012304542309649058
0fb1953a348bba754cbcf199169d14b166ece2ccdb2c81c6f7378285acf29fab,phase4e_shadow_v1,2026-09-24,2026-10-01T19:50:33.746254+00:00,AMKR,,5,2026-09-23,2026-09-30,53.31999969482422,52.380001068115234,-0.017629381697093827,0.017629381697093827,0.03250828114840565
d64f5726d286eeaff0d4cf39538c69caf13400e047833284939e96f0fe05f53b,phase4e_shadow_v1,2026-09-24,2026-10-01T19:50:33.746254+00:00,AMZN,USD,5,2026-09-23,2026-09-30,249.2700042724609,249.1499938964844,-0.0004814473218579529,0.01251658973201697,0.014098627381248341
07b96353185c602e29592d2070fa341db6fbb3ae596eb48c213c0cee277d282f,phase4e_shadow_v1,2026-09-24,2026-10-01T19:50:33.746254+00:00,APLD,USD,5,2026-09-23,2026-09-30,27.229999542236328,24.3700008392334,-0.10503116970555948,0.10503116970555948,0.10503116970555948
5039738b8256808bc224ec6996a488d17ca74f776deb08fed5f66105242a762e,phase4e_shadow_v1,2026-09-24,2026-10-01T19:50:33.746254+00:00,APP,USD,5,2026-09-23,2026-09-30,315.25,290.42999267578125,-0.07873118897452414,0.07873118897452414,0.07873118897452414
c2ad845f3b0cea25d35733aff96ccc5997c7917d343867bdd035981ea604d8ab,phase4e_shadow_v1,2026-09-24,2026-10-01T19:50:33.746254+00:00,ASM.TO,CAD,5,2026-09-23,2026-09-30,8.5,7.900000095367432,-0.07058822407441978,0.07058822407441978,0.07058822407441978
3d1c6391e7e1c4de7054247da3055f7fa0dddfef0aff25102fd520ac4691aabc,phase4e_shadow_v1,2026-09-24,2026-10-01T19:50:33.746254+00:00,ASML,USD,5,2026-09-23,2026-09-30,1744.6099853515625,1811.6700439453125,0.038438424150275985,0.012673311248477703,0.012673311248477703
511837c5bf959ed276e05093584e533b484ca4a264a772ed6bbdc20872b7daec,phase4e_shadow_v1,2026-09-24,2026-10-01T19:50:33.746254+00:00,ASTS,,5,2026-09-23,2026-09-30,59.97999954223633,58.86000061035156,-0.018672873298308246,0.018672873298308246,0.04772691631445569
888fa3526dc003743aa6cc2d30d3b256e9a4b8f4bf9719dcf3f6c08a783b6841,phase4e_shadow_v1,2026-09-24,2026-10-01T19:50:33.746254+00:00,ASX,,5,2026-09-23,2026-09-30,43.93000030517578,44.459999084472656,0.012064620432848727,0.00978830644636075,0.018759705651199
670689de0a5828be3bf31ee717117e24144d07a2da2037728871fecab1b2a80f,phase4e_shadow_v1,2026-09-24,2026-10-01T19:50:33.746254+00:00,AUTO.OL,NOK,5,2026-09-23,2026-09-30,15.920000076293944,15.510000228881836,-0.02575375913613387,0.02575375913613387,0.02575375913613387
d45c211102154dc500b4c6a8c23f999fe7480f715cca84c8ebbd3e1631db89de,phase4e_shadow_v1,2026-09-24,2026-10-01T19:50:33.746254+00:00,AVAV,USD,5,2026-09-23,2026-09-30,155.94000244140625,142.22000122070312,-0.08798256384443981,0.08798256384443981,0.10299590991318897
07a175b790b9b0260777c4ba7ec6b4734d61e9f976167f689531f314e27f17c1,phase4e_shadow_v1,2026-09-24,2026-10-01T19:50:33.746254+00:00,AXON,USD,5,2026-09-23,2026-09-30,450.6099853515625,422.5199890136719,-0.06233771387905451,0.06886220853514269,0.06886220853514269
9927967342e41d4d6e4aced9e6b42cfc3de7154bb74c5f22c42d6754bf9f69a2,phase4e_shadow_v1,2026-09-24,2026-10-01T19:50:33.746254+00:00,BAS.DE,EUR,5,2026-09-23,2026-09-30,52.18000030517578,50.18000030517578,-0.038328861408642334,0.042928356944540225,0.045124295311255724
d9fdab9129d6885cf9dff36bb181469d096d146b38c78b3d46d71138c6b3fe3e,phase4e_shadow_v1,2026-09-24,2026-10-01T19:50:33.746254+00:00,BAYN.DE,EUR,5,2026-09-23,2026-09-30,49.310001373291016,47.95000076293945,-0.027580624061556258,0.027580624061556258,0.056102333010310534
5272c712114e623e7dc7147769a3365f4d1ebc955380f8ee46092a03e4f5aa1c,phase4e_shadow_v1,2026-09-24,2026-10-01T19:50:33.746254+00:00,BIDU,USD,5,2026-09-23,2026-09-30,89.77999877929688,86.87000274658203,-0.032412520297181,0.034194695216816506,0.034194695216816506
26bb3cf1d4b7f3769d84d73b40e3108b2678af38d49d089881e77661a050c2c5,phase4e_shadow_v1,2026-09-24,2026-10-01T19:50:33.746254+00:00,BLK,USD,5,2026-09-23,2026-09-30,1060.8900146484375,1058.2900390625,-0.0024507494179771827,0.0024507494179771827,0.02579375870598355
cc6cea34134a5e4dad9fd70a34ef1888f345cefd80e0c4ea5fec0d4e7c4c8a59,phase4e_shadow_v1,2026-09-24,2026-10-01T19:50:33.746254+00:00,BTO.TO,CAD,5,2026-09-23,2026-09-30,7.539999961853027,7.429999828338623,-0.014588877197735495,0.014588877197735495,0.03880985640292678
0c313dd0641414f5ec2659aa90ba64990259f866f08c10de042e68192560f880,phase4e_shadow_v1,2026-09-24,2026-10-01T19:50:33.746254+00:00,CCJ,USD,5,2026-09-23,2026-09-30,90.8000030517578,86.66999816894531,-0.045484633744541814,0.045484633744541814,0.045484633744541814
60fc70a5ccd93697432123e7dcd33f6c5ed18f2cf125f401cbec2da8e85d2161,phase4e_shadow_v1,2026-09-24,2026-10-01T19:50:33.746254+00:00,CDNL,USD,5,2026-09-23,2026-09-30,28.68000030517578,30.600000381469727,0.06694560864239074,0.04567641046035731,0.04567641046035731
44cae953eba51e94beb3650c98b291283001aec0a520d94c1c502b3453261131,phase4e_shadow_v1,2026-09-24,2026-10-01T19:50:33.746254+00:00,CGNX,USD,5,2026-09-23,2026-09-30,58.18999862670898,60.650001525878906,0.04227535585540987,0.008420654327780275,0.008420654327780275
14e9a0a0b7911434605673ffab21a45c0ad28f295e8a119661ce9768abb21c29,phase4e_shadow_v1,2026-09-24,2026-10-01T19:50:33.746254+00:00,CME,USD,5,2026-09-23,2026-09-30,270.79998779296875,261.9800109863281,-0.032570078302158745,0.032570078302158745,0.032570078302158745
9969140abc6c26d0394c5d611a60d3b7a58eb71356236bef14118b6174753a12,phase4e_shadow_v1,2026-09-24,2026-10-01T19:50:33.746254+00:00,CNC,USD,5,2026-09-23,2026-09-30,62.08000183105469,62.119998931884766,0.0006442831773576518,0.004188178617295146,0.006556850398466096
78fe56e1c3b6701894e835501a9bdaddb7743fc3846379aab042266e589f7e63,phase4e_shadow_v1,2026-09-24,2026-10-01T19:50:33.746254+00:00,COIN,USD,5,2026-09-23,2026-09-30,198.1300048828125,186.41000366210935,-0.059153086013575606,0.059153086013575606,0.06425381567374255
6d2eb4d1889913ec400dd69ec60434b59f2766a4ed4ebe712e70c62fd7ebf1f0,phase4e_shadow_v1,2026-09-24,2026-10-01T19:50:33.746254+00:00,CPB,USD,5,2026-09-23,2026-09-30,20.34000015258789,19.82999992370605,-0.025073757377378936,0.0476892480864155,0.0476892480864155
fd471f6e5704dd102174524864c2719f09a19d8b9712ee07727addd0a30c8a14,phase4e_shadow_v1,2026-09-24,2026-10-01T19:50:33.746254+00:00,CRWV,USD,5,2026-09-23,2026-09-30,86.9000015258789,87.12000274658203,0.002531659572383438,0.02105870884835037,0.056141104102850115
1d493a795867f7507cc8bb2b4bd0d54b22555ad46287140edbfa851a8f55d9fd,phase4e_shadow_v1,2026-09-24,2026-10-01T19:50:33.746254+00:00,CSTM,USD,5,2026-09-23,2026-09-30,24.959999084472656,24.190000534057617,-0.030849302029584025,0.030849302029584025,0.030849302029584025
15867fd385975c095a80ad2b4f5d82db497a1a770a3f8716f3b71dc82721a977,phase4e_shadow_v1,2026-09-24,2026-10-01T19:50:33.746254+00:00,CVX,USD,5,2026-09-23,2026-09-30,205.50999450683597,204.2100067138672,-0.006325667012392122,0.006325667012392122,0.010466581646686346
836c0232b50e4fd774fad47a2869260927488a328ccc248242bdb631a70ba8c7,phase4e_shadow_v1,2026-09-24,2026-10-01T19:50:33.746254+00:00,DB1.DE,EUR,5,2026-09-23,2026-09-30,282.29998779296875,286.1000061035156,0.013460922688150134,0.0,0.0034831068573347723
76e12f391892bc0b5d73c032b1959096703b2a63f7dd2636ba7c2994162d3bfe,phase4e_shadow_v1,2026-09-24,2026-10-01T19:50:33.746254+00:00,DIS,USD,5,2026-09-23,2026-09-30,103.45999908447266,104.9000015258789,0.0139184462995261,0.0,0.01177578880858754
df3dfca0d30d625534bf79280eceed0e7e5c3f2a135c0bf3901678192f56572d,phase4e_shadow_v1,2026-09-24,2026-10-01T19:50:33.746254+00:00,DRO.AX,AUD,5,2026-09-23,2026-09-30,1.6150000095367432,1.7000000476837158,0.05263160225698993,0.02476777809091235,0.02777775120506243
22e142ee292ddd3a2ada3f26ea143b03592636c1f03dabc4e9bb8822b336afc6,phase4e_shadow_v1,2026-09-24,2026-10-01T19:50:33.746254+00:00,DSV.TO,CAD,5,2026-09-23,2026-09-30,12.359999656677246,12.279999732971191,-0.006472485916521498,0.012944971833043106,0.02555915629380845
a8f46a3a034a8b53a8fb9c1cb5e7ae537dd11e94391e8acc853ce014c7c89ddb,phase4e_shadow_v1,2026-09-24,2026-10-01T19:50:33.746254+00:00,DVLT,USD,5,2026-09-23,2026-09-30,0.1500000059604644,0.1599999964237213,0.06666660043928685,0.0,0.06249994179233831
f3a18ad09a8a52c0fed73aa7b2aaa081db32d1ae2129bcb7adc673017bcdff74,phase4e_shadow_v1,2026-09-24,2026-10-01T19:50:33.746254+00:00,EDR.TO,CAD,5,2026-09-23,2026-09-30,13.050000190734863,12.199999809265137,-0.06513412789627415,0.06513412789627415,0.08201656551667225
7cd298149dec49f5d13f484861f21d4a74cb00c7413dbf2bd964c1e5f8bbf482,phase4e_shadow_v1,2026-09-24,2026-10-01T19:50:33.746254+00:00,ENR.DE,EUR,5,2026-09-23,2026-09-30,144.5399932861328,142.60000610351562,-0.01342180208059629,0.025321631197774863,0.025321631197774863
64697c342e8eb760853949e3356a3acb6b4b7a7549c6b34b422bb2d9230c757f,phase4e_shadow_v1,2026-09-24,2026-10-01T19:50:33.746254+00:00,ENSG,USD,5,2026-09-23,2026-09-30,175.39503479003906,172.0,-0.01935650455614768,0.01935650455614768,0.024360875079379674
b256d3a5a6b0bfe16523bff88cdd4e423894da9ecd33f048090d79b4c678998e,phase4e_shadow_v1,2026-09-24,2026-10-01T19:50:33.746254+00:00,EQX.TO,CAD,5,2026-09-23,2026-09-30,17.010000228881836,15.800000190734863,-0.07113462797563486,0.07113462797563486,0.07113462797563486
bbf8137c7804fcf8092a94f70fb259176229f1516c8a6843c1ea4ec7701044fe,phase4e_shadow_v1,2026-09-24,2026-10-01T19:50:33.746254+00:00,ETN,USD,5,2026-09-23,2026-09-30,438.760009765625,429.7099914550781,-0.020626351784842845,0.020626351784842845,0.023386383056640647
7979d4b36f591a8b6ac0bf16f137dd500df7fb6e959212332793a0da3fbc8803,phase4e_shadow_v1,2026-09-24,2026-10-01T19:50:33.746254+00:00,FANUY,USD,5,2026-09-23,2026-09-30,18.76000022888184,18.8700008392334,0.005863571908821585,0.0,0.017699024541551256
f9453d8f620b050f405181d9229d0c0c8cb0a3f582c0a9434ba7bedb069323ca,phase4e_shadow_v1,2026-09-24,2026-10-01T19:50:33.746254+00:00,FCX,USD,5,2026-09-23,2026-09-30,72.58000183105469,70.0,-0.03554700697115143,0.03554700697115143,0.03554700697115143
cf76f0ed1d498550ea01a321fe04955d905d25ba89440a0fdbcce2e1de77b08a,phase4e_shadow_v1,2026-09-24,2026-10-01T19:50:33.746254+00:00,FIGR,USD,5,2026-09-23,2026-09-30,34.65999984741211,28.850000381469727,-0.1676283754045137,0.1676283754045137,0.1676283754045137
3ef1048c2c19cffbc15c3d046775a3a9c87297660e225e0965124a70d04a7a65,phase4e_shadow_v1,2026-09-24,2026-10-01T19:50:33.746254+00:00,FISV,USD,5,2026-09-23,2026-09-30,45.95000076293945,45.18000030517578,-0.016757354624131082,0.016757354624131082,0.0279690027939703
cba3b1f36e0adbffb695cd16aae57a72e42cec3d1e6811bd61a41370889b384f,phase4e_shadow_v1,2026-09-24,2026-10-01T19:50:33.746254+00:00,FLNC,USD,5,2026-09-23,2026-09-30,7.579999923706055,7.679999828338623,0.01319259968853359,0.015831119626240175,0.0445859756540915
347437aeae22c5124b6e8538b8daf7e238307c229afd002273245d259054a11b,phase4e_shadow_v1,2026-09-24,2026-10-01T19:50:33.746254+00:00,FME.DE,EUR,5,2026-09-23,2026-09-30,39.59999847412109,39.56999969482422,-0.0007575449609290574,0.010100952691779352,0.03162052356155143
57d55f2fe6381d3d4be44f774137788bcd2b3979c93863069494dea63edeccac,phase4e_shadow_v1,2026-09-24,2026-10-01T19:50:33.746254+00:00,FRES.L,GBP,5,2026-09-23,2026-09-30,2889.0,2728.0,-0.05572862582208371,0.05711318795430942,0.057439446366782
5f730469f9947ab789dcfd592d48fcc8a942e9eb4b37d49e2d5158432edb2865,phase4e_shadow_v1,2026-09-24,2026-10-01T19:50:33.746254+00:00,FSLR,USD,5,2026-09-23,2026-09-30,191.97000122070312,175.16000366210938,-0.08756575220973051,0.10319319389813775,0.10319319389813775
9e0a42cd355132fc1245865a82d7ae0d0e3e24c828458804088863e1ac888af9,phase4e_shadow_v1,2026-09-24,2026-10-01T19:50:33.746254+00:00,GMED,USD,5,2026-09-23,2026-09-30,73.95999908447266,74.9000015258789,0.012709605909170474,0.0,0.010437321839682934
557991dfda1d69a1ef30247d38d1ed52347ce348668dbd9f978e9dc1c8ad6d2d,phase4e_shadow_v1,2026-09-24,2026-10-01T19:50:33.746254+00:00,GOOGL,USD,5,2026-09-23,2026-09-30,337.8299865722656,344.0799865722656,0.01850042994529466,0.0,0.008722958487062171
7ac84a1c2f9c5c65a8c26320236914177f94017bdb56403b72bf9c79ef02df51,phase4e_shadow_v1,2026-09-24,2026-10-01T19:50:33.746254+00:00,GOT.V,CAD,5,2026-09-23,2026-09-30,1.7300000190734863,1.5299999713897705,-0.11560696270444393,0.11560696270444393,0.11560696270444393
cbb64d968cd7fdc55fa85667885964709f57352187a80aa822b863d384966ba6,phase4e_shadow_v1,2026-09-24,2026-10-01T19:50:33.746254+00:00,GRAB,USD,5,2026-09-23,2026-09-30,3.200000047683716,3.109999895095825,-0.02812504726461995,0.03281250547152015,0.03281250547152015
339cfe83e86979241a50f3fa9f1ddeba4ef9792366387ad67f34994bdab1a20c,phase4e_shadow_v1,2026-09-24,2026-10-01T19:50:33.746254+00:00,HIMS,USD,5,2026-09-23,2026-09-30,28.38999938964844,29.790000915527344,0.04931319323625516,0.0,0.024473124115817146
bce25e953ded030ddca08bc4aff4abe8c0c5f8e871a943d1ac4977fd36a8565f,phase4e_shadow_v1,2026-09-24,2026-10-01T19:50:33.746254+00:00,HL,USD,5,2026-09-23,2026-09-30,18.270000457763672,17.030000686645508,-0.06787081226323877,0.06896552804115619,0.06896552804115619
3d126f279d3d73544810464cbb9be1da1123ad52aeb2a133584e5ff29b32de75,phase4e_shadow_v1,2026-09-24,2026-10-01T19:50:33.746254+00:00,HMY,USD,5,2026-09-23,2026-09-30,18.729999542236328,17.719999313354492,-0.05392419933616521,0.05392419933616521,0.06589351846312519
a01199ca33f9313d1d52ac95c41c667859ac5ec8d3d5fd01b65ce7b8053acb70,phase4e_shadow_v1,2026-09-24,2026-10-01T19:50:33.746254+00:00,ICE,USD,5,2026-09-23,2026-09-30,156.35000610351562,152.02999877929688,-0.02763036236377614,0.02763036236377614,0.031224075225746106
86061ba472ae294bdeea31e0a9746ac1cdab77468a0bb4929121ec53a02468aa,phase4e_shadow_v1,2026-09-24,2026-10-01T19:50:33.746254+00:00,IFX.DE,EUR,5,2026-09-23,2026-09-30,58.56999969482422,59.5,0.015878441352595196,0.03944000999363417,0.03944000999363417
bd1c434544a0325d64741418dc2abef1bc999887aeffcb083f2a83bd89c3eb46,phase4e_shadow_v1,2026-09-24,2026-10-01T19:50:33.746254+00:00,ILMN,USD,5,2026-09-23,2026-09-30,255.3800048828125,273.67999267578125,0.07165787235913856,0.0,0.014238751308473185
8900d454d94b12e4d54be3ed45bb1d56c2873b14e929e2ab1ddac2bcd9b2e51c,phase4e_shadow_v1,2026-09-24,2026-10-01T19:50:33.746254+00:00,INCY,USD,5,2026-09-23,2026-09-30,124.63999938964844,121.3499984741211,-0.026396028013785267,0.026396028013785267,0.027800041893823346
4369621052c6855098772bb8fbdc7e1df25bd7628b6c3ebcfe9ee344a51f4b9e,phase4e_shadow_v1,2026-09-24,2026-10-01T19:50:33.746254+00:00,INGR,USD,5,2026-09-23,2026-09-30,96.81999969482422,95.80999755859376,-0.01043175107843397,0.01043175107843397,0.01043175107843397
23c01a7a435fbf461a5b050edecf5f75c646a488a19646c5a049775b19084126,phase4e_shadow_v1,2026-09-24,2026-10-01T19:50:33.746254+00:00,INOD,USD,5,2026-09-23,2026-09-30,71.98999786376953,65.76000213623047,-0.08653974041405599,0.08653974041405599,0.08653974041405599
8d688b0cff237ee4ad9575cb9243277ab7caa9fd42592020c05348b73f48cf74,phase4e_shadow_v1,2026-09-24,2026-10-01T19:50:33.746254+00:00,IREN,USD,5,2026-09-23,2026-09-30,47.04999923706055,40.880001068115234,-0.13113705141328258,0.13113705141328258,0.13113705141328258
f5111af89aa4faf74bc77812a9fd20f21e263ffc02612740a4b12dbcff682c0c,phase4e_shadow_v1,2026-09-24,2026-10-01T19:50:33.746254+00:00,ISRG,USD,5,2026-09-23,2026-09-30,398.2999877929688,406.6300048828125,0.020913927554960132,0.0,0.019672613838348174
b2721dc62b604982afc18eeac8d954933e70741b4668752456b4274b824db925,phase4e_shadow_v1,2026-09-24,2026-10-01T19:50:33.746254+00:00,JD,USD,5,2026-09-23,2026-09-30,27.15999984741211,26.600000381469727,-0.020618537153480165,0.031664234726919815,0.031664234726919815
993c8baefccd4ac655081dcdfaea5bdcf9661c072f468e2e44d4293c58d5f62c,phase4e_shadow_v1,2026-09-24,2026-10-01T19:50:33.746254+00:00,JNJ,USD,5,2026-09-23,2026-09-30,269.1700134277344,264.739990234375,-0.016458085865306615,0.016458085865306615,0.026512306118844253
41c00309a41f9836ce1e6ff33a598598b55fdc5de21641455e53659284966141,phase4e_shadow_v1,2026-09-24,2026-10-01T19:50:33.746254+00:00,KEP,USD,5,2026-09-23,2026-09-30,10.890000343322754,10.960000038146973,0.006427887292688617,0.003673090963449921,0.012612643109136457
f61584c46cf0dfa0e2c31d13c369952e703bfba57c93f4846370956411b9cdb0,phase4e_shadow_v1,2026-09-24,2026-10-01T19:50:33.746254+00:00,KLAC,,5,2026-09-23,2026-09-30,187.8600006103516,194.92999267578125,0.03763436624326344,0.003992334704371769,0.008141281806613332
192ce4237a3195758926600b25f479771d913ffb6819fbf06598c6988f50f679,phase4e_shadow_v1,2026-09-24,2026-10-01T19:50:33.746254+00:00,KLAR,USD,5,2026-09-23,2026-09-30,12.9399995803833,12.390000343322754,-0.04250380640617113,0.044822252126292095,0.044822252126292095
fd02c2ad028990abcdb4830444891d9dfac90cb64a20df7778b34bf98efb84fc,phase4e_shadow_v1,2026-09-24,2026-10-01T19:50:33.746254+00:00,KO,USD,5,2026-09-23,2026-09-30,88.08999633789062,86.08000183105469,-0.022817511526804002,0.022817511526804002,0.022928452645317288
e23e97efae7bad52e5de97f103a8269b6a6b7f6a1c551d80787410ef0049c0b0,phase4e_shadow_v1,2026-09-24,2026-10-01T19:50:33.746254+00:00,LC0A.MU,USD,5,2026-09-23,2026-09-30,29.600000381469727,28.399999618530277,-0.04054056579305576,0.04054056579305576,0.04054056579305576
8c77deece7828f230ca448cc018064930bbd2e5f79f02b32fc01bc9c3152f31c,phase4e_shadow_v1,2026-09-24,2026-10-01T19:50:33.746254+00:00,LGO,USD,5,2026-09-23,2026-09-30,0.7300000190734863,0.4900000095367431,-0.3287671277616546,0.3287671277616546,0.3287671277616546
a3c59ba3cf7ccdcc37a85b6c62167af1a7a2dcf8d50cc745d298eb2b0f7c6551,phase4e_shadow_v1,2026-09-24,2026-10-01T19:50:33.746254+00:00,LIN,USD,5,2026-09-23,2026-09-30,469.7200012207031,474.6499938964844,0.010495598788574645,0.003363677442219992,0.003363677442219992
4630158a76f11159571cfe26d93f3383e810990e92e740d6d078858f524f9439,phase4e_shadow_v1,2026-09-24,2026-10-01T19:50:33.746254+00:00,LRCX,,5,2026-09-23,2026-09-30,307.2799987792969,328.510009765625,0.06909011673609289,0.0003905074123411456,0.0023476103373469837
2b1a3d5a8cc35281a6f813d1a3cae0f6f0b915e83e377d56dcda3d740724f5fe,phase4e_shadow_v1,2026-09-24,2026-10-01T19:50:33.746254+00:00,LUMN,USD,5,2026-09-23,2026-09-30,6.130000114440918,5.599999904632568,-0.08646006523878957,0.09787926483379694,0.09787926483379694
e5517e4ce100c7d3891846b157e8b0d572effc3d5f1cf2146cf2a7c5c6c5619a,phase4e_shadow_v1,2026-09-24,2026-10-01T19:50:33.746254+00:00,MA,USD,5,2026-09-23,2026-09-30,559.9199829101562,551.469970703125,-0.015091463896524493,0.015091463896524493,0.02954640265716557
30877ea72a40af55b20b44c4f698cb39f6becd5e5a2b4950919a1d10426461a2,phase4e_shadow_v1,2026-09-24,2026-10-01T19:50:33.746254+00:00,MBLY,USD,5,2026-09-23,2026-09-30,7.610000133514404,7.389999866485596,-0.028909364411168426,0.028909364411168426,0.0797011068204343
1e596464f9efacfc53004c47d080a819dd7c9aff772bde8e12aa7b96c8f9ffa3,phase4e_shadow_v1,2026-09-24,2026-10-01T19:50:33.746254+00:00,MC.PA,EUR,5,2026-09-23,2026-09-30,396.8999938964844,390.0,-0.017384716559819213,0.017384716559819213,0.022066168661813435
7736ed21b8122fdc2e53502f14181cd1f9533b449f579eef072628f9b4e76bba,phase4e_shadow_v1,2026-09-24,2026-10-01T19:50:33.746254+00:00,MCD,USD,5,2026-09-23,2026-09-30,238.32000732421875,230.94000244140625,-0.030966786908379396,0.030966786908379396,0.030966786908379396
2084e87521c5d4e46b9b0cbea71a973a77bb5d8c918ece6e4887adb872f93b7a,phase4e_shadow_v1,2026-09-24,2026-10-01T19:50:33.746254+00:00,MELI,USD,5,2026-09-23,2026-09-30,1799.239990234375,1728.530029296875,-0.03929990513844073,0.04825924086056843,0.04825924086056843
1211b751b91d32c63a660fb06096fada80ce5c6112a0a70824a4142427370ebf,phase4e_shadow_v1,2026-09-24,2026-10-01T19:50:33.746254+00:00,META,USD,5,2026-09-23,2026-09-30,744.0999755859375,725.1799926757812,-0.025426667828147398,0.03827440048808439,0.0796949929886378
aab42fe2a77904f83568d60e61e1da593b796b7f08c4ec3bb3288ceb95816528,phase4e_shadow_v1,2026-09-24,2026-10-01T19:50:33.746254+00:00,MGMA.V,CAD,5,2026-09-23,2026-09-30,0.1400000005960464,0.1299999952316284,-0.07142860944173746,0.07142860944173746,0.07142860944173746
594ba4caa7729d4a22ec07316c7544a6a0705da4a6adec5ebdad4d318496c1e2,phase4e_shadow_v1,2026-09-24,2026-10-01T19:50:33.746254+00:00,MNSO,USD,5,2026-09-23,2026-09-30,8.979999542236328,9.289999961853027,0.034521206616843436,0.02227169481740643,0.02227169481740643
808e2289e18f6104b072288720b0c2c53b56ca2dfa8551f44ad500432457cff3,phase4e_shadow_v1,2026-09-24,2026-10-01T19:50:33.746254+00:00,MP,USD,5,2026-09-23,2026-09-30,48.88999938964844,47.290000915527344,-0.03272649814063744,0.07077110099545736,0.07849896535040002
0c30badf6f75e67e8b649c4d40763f9b9575d9e29dd72fb2389e5f4811d781f9,phase4e_shadow_v1,2026-09-24,2026-10-01T19:50:33.746254+00:00,MRNA,USD,5,2026-09-23,2026-09-30,182.1100006103516,192.57000732421875,0.05743784898583204,0.0,0.05352402944212731
6a57e8ad6b7324cc8278d70ef55451b70313bce5910a740e88f597b1a2f2b693,phase4e_shadow_v1,2026-09-24,2026-10-01T19:50:33.746254+00:00,MSFT,USD,5,2026-09-23,2026-09-30,500.5899963378906,512.9000244140625,0.024591038906544238,0.005313737153296749,0.013968250176866759
c0b517a502ad3ba9353307d87deabb5309387f8ac38de5516cb7980d37de845a,phase4e_shadow_v1,2026-09-24,2026-10-01T19:50:33.746254+00:00,MU,USD,5,2026-09-23,2026-09-30,1071.8800048828125,1065.1099853515625,-0.0063160237157238175,0.016699653256447733,0.026148545720196537
da3c79aeb6e7ae6e611932f24512e5c7b4705cce8f80b63f252df83180b68776,phase4e_shadow_v1,2026-09-24,2026-10-01T19:50:33.746254+00:00,NBIS,USD,5,2026-09-23,2026-09-30,226.6100006103516,235.8800048828125,0.0409073043885666,0.0,0.04764248007342353
1f21ddf2d68f83d133ab9b48b95da99bf4a5ea53cc13bd0e2eb17bf9d59c3c2f,phase4e_shadow_v1,2026-09-24,2026-10-01T19:50:33.746254+00:00,NDA.DE,EUR,5,2026-09-23,2026-09-30,168.0,160.89999389648438,-0.04226194109235493,0.04523813156854539,0.04523813156854539
63d7a8394873ded74fa01c4a479320c8c1a90fcadd83cbad8895ed2eb2eefd38,phase4e_shadow_v1,2026-09-24,2026-10-01T19:50:33.746254+00:00,NEE,USD,5,2026-09-23,2026-09-30,77.0199966430664,75.73999786376953,-0.016619044859593646,0.019864955154274333,0.019864955154274333
56f828e1a12a0811f733cbe08990675f8bcb2920890e767de219d70fc1a4aa25,phase4e_shadow_v1,2026-09-24,2026-10-01T19:50:33.746254+00:00,NEM.AX,AUD,5,2026-09-23,2026-09-30,177.02000427246094,167.4499969482422,-0.05406172801515152,0.05682972158959998,0.05682972158959998
19a2b554eda8d2146afcc33d1889f028c8a8c4126ca7c97953785b299e6190ab,phase4e_shadow_v1,2026-09-24,2026-10-01T19:50:33.746254+00:00,NESN.SW,,5,2026-09-23,2026-09-30,77.0999984741211,76.0199966430664,-0.014007806127482536,0.014007806127482536,0.024634407726420893
6ff61b4d290d5273985822c44e709928676db709c9fe1b6c857f4996a85773eb,phase4e_shadow_v1,2026-09-24,2026-10-01T19:50:33.746254+00:00,NFLX,USD,5,2026-09-23,2026-09-30,71.36000061035156,69.58000183105469,-0.024943928868726317,0.029848615964123026,0.03471831875890641
00db8f3955d5e468ff59fad26b0e1345009172631cf35d0c3142fb5ca4ddf66f,phase4e_shadow_v1,2026-09-24,2026-10-01T19:50:33.746254+00:00,NIO,USD,5,2026-09-23,2026-09-30,3.670000076293945,3.430000066757202,-0.06539509660694631,0.07356947556229076,0.07356947556229076
9bbb7a8d73cf3bc396d55b65f1ddcc90c6304860b9ad9083d74fe41e41cb90dd,phase4e_shadow_v1,2026-09-24,2026-10-01T19:50:33.746254+00:00,NKE,USD,5,2026-09-23,2026-09-30,36.04999923706055,35.400001525878906,-0.018030450067622272,0.018030450067622272,0.027205217927295355
1762d253200550a6930c4d4f7a8ed4c61fe69c673ce5fe519f003650a2e46899,phase4e_shadow_v1,2026-09-24,2026-10-01T19:50:33.746254+00:00,NOVO-B.CO,DKK,5,2026-09-23,2026-09-30,252.25,253.1999969482422,0.003766092956361433,0.0023786168623016746,0.005335992504014175
bd2657d05d4997bb2dceb7266f30c3c692347339e91ade4695d374fd33dfb351,phase4e_shadow_v1,2026-09-24,2026-10-01T19:50:33.746254+00:00,NOW,USD,5,2026-09-23,2026-09-30,140.77999877929688,134.00999450683594,-0.0480892479838303,0.07699954845776547,0.07699954845776547
4cbe2bd3b058beaeee78aeda6d15883d98da76700c13be6eb1ae2ec634722f18,phase4e_shadow_v1,2026-09-24,2026-10-01T19:50:33.746254+00:00,NRDS,USD,5,2026-09-23,2026-09-30,8.100000381469727,8.779999732971191,0.08395053326875046,0.0,0.0
3fa86dcedf5f54572b75e0f05a3e35a6c514cad802bbe10a3772d8317e838950,phase4e_shadow_v1,2026-09-24,2026-10-01T19:50:33.746254+00:00,NVDA,USD,5,2026-09-23,2026-09-30,225.50999450683597,228.3800048828125,0.012726754671130713,0.004123953254555612,0.007209621131189392
eabae2aa540c90e1d658506ab496cedb98c0f5d42a4c33e182eb193e302a8265,phase4e_shadow_v1,2026-09-24,2026-10-01T19:50:33.746254+00:00,NXP,USD,5,2026-09-23,2026-09-30,13.18000030517578,13.43000030517578,0.01896813309646328,0.017450720074742465,0.017450720074742465
0ecb30660879b24f4fd4dcd1d44c630fdb9b550c07223a6fed04b0be9320c79d,phase4e_shadow_v1,2026-09-24,2026-10-01T19:50:33.746254+00:00,OCGN,USD,5,2026-09-23,2026-09-30,1.0,1.0299999713897705,0.029999971389770508,0.0,0.05504592674447206
3dd02a25de8f648d94386ccf6a97984020c07de50e819efac7fcedaa215780ae,phase4e_shadow_v1,2026-09-24,2026-10-01T19:50:33.746254+00:00,OGN,USD,5,2026-09-23,2026-09-30,13.729999542236328,13.699999809265137,-0.002184976982621545,0.002184976982621545,0.002911205423533403
ef010e2d8f4c5ee35cb6fd5fa4041210f4bd308e12eb06a1565edac4330a9fc9,phase4e_shadow_v1,2026-09-24,2026-10-01T19:50:33.746254+00:00,ON,USD,5,2026-09-23,2026-09-30,74.0999984741211,76.87000274658203,0.0373819747571027,0.012820471900198083,0.020077661705122263
38092bb2091fba0fb57f8c7a959e181a3a3f40a5bcd1487f6635bba6183c73f7,phase4e_shadow_v1,2026-09-24,2026-10-01T19:50:33.746254+00:00,ORCL,USD,5,2026-09-23,2026-09-30,144.55999755859375,137.3000030517578,-0.050221324221407015,0.08273375523702842,0.08273375523702842
b5ef692e7ecac28ab404963e1dfad91a552aa2a909af1131de0c8df907b37921,phase4e_shadow_v1,2026-09-24,2026-10-01T19:50:33.746254+00:00,OXY,USD,5,2026-09-23,2026-09-30,57.36000061035156,55.31999969482422,-0.03556486913912604,0.04218971335237143,0.053574515955653434
fb3845f19d52be60c5f6fb3e6f71c508be3898e1683c7c75971945c42cd4d96c,phase4e_shadow_v1,2026-09-24,2026-10-01T19:50:33.746254+00:00,PAAS.TO,CAD,5,2026-09-23,2026-09-30,67.77999877929688,64.73999786376953,-0.04485100280727505,0.04485100280727505,0.04780114872943475
d932c30020d746ef315159b8c07f4dd82af9426fd390739ab73b6768281b496f,phase4e_shadow_v1,2026-09-24,2026-10-01T19:50:33.746254+00:00,PATH,USD,5,2026-09-23,2026-09-30,13.039999961853027,12.84000015258789,-0.015337408730844548,0.06518407852425623,0.06518407852425623
a6cc46c7a9891e25710c6fce958f635efc83809783404a0672d74a106a4d9d33,phase4e_shadow_v1,2026-09-24,2026-10-01T19:50:33.746254+00:00,PEP,USD,5,2026-09-23,2026-09-30,130.17999267578125,126.72000122070312,-0.026578519355853536,0.026578519355853536,0.026578519355853536
78fd4f204529724f9bc5b1285f500f9c13842bd6210552d2501166ef77aae0c5,phase4e_shadow_v1,2026-09-24,2026-10-01T19:50:33.746254+00:00,PFE,USD,5,2026-09-23,2026-09-30,28.18000030517578,28.520000457763672,0.012065299819228326,0.0,0.00696374862021043
08a53d6cb9562bc1b8ac04389900b9bc89d540272cbb28a7dfc9b29a82069301,phase4e_shadow_v1,2026-09-24,2026-10-01T19:50:33.746254+00:00,PG,USD,5,2026-09-23,2026-09-30,147.38999938964844,145.27999877929688,-0.014315765106786116,0.014315765106786116,0.025162719121762156
038bf9ae496e33ddfc24ae2e92dbaabcf15bf7b2da9553401b13c54d883e917a,phase4e_shadow_v1,2026-09-24,2026-10-01T19:50:33.746254+00:00,PGY,USD,5,2026-09-23,2026-09-30,18.71999931335449,17.31999969482422,-0.07478630715181367,0.09188030857070995,0.09188030857070995
ccabfba4e9df25ad955c9b89046d998ae309a8392c8eb19564a27849ac590dcb,phase4e_shadow_v1,2026-09-24,2026-10-01T19:50:33.746254+00:00,PKX,USD,5,2026-09-23,2026-09-30,56.27000045776367,56.40999984741211,0.0024879933980721525,0.0037319900971083397,0.02558782051057984
b7b622001b25219a5d0edbe0edb19c298b4a02fc20ce1e6e26fc3bd40ad3fb21,phase4e_shadow_v1,2026-09-24,2026-10-01T19:50:33.746254+00:00,PL,,5,2026-09-23,2026-09-30,16.3799991607666,16.389999389648438,0.0006105146150305885,0.0,0.07037466625459854
09f8f20b7922d68f018a439938fac4183e2c32b2edbf9f5f2ec19245f20a65e6,phase4e_shadow_v1,2026-09-24,2026-10-01T19:50:33.746254+00:00,PLTR,USD,5,2026-09-23,2026-09-30,191.7899932861328,187.0500030517578,-0.02471448146569033,0.02513161392231089,0.02918113725557947
0c930f839977a635725e6871ce52b373375ea3a2d3d76409c7ac34a75338a24b,phase4e_shadow_v1,2026-09-24,2026-10-01T19:50:33.746254+00:00,PM,USD,5,2026-09-23,2026-09-30,190.83999633789065,190.82000732421875,-0.00010474226606305148,0.0018864002162011229,0.015884407783477994
d02127f104271d3774f41a9896da6620f5c8e58c1a91fadc546ac76636dc37e3,phase4e_shadow_v1,2026-09-24,2026-10-01T19:50:33.746254+00:00,PPTA,USD,5,2026-09-23,2026-09-30,23.31999969482422,21.56999969482422,-0.0750428826286994,0.07675810598642474,0.08343972343850548
e1d02bd78fd3dcfe9d39c54815e88b5edfc0967ff0387be1373f6e6f74391acc,phase4e_shadow_v1,2026-09-24,2026-10-01T19:50:33.746254+00:00,PYPL,USD,5,2026-09-23,2026-09-30,52.5099983215332,52.52999877929688,0.00038088856223561507,0.0,0.0456032357281877
f7da42184f1e35085e736bf9d706c2ca0bf356927bc22c4f13402516264a69b6,phase4e_shadow_v1,2026-09-24,2026-10-01T19:50:33.746254+00:00,QBTS,,5,2026-09-23,2026-09-30,16.809999465942383,16.56999969482422,-0.01427720278066702,0.022605542703109105,0.06006860781222956
b5a53ec984423f82e45a317bfee94b6e5fd76fdb34facf90c70c3cbec4f5329d,phase4e_shadow_v1,2026-09-24,2026-10-01T19:50:33.746254+00:00,QS,USD,5,2026-09-23,2026-09-30,4.909999847412109,4.644999980926514,-0.053971461246636876,0.07128307851517368,0.07692309919824758
7f7e1dc5496e44754bd9c0da5ef1e09340e1eb2a1e7979eee48fb8fa9fccb462,phase4e_shadow_v1,2026-09-24,2026-10-01T19:50:33.746254+00:00,RACE,USD,5,2026-09-23,2026-09-30,413.0499877929688,392.8500061035156,-0.04890444809691641,0.04890444809691641,0.04890444809691641
39e475716e7c3c61bcf81ba8d09b0401706e5d9d9d7630773395e309820548e5,phase4e_shadow_v1,2026-09-24,2026-10-01T19:50:33.746254+00:00,RCAT,USD,5,2026-09-23,2026-09-30,6.590000152587891,6.460000038146973,-0.019726875786166276,0.02124436116557238,0.05147064289007064
b53d425a33e0a78a3f455c4e4b9682a3e6d439ae6c5331e07238663cb994f9ed,phase4e_shadow_v1,2026-09-24,2026-10-01T19:50:33.746254+00:00,RGTI,,5,2026-09-23,2026-09-30,16.0049991607666,15.739999771118164,-0.016557288568813888,0.016557288568813888,0.05522209392077837
351b81033e305b033ba69fcafe2392936e676dfc5b1330ff48855e55e7fcd0b9,phase4e_shadow_v1,2026-09-24,2026-10-01T19:50:33.746254+00:00,RHM.DE,EUR,5,2026-09-23,2026-09-30,1025.0,956.4000244140624,-0.0669268054496952,0.0669268054496952,0.0669268054496952
b86d08b37c986b19d5b9afbb2c093e11640ca05041052c309a2c8968a019d20f,phase4e_shadow_v1,2026-09-24,2026-10-01T19:50:33.746254+00:00,RI.PA,EUR,5,2026-09-23,2026-09-30,59.59999847412109,60.65999984741211,0.01778525839646261,0.014765054965564572,0.014765054965564572
1d703ee6fd32019d19ae10129fd2936264ae84f381d0f65a58fbc37690695d4e,phase4e_shadow_v1,2026-09-24,2026-10-01T19:50:33.746254+00:00,RIGD.IL,USD,5,2026-09-23,2026-09-30,51.29999923706055,49.0,-0.04483429378686932,0.04483429378686932,0.04483429378686932
27fc65b5dd9366ec5a65000390488e5bf22a6c5d9c0e9d6a449053ed5f05ca85,phase4e_shadow_v1,2026-09-24,2026-10-01T19:50:33.746254+00:00,RKLB,,5,2026-09-23,2026-09-30,70.30999755859375,69.68000030517578,-0.008960279836348395,0.008960279836348395,0.05774167436484123
0e67f2468d49e36786e12f67cb091d3353289fde69a501227639062a6d6a9fab,phase4e_shadow_v1,2026-09-24,2026-10-01T19:50:33.746254+00:00,ROK,USD,5,2026-09-23,2026-09-30,432.8900146484375,435.3299865722656,0.005636470792262704,0.0038578238610808002,0.0067488027570487
5ef8db756adc93c0aa0fddc06692ea9a6839db2098aec25f9b54b5540b1083fc,phase4e_shadow_v1,2026-09-24,2026-10-01T19:50:33.746254+00:00,ROL,USD,5,2026-09-23,2026-09-30,32.4900016784668,30.1200008392334,-0.07294554376105644,0.07571563141690107,0.07571563141690107
a6c276535ed815ebbe28743946d8b03dd13733540734569ec8c92eb6a812516d,phase4e_shadow_v1,2026-09-24,2026-10-01T19:50:33.746254+00:00,RR.L,GBP,5,2026-09-23,2026-09-30,1503.199951171875,1461.5999755859375,-0.02767427949522394,0.02767427949522394,0.02767427949522394
a032b9e4e721c435551eb163d1256adbfdadef16058b734c87c4fa3abe0d2caa,phase4e_shadow_v1,2026-09-24,2026-10-01T19:50:33.746254+00:00,SAP.DE,EUR,5,2026-09-23,2026-09-30,186.4600067138672,185.66000366210935,-0.004290480655111728,0.013085929172739985,0.013085929172739985
f340ae6febbe7fb248d08ee99e9369e026c44c507c13c423ce1407b7f4308740,phase4e_shadow_v1,2026-09-24,2026-10-01T19:50:33.746254+00:00,SE,USD,5,2026-09-23,2026-09-30,103.29000091552734,97.36000061035156,-0.057411174872826765,0.057411174872826765,0.057411174872826765
bbbe6153fad96c806ffe9a2cc2d50cdc477ee045336e07cc0ec608c9a53777c1,phase4e_shadow_v1,2026-09-24,2026-10-01T19:50:33.746254+00:00,SGM.AX,AUD,5,2026-09-23,2026-09-30,24.30626106262207,23.90999984741211,-0.016302845352851425,0.01835989711131536,0.027878818774622727
d61be13ff334da291ccd5d7a11adc29fba2beb3466fe0f804b97393a4c172030,phase4e_shadow_v1,2026-09-24,2026-10-01T19:50:33.746254+00:00,SHOP,USD,5,2026-09-23,2026-09-30,142.33999633789062,148.3000030517578,0.0418716233469556,0.0006322631741326745,0.0200468695831878
704bf010faed6c4a1da00012225449d96e1655fb143f9e6ad87e33c75ace3cff,phase4e_shadow_v1,2026-09-24,2026-10-01T19:50:33.746254+00:00,SMX,USD,5,2026-09-23,2026-09-30,9.640000343322754,6.610000133514404,-0.31431536326729603,0.31431536326729603,0.31431536326729603
7fba4a19ecd0cffe5b3c6a12422098afae91094524d1174a8483421629c81f6a,phase4e_shadow_v1,2026-09-24,2026-10-01T19:50:33.746254+00:00,SN.L,GBP,5,2026-09-23,2026-09-30,1007.34423828125,1008.843994140625,0.0014888215987951536,0.002977703787757968,0.00345678208466238
14b99b685eb746b927c9e029be5e79da551d4f33a36ebe2a108875966304f6b8,phase4e_shadow_v1,2026-09-24,2026-10-01T19:50:33.746254+00:00,SNN,USD,5,2026-09-23,2026-09-30,26.81999969482422,26.959999084472656,0.005219962387824184,0.005219962387824184,0.005219962387824184
6e215c07b171b95d58cc3c07433e10a6dd1bbdb736d96a83ba1810fef44acb46,phase4e_shadow_v1,2026-09-24,2026-10-01T19:50:33.746254+00:00,SNOW,USD,5,2026-09-23,2026-09-30,334.8099975585937,339.5599975585937,0.01418715102486967,0.01998148947220546,0.02327798793649971
61c5dc46abc358c6ec9b137a9346893211864c6de8aca7f20400bde707bb4599,phase4e_shadow_v1,2026-09-24,2026-10-01T19:50:33.746254+00:00,SOLB.BR,EUR,5,2026-09-23,2026-09-30,25.479999542236328,24.31999969482422,-0.04552589749812441,0.04552589749812441,0.04552589749812441
4e7e8273aac6bf07e44ed5a72f4ad46d4eebd700d002cf400de2b3ba9d3a530b,phase4e_shadow_v1,2026-09-24,2026-10-01T19:50:33.746254+00:00,SPCX,USD,5,2026-09-23,2026-09-30,148.36000061035156,150.86000061035156,0.016850903139087547,0.019479639914795177,0.02158993552063182
218f744f59fdc92525c00eeff61c196c15457694571a22d1547acdf2e4640b92,phase4e_shadow_v1,2026-09-24,2026-10-01T19:50:33.746254+00:00,SPOT,USD,5,2026-09-23,2026-09-30,510.3999938964844,487.3800048828125,-0.04510185989214688,0.04510185989214688,0.04693183106660537
9970b02574f2c75ed439f266b9af9e2072238423c4173a8808a15e2234a0fec8,phase4e_shadow_v1,2026-09-24,2026-10-01T19:50:33.746254+00:00,STLA,USD,5,2026-09-23,2026-09-30,4.619999885559082,4.360000133514404,-0.056277004001097364,0.056277004001097364,0.056277004001097364
27d5be10523f696ca49fa0d8ab97562bf32e6eda98152a656870d5dcdc6f5204,phase4e_shadow_v1,2026-09-24,2026-10-01T19:50:33.746254+00:00,SU.PA,EUR,5,2026-09-23,2026-09-30,293.3500061035156,292.0,-0.004602031959867192,0.0121016473041905,0.014678609798969178
55c4d74560eae42e7dd0e6360fd28ecd0f0f1df6adfa0398fe6bd44820faaa3e,phase4e_shadow_v1,2026-09-24,2026-10-01T19:50:33.746254+00:00,SYK,USD,5,2026-09-23,2026-09-30,272.5369567871094,275.3900146484375,0.010468517352517415,0.01335044176182476,0.01335044176182476
fde1a673a8e0308fae6dad8d3b1ff90a91a9ccc26f1bc2bb4e210df8da1c28b3,phase4e_shadow_v1,2026-09-24,2026-10-01T19:50:33.746254+00:00,SYM,,5,2026-09-23,2026-09-30,43.68999862670898,42.06999969482422,-0.03707939992688414,0.04989701015561665,0.05744783245683649
8e1c6da3606299a893f87df20f04ac6cb8eb6321461ceb4d416f5fb1a6d5e1b0,phase4e_shadow_v1,2026-09-24,2026-10-01T19:50:33.746254+00:00,TE,USD,5,2026-09-23,2026-09-30,4.039999961853027,3.859999895095825,-0.04455447239030208,0.11633664184359416,0.11633664184359416
27451fe13a5594e4a692fbdadc04b7da1dd0535677c3e91743bcd3bbaa408b21,phase4e_shadow_v1,2026-09-24,2026-10-01T19:50:33.746254+00:00,TEAM,USD,5,2026-09-23,2026-09-30,195.0800018310547,179.2899932861328,-0.08094119539016875,0.0980110464308177,0.0980110464308177
213b342844ace009c1f8e8523ec753ea7ea4cde86ecb7dcdb0837c46ceac6b2f,phase4e_shadow_v1,2026-09-24,2026-10-01T19:50:33.746254+00:00,TEM,USD,5,2026-09-23,2026-09-30,76.58999633789062,81.9000015258789,0.06933027081712129,0.0,0.037376589524414694
3334db53657d95f924689b9103848d4483fbb513faeb36612f2c4b28af8cc334,phase4e_shadow_v1,2026-09-24,2026-10-01T19:50:33.746254+00:00,TER,USD,5,2026-09-23,2026-09-30,389.1400146484375,400.9100036621094,0.03024615452179935,0.0037004738325538966,0.0052354359810449225
cb4198bfcbe794a047c8f7e8583c7e25bd49a8d81ac58b8fb45ab85635e6d73b,phase4e_shadow_v1,2026-09-24,2026-10-01T19:50:33.746254+00:00,TME,USD,5,2026-09-23,2026-09-30,8.220000267028809,7.929999828338623,-0.035279857575358564,0.035279857575358564,0.05482723434573222
cc2c2b0dab8d6d23bb34175ea88c4f14ad94cc71d2ff332631a5544731bada16,phase4e_shadow_v1,2026-09-24,2026-10-01T19:50:33.746254+00:00,TOM.OL,NOK,5,2026-09-23,2026-09-30,90.9499969482422,91.5999984741211,0.007146800964147326,0.0,0.01452392166158789
6872ae3008f756f737e46f5939d394e9e5ceac45be525454476734ae3e6c7381,phase4e_shadow_v1,2026-09-24,2026-10-01T19:50:33.746254+00:00,TSLA,USD,5,2026-09-23,2026-09-30,380.1199951171875,354.8099975585937,-0.06658423098945632,0.07176680819141523,0.07176680819141523
fb41274c48550df374a7b5b5a40c7d97328d4ec95a541693f6c6a5b5089c06e1,phase4e_shadow_v1,2026-09-24,2026-10-01T19:50:33.746254+00:00,TSMN.MX,MXN,5,2026-09-23,2026-09-30,7842.75,8286.7802734375,0.05661665531063731,0.0,0.0
1d192005c434e22902b873401f8b772f2e7ada7dbcceb0aeadca0c9d896c508e,phase4e_shadow_v1,2026-09-24,2026-10-01T19:50:33.746254+00:00,TTAN,USD,5,2026-09-23,2026-09-30,61.650001525878906,65.79000091552734,0.06715327310917552,0.058394196264653475,0.058394196264653475
0beb53a39ee310af5830a776a37c4c266e43af92f044521b92f1cae7b5a18761,phase4e_shadow_v1,2026-09-24,2026-10-01T19:50:33.746254+00:00,TTD,USD,5,2026-09-23,2026-09-30,12.68000030517578,12.170000076293944,-0.04022083727187775,0.04968455041627717,0.04968455041627717
8508ef8be50a50a7ea4220c15ddb3bc249c981f3404562f71cfedd4fc0e50f88,phase4e_shadow_v1,2026-09-24,2026-10-01T19:50:33.746254+00:00,TTK.DE,EUR,5,2026-09-23,2026-09-30,3.039999961853028,3.0850000381469727,0.014802656861388597,0.0197368235304084,0.044871753724602725
e3cf2e681d916adce357d6fc7adcb70bfd00528d3626a053d9aa7671d8f2d062,phase4e_shadow_v1,2026-09-24,2026-10-01T19:50:33.746254+00:00,UAA,USD,5,2026-09-23,2026-09-30,4.53000020980835,4.460000038146973,-0.01545257580999948,0.0573951913553743,0.0573951913553743
34763a779ada8c40cf3944c4e8fcb4f2de72f54467be608fb55f55842870e6c0,phase4e_shadow_v1,2026-09-24,2026-10-01T19:50:33.746254+00:00,UBER,USD,5,2026-09-23,2026-09-30,69.41999816894531,68.51000213623047,-0.013108557428944567,0.01815031028623093,0.02097097137136117
94651dc060bf354d7576e48bd75c9c3078ea24fc6dea405cae7fdcd60a85fa16,phase4e_shadow_v1,2026-09-24,2026-10-01T19:50:33.746254+00:00,UEC,USD,5,2026-09-23,2026-09-30,9.949999809265137,9.449999809265137,-0.05025125724469015,0.07437183771894129,0.07437183771894129
033fadabddf3bd7a1c8c0aed4df08e91f1cca1ee7f26d4ce799aaacd3112cbd9,phase4e_shadow_v1,2026-09-24,2026-10-01T19:50:33.746254+00:00,UMI.BR,EUR,5,2026-09-23,2026-09-30,21.479999542236328,21.1200008392334,-0.016759716511867695,0.020484107825226472,0.020484107825226472
5f13b52f20c572e251aa8b85ff6664bd06858c8d47f003d45216997fc0365361,phase4e_shadow_v1,2026-09-24,2026-10-01T19:50:33.746254+00:00,UNH,USD,5,2026-09-23,2026-09-30,371.2900085449219,367.0799865722656,-0.011338904564535013,0.011338904564535013,0.02845195030051939
d61ed02a04f2f7194145cc40b0059db7ab1cffc99c5560355b5e1559424c586a,phase4e_shadow_v1,2026-09-24,2026-10-01T19:50:33.746254+00:00,USAR,USD,5,2026-09-23,2026-09-30,15.829999923706056,14.079999923706056,-0.11054958992004194,0.11086545312061169,0.11086545312061169
e5274f7ac7aeedcdb3c77d1ab98bdc7a26e7ec520e92309de2a1a2611da6b99f,phase4e_shadow_v1,2026-09-24,2026-10-01T19:50:33.746254+00:00,UUUU,USD,5,2026-09-23,2026-09-30,11.600000381469728,11.029999732971191,-0.04913798532361058,0.05258625778374992,0.05258625778374992
10f3286804e953183db567ddd5680dd6ea170d4ac47be23c3610d3c1af36facd,phase4e_shadow_v1,2026-09-24,2026-10-01T19:50:33.746254+00:00,V,USD,5,2026-09-23,2026-09-30,361.5199890136719,359.3299865722656,-0.006057763078000766,0.006057763078000766,0.023506777965675685
3408eb63ed82cd772a62b59d4615eb24a9477a77aff6700639b054876570dcb4,phase4e_shadow_v1,2026-09-24,2026-10-01T19:50:33.746254+00:00,VALE,BRL,5,2026-09-23,2026-09-30,13.81999969482422,13.40999984741211,-0.029667138673357685,0.03762659302258187,0.03762659302258187
5af4692cb46ddc9edad61db7bbe5b46a92b6366fb492aba96035d58c0c23e31e,phase4e_shadow_v1,2026-09-24,2026-10-01T19:50:33.746254+00:00,VOW3.DE,EUR,5,2026-09-23,2026-09-30,72.9000015258789,70.45999908447266,-0.033470540333803256,0.033470540333803256,0.033470540333803256
118f8e1f50b1aca9baf6c9228200629f35e1fa1904a48c559aa6c6f0d206674d,phase4e_shadow_v1,2026-09-24,2026-10-01T19:50:33.746254+00:00,VZLA.TO,CAD,5,2026-09-23,2026-09-30,5.699999809265137,5.400000095367432,-0.052631530515153124,0.052631530515153124,0.052631530515153124
49367aad21c0c1b01f95b57264503ad933e0711e8df9ea69ca5144641251af63,phase4e_shadow_v1,2026-09-24,2026-10-01T19:50:33.746254+00:00,WDAY,USD,5,2026-09-23,2026-09-30,192.3800048828125,190.4600067138672,-0.009980237655752622,0.019648605277869047,0.019648605277869047
609cf77e572b239179b8a6c69622d7b6ef20c65b584cccb4f335ee358024b211,phase4e_shadow_v1,2026-09-24,2026-10-01T19:50:33.746254+00:00,WM,USD,5,2026-09-23,2026-09-30,207.8800048828125,203.9199981689453,-0.0190494834560907,0.0190494834560907,0.019426853310697045
79fd31d92983797bf3ecefe7d212b49dc61eedc8c1fb23b3a00886c774863ee9,phase4e_shadow_v1,2026-09-24,2026-10-01T19:50:33.746254+00:00,WPM.TO,CAD,5,2026-09-23,2026-09-30,205.0200042724609,190.0500030517578,-0.07301727104057976,0.07301727104057976,0.07301727104057976
74bc60caa879cbce189b776e4689be56b77b764f9f49e9d93b3278ab3233afdc,phase4e_shadow_v1,2026-09-24,2026-10-01T19:50:33.746254+00:00,WYFI,USD,5,2026-09-23,2026-09-30,19.049999237060547,18.010000228881836,-0.05459312597532606,0.05459312597532606,0.11105626725475026
0ef72dd3f57e501eeb4f4d775bd1ffd32e7c620193c4430cef08b228a90258b3,phase4e_shadow_v1,2026-09-24,2026-10-01T19:50:33.746254+00:00,XOM,USD,5,2026-09-23,2026-09-30,161.22999572753906,162.75,0.009427552643675341,0.003969480906828027,0.009559658675173055
eb8c053bd0069384f104977bd9589238babef2b43dac26a5f82a1df04fd451f8,phase4e_shadow_v1,2026-09-24,2026-10-01T19:50:33.746254+00:00,XPEV,USD,5,2026-09-23,2026-09-30,10.289999961853027,9.5600004196167,-0.07094261855612971,0.07968898910244049,0.07968898910244049
d8975c763e74938834c123bc13f352629154b8c39f6192907128af4d2a08e6bf,phase4e_shadow_v1,2026-09-24,2026-10-01T19:50:33.746254+00:00,XSDG.F,EUR,5,2026-09-23,2026-09-30,81.80000305175781,83.0,0.01466988879551634,0.031784914505082695,0.031784914505082695
c11d2f3fce7e4a8753f7b55ceba11393f20a1bf84848f4a2a5b5a62826b6a593,phase4e_shadow_v1,2026-09-24,2026-10-01T19:50:33.746254+00:00,XYZ,USD,5,2026-09-23,2026-09-30,74.68000030517578,73.52999877929688,-0.015399056255750998,0.018344975106904027,0.04469638259913411
32fec2943f6d45e90823a8b3e6813c5409f7e791e9d0c3b3c868c46957e456f5,phase4e_shadow_v1,2026-09-24,2026-10-01T19:50:33.746254+00:00,YASKY,USD,5,2026-09-23,2026-09-30,56.25,58.68000030517578,0.04320000542534719,0.0,0.007528016687965322
5daebef7635aa7b913ef84dbe23f62ce1b83717fbf055809517769760f55789c,phase4e_shadow_v1,2026-09-24,2026-10-01T19:50:33.746254+00:00,YCA.L,GBP,5,2026-09-23,2026-09-30,561.5,542.5,-0.03383793410507574,0.04363312555654497,0.04363312555654497
78d1d1d322ac03525f8c8a955a37fd75418beb0e67f0bcb0f21799fe1b772607,phase4e_shadow_v1,2026-09-24,2026-10-01T19:50:33.746254+00:00,ZETA,USD,5,2026-09-23,2026-09-30,29.790000915527344,31.56999969482422,0.05975155168152724,0.027861759165709432,0.027861759165709432
