Ticker,Name,Yahoo,Akt. Kurs,Währung,Perf %,Score,CRV,Elliott-Signal,Elliott-Einstieg,Elliott-Ausstieg,MC-Chance,Zyklus %,Zyklus-Status,ROE %,Debt/Equity,Div. Rendite %,FCF,Enterprise Value,Revenue,FCF Yield %,Growth %,Margin %,Rule of 40,Current Ratio,Institutional Ownership %,Radar Vector,PE,ConfidenceScore,ConfidenceLabel,ConfidenceBreakdown,ISIN,Symbol,YahooSymbol,Sektor,Akt. Kurs [€],Volatility,DownsideDev,MaxDrawdown,AvgVolume,DollarVolume,SMA200,Trend200,MarketRegimeStock,MarketTrend200Stock,MarketRegimeCrypto,MarketTrend200Crypto,MarketDate,RS3M,Sector,Industry,Country,Currency,Perf 1D %,Perf 1Y %,cycle,AssetType,pillar_primary,bucket_type,pillar_confidence,pillar_reason,pillar_tags,OpportunityScore,RiskScore,ScoreError,ScoreMarketRegime,ScoreAssetClass,ScoreRiskMult,ScoreOppW,ScoreRiskW,ScoreMarketTrend200,ticker,name,isin,symbol,yahoo_symbol,category,sector,industry,country,currency,price,price_eur,perf_pct,score,crv,confidence,elliott_signal,mc_chance,cycle_status,rs3m,trend200,sma200,volatility,downside_dev,max_drawdown,avg_volume,dollar_volume,regime_stock,trend200_stock,regime_crypto,trend200_crypto,market_date,trend_ok,liquidity_ok,is_crypto,score_status,crypto_base,quote_currency,asset_id,ticker_display,cluster_official,TrendOK,LiquidityOK
WPM.TO,WHEATON PREC.,WPM.TO,190.11000061035156,CAD,22.800779164380415,42.97,3.74,BUY,214.41,269.3,76.2,38.5,Zyklus-neutral,13.05,0.099,48.0,376391360.0,87851417600.0,1830402048.0,0.43,54.5,54.72,109.22,8.089,73.33,"[100.0, 26.1, 95.05, 81.5, 16.33]",34.90334,79.4,HIGH,"{""coverage"": 1.0, ""confluence"": 0.6, ""risk_clean"": 1.0, ""regime_align"": 0.7807773837185601, ""liquidity"": 0.37387387387387383, ""weights"": {""coverage"": 0.25, ""confluence"": 0.25, ""risk_clean"": 0.2, ""regime_align"": 0.2, ""liquidity"": 0.1}}",CA9628791027,WPM.TO,WPM.TO,Edelmetalle ⛏️,202.53,0.5080784186553039,0.35388155458210735,0.35599557018995076,825504.95,156936746.54834822,183.53964599609375,0.03579801289579487,bull,0.06680806656130689,bull,0.17205224154845267,2026-09-30,0.16763175266484764,Basic Materials,Gold,Canada,CAD,-0.8914642104965065,22.800779164380415,38.5,stock,S4 Fundament,pillar,84.0,manual thematic assignment after stack redesign,"materials, mining, metals",78.36,37.94,,bull,stock,,,,0.06680806656130689,WPM.TO,WHEATON PREC.,CA9628791027,WPM.TO,WPM.TO,Edelmetalle ⛏️,Basic Materials,Gold,Canada,CAD,190.11000061035156,202.53,22.800779164380415,42.97,3.74,79.4,BUY,76.2,Zyklus-neutral,0.16763175266484764,0.03579801289579487,183.53964599609375,0.5080784186553039,0.35388155458210735,0.35599557018995076,825504.95,156936746.54834822,bull,0.06680806656130689,bull,0.17205224154845267,2026-09-30,True,True,False,OK,,,WPM.TO,WPM.TO,Gold,True,True
NVDA,NVIDIA CORP.,NVDA,229.66000366210938,USD,23.384188294904227,39.76,0.0,Seitwärts,0.0,0.0,60.0,73.6,Zyklus-neutral,107.36,9.102,2.0,53282873344.0,4531735756800.0,187141996544.0,1.18,62.5,53.01,115.51,4.468,69.59,"[100.0, 100.0, 0.0, 26.36, 30.04]",24.441496,96.7,HIGH,"{""coverage"": 1.0, ""confluence"": 1.0, ""risk_clean"": 1.0, ""regime_align"": 0.8599934776405365, ""liquidity"": 0.9504504504504504, ""weights"": {""coverage"": 0.25, ""confluence"": 0.25, ""risk_clean"": 0.2, ""regime_align"": 0.2, ""liquidity"": 0.1}}",US67066G1040,NVDA,NVDA,Gehirn,186.47,0.37707183940850975,0.22509962385918755,0.20214384555482312,110643987.55,25410498585.92338,199.81388557434082,0.1493695896157543,bull,0.06680806656130689,bull,0.17205224154845267,2026-09-30,0.15179051285063472,Technology,Semiconductors,United States,USD,1.0782962351334913,23.384188294904227,73.6,stock,S2 Gehirn,pillar,85.0,manual thematic assignment after stack redesign,"ai, semis, software",69.82,26.78,,bull,stock,,,,0.06680806656130689,NVDA,NVIDIA CORP.,US67066G1040,NVDA,NVDA,Gehirn,Technology,Semiconductors,United States,USD,229.66000366210938,186.47,23.384188294904227,39.76,0.0,96.7,Seitwärts,60.0,Zyklus-neutral,0.15179051285063472,0.1493695896157543,199.81388557434082,0.37707183940850975,0.22509962385918755,0.20214384555482312,110643987.55,25410498585.92338,bull,0.06680806656130689,bull,0.17205224154845267,2026-09-30,True,True,False,OK,,,NVDA,NVDA,Semiconductors,True,True
JNJ,Johnson & Johnson,JNJ,265.6499938964844,USD,46.498026905708855,37.16,0.0,Seitwärts,0.0,0.0,79.0,76.2,Zyklus-neutral,35.56,57.766,218.0,0.0,601488490496.0,94193000448.0,0.0,9.1,28.46,37.56,1.0,75.59,"[18.2, 71.12, 0.0, 23.78, 14.01]",18.998785,82.0,HIGH,"{""coverage"": 1.0, ""confluence"": 0.6, ""risk_clean"": 1.0, ""regime_align"": 0.6999714646773469, ""liquidity"": 0.7972972972972973, ""weights"": {""coverage"": 0.25, ""confluence"": 0.25, ""risk_clean"": 0.2, ""regime_align"": 0.2, ""liquidity"": 0.1}}",US4781601046,JNJ,JNJ,Pharma 🧪,224.44,0.18909430813807743,0.11656760488724577,0.10959122461615511,6146497.4,1632816996.7947571,239.25180427551268,0.11033642860462023,bull,0.06680806656130689,bull,0.17205224154845267,2026-09-30,-0.013396458090816799,Healthcare,Drug Manufacturers - General,United States,USD,-0.7175742329774137,46.498026905708855,76.2,stock,S13 Gesundheit,pillar,82.0,manual thematic assignment after stack redesign,"healthcare, pharma, medtech",64.53,22.79,,bull,stock,,,,0.06680806656130689,JNJ,Johnson & Johnson,US4781601046,JNJ,JNJ,Pharma 🧪,Healthcare,Drug Manufacturers - General,United States,USD,265.6499938964844,224.44,46.498026905708855,37.16,0.0,82.0,Seitwärts,79.0,Zyklus-neutral,-0.013396458090816799,0.11033642860462023,239.25180427551268,0.18909430813807743,0.11656760488724577,0.10959122461615511,6146497.4,1632816996.7947571,bull,0.06680806656130689,bull,0.17205224154845267,2026-09-30,True,True,False,OK,,,JNJ,JNJ,Drug Manufacturers - General,True,True
GOOGL,ALPHABET INC.A,GOOGL,344.0065002441406,USD,41.87623190921204,36.25,0.0,Seitwärts,0.0,0.0,75.0,4.9,Zyklus-Tief,35.71,16.133,26.0,38088376320.0,3794015354880.0,402835996672.0,1.0,18.0,32.81,50.81,2.005,81.35,"[36.0, 71.42, 0.0, 95.07, 21.4]",23.884943,75.4,HIGH,"{""coverage"": 1.0, ""confluence"": 0.4, ""risk_clean"": 1.0, ""regime_align"": 0.564469446822388, ""liquidity"": 0.9144144144144144, ""weights"": {""coverage"": 0.25, ""confluence"": 0.25, ""risk_clean"": 0.2, ""regime_align"": 0.2, ""liquidity"": 0.1}}",US02079K3059,GOOGL,GOOGL,Gehirn,335.67,0.31695848630319456,0.1883628286724661,0.21047200943300937,26040424.35,8958075245.5158,338.21655349731446,0.017119051941590246,bull,0.06680806656130689,bull,0.17205224154845267,2026-09-30,-0.07187274753117034,Communication Services,Internet Content & Information,United States,USD,0.9053404595915637,41.87623190921204,4.9,stock,S2 Gehirn,pillar,85.0,manual thematic assignment after stack redesign,"ai, semis, software",63.71,24.57,,bull,stock,,,,0.06680806656130689,GOOGL,ALPHABET INC.A,US02079K3059,GOOGL,GOOGL,Gehirn,Communication Services,Internet Content & Information,United States,USD,344.0065002441406,335.67,41.87623190921204,36.25,0.0,75.4,Seitwärts,75.0,Zyklus-Tief,-0.07187274753117034,0.017119051941590246,338.21655349731446,0.31695848630319456,0.1883628286724661,0.21047200943300937,26040424.35,8958075245.5158,bull,0.06680806656130689,bull,0.17205224154845267,2026-09-30,True,True,False,OK,,,GOOGL,GOOGL,Internet Content & Information,True,True
MSFT,MICROSOFT DL,MSFT,513.3699951171875,USD,-0.06876688430174083,35.58,0.0,Seitwärts,0.0,0.0,53.6,43.2,Zyklus-neutral,34.39,31.539,88.0,53640626176.0,3102605836288.0,305453006848.0,1.73,16.7,39.04,55.74,1.386,76.1,"[33.4, 68.78, 0.0, 56.83, 36.18]",21.908993,92.6,HIGH,"{""coverage"": 1.0, ""confluence"": 0.8, ""risk_clean"": 1.0, ""regime_align"": 0.9186743304390363, ""liquidity"": 0.918918918918919, ""weights"": {""coverage"": 0.25, ""confluence"": 0.25, ""risk_clean"": 0.2, ""regime_align"": 0.2, ""liquidity"": 0.1}}",US5949181045,MSFT,MSFT,Gehirn,481.15,0.32762207797178494,0.2057857367433722,0.34498397568158834,20777455.1,10666522023.234583,431.04313079833986,0.19099449321085138,bull,0.06680806656130689,bull,0.17205224154845267,2026-09-30,0.28885682494288467,Technology,Software - Infrastructure,United States,USD,0.8664735413684399,-0.06876688430174083,43.2,stock,S2 Gehirn,pillar,85.0,manual thematic assignment after stack redesign,"ai, semis, software",64.77,31.06,,bull,stock,,,,0.06680806656130689,MSFT,MICROSOFT DL,US5949181045,MSFT,MSFT,Gehirn,Technology,Software - Infrastructure,United States,USD,513.3699951171875,481.15,-0.06876688430174083,35.58,0.0,92.6,Seitwärts,53.6,Zyklus-neutral,0.28885682494288467,0.19099449321085138,431.04313079833986,0.32762207797178494,0.2057857367433722,0.34498397568158834,20777455.1,10666522023.234583,bull,0.06680806656130689,bull,0.17205224154845267,2026-09-30,True,True,False,OK,,,MSFT,MSFT,Software - Infrastructure,True,True
INCY,INCYTE CORP,INCY,121.5,USD,43.261411976881334,35.56,0.0,Seitwärts,0.0,0.0,66.1,14.5,Zyklus-Tief,30.39,0.887,0.0,531249760.0,18516510720.0,4813105152.0,2.87,20.0,24.7,44.7,3.195,106.03,"[40.0, 60.78, 55.65, 85.47, 21.36]",11.185932,79.1,HIGH,"{""coverage"": 1.0, ""confluence"": 0.6, ""risk_clean"": 1.0, ""regime_align"": 0.7541274305980188, ""liquidity"": 0.4054054054054055, ""weights"": {""coverage"": 0.25, ""confluence"": 0.25, ""risk_clean"": 0.2, ""regime_align"": 0.2, ""liquidity"": 0.1}}",US45337C1027,INCY,INCY,Pharma 🧪,103.95,0.33174910917425465,0.19387284280509745,0.18332275209380544,1518957.6,184553348.4,106.66435005187988,0.13908723899694975,bull,0.06680806656130689,bull,0.17205224154845267,2026-09-30,0.011405927155111462,Healthcare,Biotechnology,United States,USD,-1.3798676869743565,43.261411976881334,14.5,stock,S13 Gesundheit,pillar,82.0,manual thematic assignment after stack redesign,"healthcare, pharma, medtech",63.88,28.42,,bull,stock,,,,0.06680806656130689,INCY,INCYTE CORP,US45337C1027,INCY,INCY,Pharma 🧪,Healthcare,Biotechnology,United States,USD,121.5,103.95,43.261411976881334,35.56,0.0,79.1,Seitwärts,66.1,Zyklus-Tief,0.011405927155111462,0.13908723899694975,106.66435005187988,0.33174910917425465,0.19387284280509745,0.18332275209380544,1518957.6,184553348.4,bull,0.06680806656130689,bull,0.17205224154845267,2026-09-30,True,True,False,OK,,,INCY,INCY,Biotechnology,True,True
AAPL,Apple Inc.,AAPL,333.5299987792969,USD,31.469992570679594,35.25,0.0,Seitwärts,0.0,0.0,58.9,84.3,Zyklus-Hoch,152.02,102.63,38.0,106312753152.0,4041536438272.0,435617005568.0,2.63,15.7,27.04,42.74,0.974,65.09,"[31.4, 100.0, 0.0, 15.71, 13.81]",29.453894,83.5,HIGH,"{""coverage"": 1.0, ""confluence"": 0.8, ""risk_clean"": 0.6666666666666666, ""regime_align"": 0.7947087358852065, ""liquidity"": 0.9279279279279279, ""weights"": {""coverage"": 0.25, ""confluence"": 0.25, ""risk_clean"": 0.2, ""regime_align"": 0.2, ""liquidity"": 0.1}}",US0378331005,AAPL,AAPL,,,0.24667130195654907,0.18439998720722564,0.13798523953754416,41339208.7,13787866227.2481,288.23592430114746,0.15714236380481972,bull,0.06680806656130689,bull,0.17205224154845267,2026-09-30,0.05331148539904418,Technology,Consumer Electronics,United States,USD,1.25379628395208,31.469992570679594,84.3,stock,S14 Kommunikations- & Alltagsinfrastruktur,pillar,76.0,manual thematic assignment after stack redesign,"connectivity, telecom, civic infrastructure",63.22,27.84,,bull,stock,,,,0.06680806656130689,AAPL,Apple Inc.,US0378331005,AAPL,AAPL,,Technology,Consumer Electronics,United States,USD,333.5299987792969,,31.469992570679594,35.25,0.0,83.5,Seitwärts,58.9,Zyklus-Hoch,0.05331148539904418,0.15714236380481972,288.23592430114746,0.24667130195654907,0.18439998720722564,0.13798523953754416,41339208.7,13787866227.2481,bull,0.06680806656130689,bull,0.17205224154845267,2026-09-30,True,True,False,OK,,,AAPL,AAPL,Consumer Electronics,True,True
MU,MICRON TECHNOLOGY INC,MU,1065.614990234375,USD,537.8946414622259,34.76,0.0,Seitwärts,0.0,0.0,76.3,0.0,Zyklus-Tief,22.55,21.244,12.0,444249984.0,422271320064.0,42311999488.0,0.11,56.7,28.15,84.85,2.46,83.37,"[100.0, 45.1, 0.0, 100.0, 21.56]",8.597669,90.3,HIGH,"{""coverage"": 1.0, ""confluence"": 1.0, ""risk_clean"": 0.6666666666666666, ""regime_align"": 0.8715808568749746, ""liquidity"": 0.954954954954955, ""weights"": {""coverage"": 0.25, ""confluence"": 0.25, ""risk_clean"": 0.2, ""regime_align"": 0.2, ""liquidity"": 0.1}}",US5951121038,MU,MU,Tech 💻,414.04,0.8152501020001519,0.4745886228396651,0.3909541844002312,24490981.4,26097956905.39126,673.0290991210937,0.5833119127032662,bull,0.06680806656130689,bull,0.17205224154845267,2026-09-30,0.06417938207065377,Technology,Semiconductors,United States,USD,0.05023417975766886,537.8946414622259,0.0,stock,S2 Gehirn,pillar,85.0,manual thematic assignment after stack redesign,"ai, semis, software",70.06,51.33,,bull,stock,,,,0.06680806656130689,MU,MICRON TECHNOLOGY INC,US5951121038,MU,MU,Tech 💻,Technology,Semiconductors,United States,USD,1065.614990234375,414.04,537.8946414622259,34.76,0.0,90.3,Seitwärts,76.3,Zyklus-Tief,0.06417938207065377,0.5833119127032662,673.0290991210937,0.8152501020001519,0.4745886228396651,0.3909541844002312,24490981.4,26097956905.39126,bull,0.06680806656130689,bull,0.17205224154845267,2026-09-30,True,True,False,OK,,,MU,MU,Semiconductors,True,True
PLTR,PALANTIR TECHN.,PLTR,187.4600067138672,USD,2.7628596620498547,34.7,0.0,Seitwärts,0.0,0.0,54.0,30.5,Zyklus-neutral,25.98,3.063,0.0,1260918400.0,326150029312.0,4475445760.0,0.39,70.0,36.31,106.31,7.11,60.57,"[100.0, 51.96, 0.0, 69.5, 4.56]",77.01267,91.3,HIGH,"{""coverage"": 1.0, ""confluence"": 1.0, ""risk_clean"": 0.6666666666666666, ""regime_align"": 0.9548020871550283, ""liquidity"": 0.8828828828828829, ""weights"": {""coverage"": 0.25, ""confluence"": 0.25, ""risk_clean"": 0.2, ""regime_align"": 0.2, ""liquidity"": 0.1}}",US69608A1088,PLTR,PLTR,Gehirn,167.47,0.60668564897161,0.3575747728095128,0.4822376656276136,24813953.1,4651623814.723586,152.0467247390747,0.23291052165421333,bull,0.06680806656130689,bull,0.17205224154845267,2026-09-30,0.42150697082118116,Technology,Software - Infrastructure,United States,USD,0.26207706582066503,2.7628596620498547,30.5,stock,S2 Gehirn,pillar,85.0,manual thematic assignment after stack redesign,"ai, semis, software",68.25,46.01,,bull,stock,,,,0.06680806656130689,PLTR,PALANTIR TECHN.,US69608A1088,PLTR,PLTR,Gehirn,Technology,Software - Infrastructure,United States,USD,187.4600067138672,167.47,2.7628596620498547,34.7,0.0,91.3,Seitwärts,54.0,Zyklus-neutral,0.42150697082118116,0.23291052165421333,152.0467247390747,0.60668564897161,0.3575747728095128,0.4822376656276136,24813953.1,4651623814.723586,bull,0.06680806656130689,bull,0.17205224154845267,2026-09-30,True,True,False,OK,,,PLTR,PLTR,Software - Infrastructure,True,True
ASML,ASML HOLDING,ASML,1814.510009765625,USD,88.66648051074415,34.6,0.0,Seitwärts,0.0,0.0,73.9,35.5,Zyklus-neutral,50.46,13.813,62.0,12685974528.0,535751229440.0,32667299840.0,2.37,4.9,29.42,34.32,1.262,18.74,"[9.8, 100.0, 0.0, 64.53, 12.03]",31.993082,83.6,HIGH,"{""coverage"": 1.0, ""confluence"": 0.6, ""risk_clean"": 1.0, ""regime_align"": 0.7609962904080552, ""liquidity"": 0.8423423423423423, ""weights"": {""coverage"": 0.25, ""confluence"": 0.25, ""risk_clean"": 0.2, ""regime_align"": 0.2, ""liquidity"": 0.1}}",NL0010273215,ASML,ASML,Gehirn,1466.93,0.4656482864215579,0.2764512756893929,0.2195313939004605,1332695.4,2418189143.2686033,1532.1434143066406,0.18429514680044967,bull,0.06680806656130689,bull,0.17205224154845267,2026-09-30,-0.0014324596206594098,Technology,Semiconductor Equipment & Materials,Netherlands,USD,-1.0837392661354306,88.66648051074415,35.5,stock,S2 Gehirn,pillar,85.0,manual thematic assignment after stack redesign,"ai, semis, software",63.85,32.85,,bull,stock,,,,0.06680806656130689,ASML,ASML HOLDING,NL0010273215,ASML,ASML,Gehirn,Technology,Semiconductor Equipment & Materials,Netherlands,USD,1814.510009765625,1466.93,88.66648051074415,34.6,0.0,83.6,Seitwärts,73.9,Zyklus-neutral,-0.0014324596206594098,0.18429514680044967,1532.1434143066406,0.4656482864215579,0.2764512756893929,0.2195313939004605,1332695.4,2418189143.2686033,bull,0.06680806656130689,bull,0.17205224154845267,2026-09-30,True,True,False,OK,,,ASML,ASML,Semiconductor Equipment & Materials,True,True
NEM.AX,NEWMONT CORP.,NEM.AX,167.4499969482422,AUD,30.437686425462807,34.54,0.0,Seitwärts,0.0,0.0,76.4,43.9,Zyklus-neutral,22.88,16.914,90.0,9337749504.0,182633725952.0,21503000576.0,5.11,20.0,33.42,53.42,2.039,11.57,"[40.0, 45.76, 0.0, 56.08, 21.98]",13.116383,83.6,HIGH,"{""coverage"": 1.0, ""confluence"": 0.8, ""risk_clean"": 1.0, ""regime_align"": 0.8101381924911337, ""liquidity"": 0.2432432432432432, ""weights"": {""coverage"": 0.25, ""confluence"": 0.25, ""risk_clean"": 0.2, ""regime_align"": 0.2, ""liquidity"": 0.1}}",AU0000297962,NEM.AX,NEM.AX,Edelmetalle ⛏️,180.94,0.47875715955714065,0.3261352604823939,0.31607120882560125,342250.15,57309786.573035434,157.8143123626709,0.0610571021177575,bull,0.06680806656130689,bull,0.17205224154845267,2026-09-30,0.20996133887100288,Basic Materials,Gold,United States,AUD,0.2694592504444149,30.437686425462807,43.9,stock,S4 Fundament,pillar,84.0,manual thematic assignment after stack redesign,"materials, mining, metals",68.06,46.15,,bull,stock,,,,0.06680806656130689,NEM.AX,NEWMONT CORP.,AU0000297962,NEM.AX,NEM.AX,Edelmetalle ⛏️,Basic Materials,Gold,United States,AUD,167.4499969482422,180.94,30.437686425462807,34.54,0.0,83.6,Seitwärts,76.4,Zyklus-neutral,0.20996133887100288,0.0610571021177575,157.8143123626709,0.47875715955714065,0.3261352604823939,0.31607120882560125,342250.15,57309786.573035434,bull,0.06680806656130689,bull,0.17205224154845267,2026-09-30,True,True,False,OK,,,NEM.AX,NEM.AX,Gold,True,True
