Ticker,Name,Yahoo,Akt. Kurs,W√§hrung,Perf %,Score,CRV,Elliott-Signal,Elliott-Einstieg,Elliott-Ausstieg,MC-Chance,Zyklus %,Zyklus-Status,ROE %,Debt/Equity,Div. Rendite %,FCF,Enterprise Value,Revenue,FCF Yield %,Growth %,Margin %,Rule of 40,Current Ratio,Institutional Ownership %,Radar Vector,PE,ConfidenceScore,ConfidenceLabel,ConfidenceBreakdown,ISIN,Symbol,YahooSymbol,Sektor,Akt. Kurs [‚Ç¨],Volatility,DownsideDev,MaxDrawdown,AvgVolume,DollarVolume,SMA200,Trend200,MarketRegimeStock,MarketTrend200Stock,MarketRegimeCrypto,MarketTrend200Crypto,MarketDate,RS3M,Sector,Industry,Country,Currency
ABBN.SW,ABB LTD. NA,ABBN.SW,69.9800033569336,CHF,39.07874246233185,0.0,0.0,Seitw√§rts,0.0,0.0,64.9,82.3,Zyklus-Hoch,29.33,55.485,131.0,880625024.0,127925157888.0,33219999744.0,0.69,5.4,14.25,19.65,1.558,56.54,"[10.8, 58.66, 0.0, 17.74, 6.46]",27.666952,30.6,LOW,"{""coverage"": 0.5714285714285714, ""confluence"": 0.2, ""risk_clean"": 0.3333333333333333, ""regime_align"": 0.0, ""liquidity"": 0.46308724832214765, ""weights"": {""coverage"": 0.25, ""confluence"": 0.25, ""risk_clean"": 0.2, ""regime_align"": 0.2, ""liquidity"": 0.1}}",,ABBN.SW,ABBN.SW,Hardware üíª,61.46,0.2778571530295293,0.1771862715369617,0.2456562423148082,3022649.45,211525018.6578335,54.76789999008179,0.2777558272200806,bull,0.0553484204910741,bear,-0.3003931238766364,2026-02-15,0.2279021515032506,,,,
CA00831V2057,AFTERMATH SILVER,CA00831V2057,0.78,USD,-1.01,0.0,0.0,Seitw√§rts,0.0,0.0,63.2,32.9,Zyklus-neutral,-39.66,100.0,0.0,-10936923.0,254957904.0,1.0,-4.29,0.0,0.0,0.0,8.209,9.68,"[0.0, 0.0, 0.0, 67.13, 25.0]",0.0,14.5,LOW,"{""coverage"": 0.5714285714285714, ""confluence"": 0.0, ""risk_clean"": 0.0, ""regime_align"": 0.0, ""liquidity"": 0.020134228187919434, ""weights"": {""coverage"": 0.25, ""confluence"": 0.25, ""risk_clean"": 0.2, ""regime_align"": 0.2, ""liquidity"": 0.1}}",CA00831V2057,CA00831V2057,CA00831V2057,Edelmetalle ‚õèÔ∏è,0.86,0.056966,0.026879,0.404916,973788.33,763450.03,0.5908,0.326924,bull,0.0553484204910741,bear,-0.3003931238766364,2026-02-15,0.53343,,,,
CA0084741085,AGNICO EAGLE,CA0084741085,211.89,USD,0.98,114.13,3.41,BUY,225.0,284.12,75.8,50.1,Zyklus-neutral,15.67,1.427,76.0,3510760960.0,104343330816.0,10567577600.0,3.36,41.9,32.62,74.52,2.12,72.91,"[83.8, 31.34, 28.65, 69.91, 22.95]",16.093971,,,,CA0084741085,CA0084741085,CA0084741085,Edelmetalle ‚õèÔ∏è,215.18,0.025512,0.021607,0.163594,2661286.67,563900030.18,150.5378,0.407553,bull,0.0553484204910741,bear,-0.3003931238766364,2026-02-15,0.281192,,,,
CA0115321089,ALAMOS GOLD,CA0115321089,61.26,CAD,2.98,0.0,0.0,Seitw√§rts,0.0,0.0,68.7,100.0,Zyklus-Hoch,14.27,6.831,23.0,228962496.0,25537525760.0,1609299968.0,0.9,28.1,33.46,61.56,1.717,71.77,"[56.2, 28.54, 0.0, 0.0, 26.31]",17.732689,33.4,LOW,"{""coverage"": 0.5714285714285714, ""confluence"": 0.4, ""risk_clean"": 0.3333333333333333, ""regime_align"": 0.0, ""liquidity"": 0.24832214765100669, ""weights"": {""coverage"": 0.25, ""confluence"": 0.25, ""risk_clean"": 0.2, ""regime_align"": 0.2, ""liquidity"": 0.1}}",CA0115321089,CA0115321089,CA0115321089,Edelmetalle ‚õèÔ∏è,59.13,0.028476,0.02283,0.210164,935208.33,57290860.93,43.9248,0.394656,bull,0.0553484204910741,bear,-0.3003931238766364,2026-02-15,0.311269,,,,
ALB,ALBEMARLE CORP.,ALB,166.35000610351562,USD,109.08970080297443,0.0,0.0,Seitw√§rts,0.0,0.0,67.0,25.2,Zyklus-neutral,0.21,36.655,96.0,-155030256.0,24179556352.0,4946415104.0,-0.64,-3.5,-0.43,-3.93,2.273,93.0,"[0.0, 0.42, 0.0, 74.79, 0.0]",64.59475,20.4,LOW,"{""coverage"": 0.5714285714285714, ""confluence"": 0.0, ""risk_clean"": 0.0, ""regime_align"": 0.0, ""liquidity"": 0.610738255033557, ""weights"": {""coverage"": 0.25, ""confluence"": 0.25, ""risk_clean"": 0.2, ""regime_align"": 0.2, ""liquidity"": 0.1}}",,ALB,ALB,Energie,194.95,0.6417121684330647,0.4647379154788272,0.3899182519207945,3551350.0,590767094.1757202,98.5869881439209,0.6873424093316634,bull,0.0553484204910741,bear,-0.3003931238766364,2026-02-15,0.4388869362116585,,,,
ALV.DE,ALLIANZ SE,ALV.DE,366.8999938964844,EUR,15.872562126223698,0.0,0.0,Seitw√§rts,0.0,0.0,65.4,58.7,Zyklus-neutral,17.98,100.0,398.0,0.0,114918481920.0,105018998784.0,0.0,5.8,10.08,15.88,127.745,41.77,"[11.6, 35.96, 0.0, 41.3, 20.39]",12.127932,30.5,LOW,"{""coverage"": 0.5714285714285714, ""confluence"": 0.2, ""risk_clean"": 0.3333333333333333, ""regime_align"": 0.0, ""liquidity"": 0.4563758389261745, ""weights"": {""coverage"": 0.25, ""confluence"": 0.25, ""risk_clean"": 0.2, ""regime_align"": 0.2, ""liquidity"": 0.1}}",,ALV.DE,ALV.DE,Finanzen,365.3,0.2126216015645291,0.1650951857789806,0.1202902324807803,542049.8,198878068.31159055,360.12501083374025,0.0188128645857144,bull,0.0553484204910741,bear,-0.3003931238766364,2026-02-15,0.024896070612455,,,,
GOOGL,ALPHABET INC.A,GOOGL,305.7200012207031,USD,65.6952651515778,0.0,0.0,Seitw√§rts,0.0,0.0,75.0,4.9,Zyklus-Tief,35.71,16.133,26.0,38088376320.0,3794015354880.0,402835996672.0,1.0,18.0,32.81,50.81,2.005,81.35,"[36.0, 71.42, 0.0, 95.07, 21.4]",23.884943,40.1,LOW,"{""coverage"": 0.5714285714285714, ""confluence"": 0.4, ""risk_clean"": 0.3333333333333333, ""regime_align"": 0.0, ""liquidity"": 0.9194630872483222, ""weights"": {""coverage"": 0.25, ""confluence"": 0.25, ""risk_clean"": 0.2, ""regime_align"": 0.2, ""liquidity"": 0.1}}",,GOOGL,GOOGL,Gehirn,335.67,0.3103689091140896,0.1852909280430014,0.2180782037303442,40235270.0,12300726793.51532,242.64525695800785,0.2599463309254424,bull,0.0553484204910741,bear,-0.3003931238766364,2026-02-15,0.0807336802914415,,,,
AMZN,AMAZON.COM,AMZN,198.7899932861328,USD,-13.070666585172576,0.0,0.0,Seitw√§rts,0.0,0.0,47.3,1.3,Zyklus-Tief,22.29,43.435,0.0,23793125376.0,2277217140736.0,716923994112.0,1.04,13.6,10.83,24.43,1.051,66.62,"[27.2, 44.58, 0.0, 98.71, 32.39]",22.206844,34.9,LOW,"{""coverage"": 0.5714285714285714, ""confluence"": 0.2, ""risk_clean"": 0.3333333333333333, ""regime_align"": 0.0, ""liquidity"": 0.8926174496644296, ""weights"": {""coverage"": 0.25, ""confluence"": 0.25, ""risk_clean"": 0.2, ""regime_align"": 0.2, ""liquidity"": 0.1}}",,AMZN,AMZN,E-Commerce,244.38,0.3527399566948941,0.2365004342934974,0.2683224913276855,60581680.0,12043031760.462646,223.6220502471924,-0.1110447602712262,bull,0.0553484204910741,bear,-0.3003931238766364,2026-02-15,-0.1807175563977551,,,,
ASML,ASML HOLDING,ASML,1406.6099853515625,USD,88.7996716512917,0.0,0.0,Seitw√§rts,0.0,0.0,73.9,35.5,Zyklus-neutral,50.46,13.813,62.0,12685974528.0,535751229440.0,32667299840.0,2.37,4.9,29.42,34.32,1.262,18.74,"[9.8, 100.0, 0.0, 64.53, 12.03]",31.993082,39.1,LOW,"{""coverage"": 0.5714285714285714, ""confluence"": 0.4, ""risk_clean"": 0.3333333333333333, ""regime_align"": 0.0, ""liquidity"": 0.8120805369127517, ""weights"": {""coverage"": 0.25, ""confluence"": 0.25, ""risk_clean"": 0.2, ""regime_align"": 0.2, ""liquidity"": 0.1}}",,ASML,ASML,Gehirn,1466.93,0.4118859046937151,0.2682601655314451,0.2078106522448836,2168080.0,3049642977.041016,942.5411785888672,0.4923591852586,bull,0.0553484204910741,bear,-0.3003931238766364,2026-02-15,0.3635917378041093,,,,
NDA.DE,AURUBIS AG,NDA.DE,172.3000030517578,EUR,110.08708345767802,25.03,0.0,BUY,123.5,145.46,79.5,54.1,Zyklus-neutral,11.9,10.073,95.0,-585249984.0,7707624960.0,19295000576.0,-7.59,25.3,3.14,28.44,2.108,49.51,"[50.6, 23.8, 0.0, 65.86, 6.88]",18.59068,,,,,NDA.DE,NDA.DE,Recycling,155.7,0.3266573589979,0.193772048324021,0.2165719979018898,299865.7,51666861.02511749,105.47046436309816,0.6336327339812291,bull,0.0553484204910741,bear,-0.3003931238766364,2026-02-15,0.5572660727590701,,,,
BMG0670A1099,AUTOSTORE HOLDINGS,AUTO.OL,12.40999984741211,NOK,9.339202029217208,0.0,0.0,Seitw√§rts,0.0,0.0,53.0,43.6,Zyklus-neutral,5.71,35.222,0.0,163850000.0,39791874048.0,523800000.0,0.41,-3.6,15.48,11.88,4.24,95.1,"[0.0, 11.42, 0.0, 56.35, 8.19]",28.716442,50.0,MED,{},BMG0670A1099,AUTO.OL,AUTO.OL,Hardware üíª,11.83,0.7120542467807734,0.5077538009261816,0.6115288227540154,5442212.2,67537852.57158433,8.77446002960205,0.4143320279019999,bull,0.0553484204910741,bear,-0.3003931238766364,2026-02-15,0.147794828931586,,,,
CA0539061030,AVINO SILVER,CA0539061030,14.07,CAD,-3.89,85.52,7.87,BUY,16.11,25.14,81.5,36.8,Zyklus-neutral,14.34,2.563,0.0,15571250.0,2153994752.0,86065000.0,0.72,44.0,24.72,68.72,2.754,32.98,"[88.0, 28.68, 0.0, 83.21, 1.54]",14.07,,,,CA0539061030,CA0539061030,CA0539061030,Edelmetalle ‚õèÔ∏è,13.98,0.052108,0.031546,0.362144,915425.0,12880029.47,6.6497,1.115901,bull,0.0553484204910741,bear,-0.3003931238766364,2026-02-15,1.177694,,,,
CA11777Q2099,B2GOLD CORP.,CA11777Q2099,7.61,CAD,3.12,0.0,0.0,Seitw√§rts,0.0,0.0,71.4,64.9,Zyklus-neutral,7.23,18.916,145.0,45092624.0,10475671552.0,2507048960.0,0.43,74.7,8.75,83.45,1.034,66.1,"[100.0, 14.46, 0.0, 35.11, 31.38]",6.9789095,28.2,LOW,"{""coverage"": 0.5714285714285714, ""confluence"": 0.2, ""risk_clean"": 0.3333333333333333, ""regime_align"": 0.0, ""liquidity"": 0.2214765100671141, ""weights"": {""coverage"": 0.25, ""confluence"": 0.25, ""risk_clean"": 0.2, ""regime_align"": 0.2, ""liquidity"": 0.1}}",CA11777Q2099,CA11777Q2099,CA11777Q2099,Edelmetalle ‚õèÔ∏è,7.47,0.030516,0.02261,0.355769,7000960.0,53277306.53,5.7353,0.326881,bull,0.0553484204910741,bear,-0.3003931238766364,2026-02-15,0.297031,,,,
CA06849F1080,BARRICK MINING,CA06849F1080,63.74,CAD,0.74,0.0,0.0,Seitw√§rts,0.0,0.0,78.7,31.3,Zyklus-neutral,20.68,14.509,360.0,4054125056.0,114651471872.0,16956000256.0,3.54,64.5,29.45,93.95,2.922,63.7,"[100.0, 41.36, 0.0, 68.68, 29.71]",11.472485,41.3,LOW,"{""coverage"": 0.5714285714285714, ""confluence"": 0.6, ""risk_clean"": 0.3333333333333333, ""regime_align"": 0.0, ""liquidity"": 0.5302013422818792, ""weights"": {""coverage"": 0.25, ""confluence"": 0.25, ""risk_clean"": 0.2, ""regime_align"": 0.2, ""liquidity"": 0.1}}",CA06849F1080,CA06849F1080,CA06849F1080,Edelmetalle ‚õèÔ∏è,70.41,0.025593,0.020092,0.163234,5718785.0,364515365.5,42.8329,0.488109,bull,0.0553484204910741,bear,-0.3003931238766364,2026-02-15,0.274775,,,,
BAYN.DE,BAYER AG,BAYN.DE,45.98500061035156,EUR,113.71915220738256,0.0,0.0,Seitw√§rts,0.0,0.0,75.2,6.7,Zyklus-Tief,-0.57,133.457,24.0,5172499968.0,77877329920.0,45866000384.0,6.64,-3.1,-0.43,-3.53,1.136,53.31,"[0.0, 0.0, 0.0, 93.29, 15.79]",9.665203,25.3,LOW,"{""coverage"": 0.5714285714285714, ""confluence"": 0.0, ""risk_clean"": 0.3333333333333333, ""regime_align"": 0.0, ""liquidity"": 0.43624161073825496, ""weights"": {""coverage"": 0.25, ""confluence"": 0.25, ""risk_clean"": 0.2, ""regime_align"": 0.2, ""liquidity"": 0.1}}",,BAYN.DE,BAYN.DE,Pharma & Gesundheit,46.74,0.3798744816420595,0.2448264785744217,0.2167370868053767,3312296.05,152315935.88091508,30.314225101470942,0.5169446177966204,bull,0.0553484204910741,bear,-0.3003931238766364,2026-02-15,0.7318719195498951,,,,
BTC-USD,BITCOIN (KRYPTO),BTC-EUR,59273.2109375,EUR,-36.27153185444419,0.0,0.0,Seitw√§rts,0.0,0.0,37.0,34.6,Zyklus-neutral,0.0,100.0,0.0,0.0,1.0,1.0,0.0,0.0,0.0,0.0,1.0,0.0,"[0.0, 0.0, 0.0, 65.43, 25.0]",0.0,50.0,MED,{},,BTC-USD,BTC-EUR,Kryptow√§hrungen ü™ô,88616.28,0.3880284499274153,0.2989897410778333,0.5002467205670503,50496582021.95,2993094557809812.5,86102.37484375,-0.3115960965645477,bull,0.0553484204910741,bear,-0.3003931238766364,2026-02-15,-0.0080497493542509,,,,
US8522341036,BLOCK INC. A,US8522341036,57.3,USD,0.92,0.0,0.0,Seitw√§rts,0.0,0.0,41.0,35.8,Zyklus-neutral,14.69,36.049,0.0,241061248.0,34101551104.0,23973765120.0,0.71,2.3,13.08,15.38,2.183,81.62,"[4.6, 29.38, 0.0, 64.15, 39.94]",17.737028,19.9,LOW,"{""coverage"": 0.5714285714285714, ""confluence"": 0.0, ""risk_clean"": 0.0, ""regime_align"": 0.0, ""liquidity"": 0.5570469798657718, ""weights"": {""coverage"": 0.25, ""confluence"": 0.25, ""risk_clean"": 0.2, ""regime_align"": 0.2, ""liquidity"": 0.1}}",US8522341036,US8522341036,US8522341036,Fintech,64.75,0.033957,0.029748,0.447977,7304251.67,418533614.93,68.0893,-0.158459,bull,0.0553484204910741,bear,-0.3003931238766364,2026-02-15,-0.159092,,,,
CCJ,CAMECO CORP.,CCJ,112.9000015258789,USD,139.71144940665542,0.0,0.0,Seitw√§rts,0.0,0.0,73.6,23.1,Zyklus-neutral,8.1,14.854,15.0,787334656.0,51645775872.0,3464176128.0,1.52,-14.7,15.18,0.48,2.991,70.09,"[0.0, 16.2, 0.0, 76.9, 0.0]",82.52247,25.2,LOW,"{""coverage"": 0.5714285714285714, ""confluence"": 0.2, ""risk_clean"": 0.0, ""regime_align"": 0.0, ""liquidity"": 0.5906040268456376, ""weights"": {""coverage"": 0.25, ""confluence"": 0.25, ""risk_clean"": 0.2, ""regime_align"": 0.2, ""liquidity"": 0.1}}",,CCJ,CCJ,Energie,125.9,0.533527931764726,0.3031762408106364,0.2569450874634099,5161900.0,582778517.8764343,83.3093189048767,0.3551905478280179,bull,0.0553484204910741,bear,-0.3003931238766364,2026-02-15,0.2982065223513439,,,,
US1344291091,CAMPBELLS CO.,US1344291091,29.15,USD,0.76,0.0,0.0,Seitw√§rts,0.0,0.0,40.1,100.0,Zyklus-Hoch,14.82,184.567,535.0,630499968.0,15831613440.0,10158000128.0,3.98,-3.4,5.69,2.29,0.819,65.77,"[0.0, 29.64, 0.0, 0.0, 23.49]",11.27821,25.7,LOW,"{""coverage"": 0.5714285714285714, ""confluence"": 0.0, ""risk_clean"": 0.3333333333333333, ""regime_align"": 0.0, ""liquidity"": 0.47651006711409394, ""weights"": {""coverage"": 0.25, ""confluence"": 0.25, ""risk_clean"": 0.2, ""regime_align"": 0.2, ""liquidity"": 0.1}}",US1344291091,US1344291091,US1344291091,Konsum & Lifestyle,27.25,0.017902,0.011234,0.353429,6901880.0,201189799.37,30.5707,-0.046473,bull,0.0553484204910741,bear,-0.3003931238766364,2026-02-15,-0.071998,,,,
US15135B1017,CENTENE CORP.,US15135B1017,39.61,USD,4.13,0.0,0.0,Seitw√§rts,0.0,0.0,40.7,16.9,Zyklus-Tief,-28.68,86.762,0.0,5197749760.0,16662495232.0,176151003136.0,31.19,23.1,-3.79,19.31,1.1,96.84,"[46.2, 0.0, 0.0, 83.06, 26.02]",9.792917,24.3,LOW,"{""coverage"": 0.5714285714285714, ""confluence"": 0.2, ""risk_clean"": 0.0, ""regime_align"": 0.0, ""liquidity"": 0.5033557046979866, ""weights"": {""coverage"": 0.25, ""confluence"": 0.25, ""risk_clean"": 0.2, ""regime_align"": 0.2, ""liquidity"": 0.1}}",US15135B1017,US15135B1017,US15135B1017,Pharma & Gesundheit,41.68,0.037779,0.040297,0.607871,6850128.33,271333587.46,40.4962,-0.021884,bull,0.0553484204910741,bear,-0.3003931238766364,2026-02-15,0.02001,,,,
CGNX,COGNEX CORP.,CGNX,58.790000915527344,USD,78.67065045897586,64.58,1.15,BUY,42.33,48.59,56.8,94.1,Zyklus-Hoch,7.21,5.298,78.0,180942256.0,7082582016.0,971705024.0,2.55,18.0,11.33,29.33,3.964,100.6,"[36.0, 14.42, 0.0, 25.87, 10.85]",38.553066,,,,,CGNX,CGNX,Hardware üíª,39.72,0.6006022354838442,0.3497492049329579,0.3149838029712468,2625905.0,154376957.35408783,38.33536021232605,0.5335711100641873,bull,0.0553484204910741,bear,-0.3003931238766364,2026-02-15,0.5693284837106023,,,,
US19260Q1076,COINBASE GLB.,US19260Q1076,162.51,USD,-2.83,0.0,0.0,Seitw√§rts,0.0,0.0,40.6,34.0,Zyklus-neutral,26.0,48.559,0.0,-1097911808.0,41830793216.0,7370428928.0,-2.62,58.9,43.66,102.56,2.404,67.14,"[100.0, 52.0, 0.0, 65.97, 63.27]",25.270573,37.0,LOW,"{""coverage"": 0.5714285714285714, ""confluence"": 0.6, ""risk_clean"": 0.0, ""regime_align"": 0.0, ""liquidity"": 0.7718120805369127, ""weights"": {""coverage"": 0.25, ""confluence"": 0.25, ""risk_clean"": 0.2, ""regime_align"": 0.2, ""liquidity"": 0.1}}",US19260Q1076,US19260Q1076,US19260Q1076,Krypto-Infrastruktur ü™ô,211.68,0.0467,0.029339,0.651913,9878475.0,1605350917.99,290.4445,-0.440478,bull,0.0553484204910741,bear,-0.3003931238766364,2026-02-15,-0.508885,,,,
CNE100006WS8,CONT.AMPEREX (CATL),CNE100006WS8,507.5,HKD,-0.68,0.0,0.0,Seitw√§rts,0.0,0.0,73.2,82.0,Zyklus-Hoch,22.14,37.135,22.0,48903442432.0,2110351081472.0,386039808000.0,2.32,12.9,16.52,29.42,1.684,57.34,"[25.8, 44.28, 0.0, 17.96, 23.92]",23.25123,38.4,LOW,"{""coverage"": 0.5714285714285714, ""confluence"": 0.4, ""risk_clean"": 0.3333333333333333, ""regime_align"": 0.0, ""liquidity"": 0.7449664429530202, ""weights"": {""coverage"": 0.25, ""confluence"": 0.25, ""risk_clean"": 0.2, ""regime_align"": 0.2, ""liquidity"": 0.1}}",CNE100006WS8,CNE100006WS8,CNE100006WS8,Energie,467.0,0.024814,0.014145,0.238329,2659869.6,1349883822.0,,,bull,0.0553484204910741,bear,-0.3003931238766364,2026-02-15,-0.099086,,,,
DE0005140008,DEUTSCHE BANK,DB1.DE,218.1000061035156,EUR,-11.06786059979006,55.08,0.0,Seitw√§rts,0.0,0.0,42.2,59.0,Zyklus-neutral,19.48,54.664,189.0,0.0,1.0,7302400000.0,0.0,4.2,27.59,31.79,1.009,64.75,"[8.4, 38.96, 0.0, 41.03, 28.01]",17.867914,,,,DE0005140008,DB1.DE,DB1.DE,Finanzen,33.53,0.2399979872047081,0.1832550227534728,0.2960801131219616,543445.65,118525499.58192904,241.71116859436037,-0.0976833740375024,bull,0.0553484204910741,bear,-0.3003931238766364,2026-02-15,0.0426320723909183,,,,
CA2546771072,DISCOVERY SILVER,CA2546771072,10.08,CAD,-2.14,0.0,0.0,Seitw√§rts,0.0,0.0,78.9,27.9,Zyklus-neutral,11.07,100.0,0.0,152799680.0,7792443392.0,378971008.0,1.96,0.0,9.5,9.5,2.042,36.13,"[0.0, 22.14, 0.0, 72.12, 35.12]",14.400001,16.3,LOW,"{""coverage"": 0.5714285714285714, ""confluence"": 0.0, ""risk_clean"": 0.0, ""regime_align"": 0.0, ""liquidity"": 0.20134228187919456, ""weights"": {""coverage"": 0.25, ""confluence"": 0.25, ""risk_clean"": 0.2, ""regime_align"": 0.2, ""liquidity"": 0.1}}",CA2546771072,CA2546771072,CA2546771072,Edelmetalle ‚õèÔ∏è,11.36,0.049771,0.031281,0.242991,4617243.33,46541812.45,5.3837,0.872318,bull,0.0553484204910741,bear,-0.3003931238766364,2026-02-15,0.560367,,,,
CA2568277834,DOLLY VARDEN,CA2568277834,6.53,CAD,1.4,0.0,0.0,Seitw√§rts,0.0,0.0,60.7,32.7,Zyklus-neutral,-26.19,100.0,0.0,-20282864.0,565411840.0,1.0,-3.59,0.0,0.0,0.0,4.598,12.31,"[0.0, 0.0, 0.0, 67.27, 100.0]",-111.962166,14.8,LOW,"{""coverage"": 0.5714285714285714, ""confluence"": 0.0, ""risk_clean"": 0.0, ""regime_align"": 0.0, ""liquidity"": 0.046979865771812124, ""weights"": {""coverage"": 0.25, ""confluence"": 0.25, ""risk_clean"": 0.2, ""regime_align"": 0.2, ""liquidity"": 0.1}}",CA2568277834,CA2568277834,CA2568277834,Edelmetalle ‚õèÔ∏è,7.53,0.039333,0.024394,0.302174,242296.67,1582197.28,5.4937,0.188645,bull,0.0553484204910741,bear,-0.3003931238766364,2026-02-15,0.077867,,,,
CA29258Y1034,ENDEAVOUR SILVER,CA29258Y1034,16.46,CAD,-0.42,0.0,0.0,Seitw√§rts,0.0,0.0,67.6,31.0,Zyklus-neutral,-20.46,31.741,0.0,-69431752.0,4945538560.0,337136992.0,-1.4,167.3,-27.97,139.33,0.788,57.66,"[100.0, 0.0, 0.0, 68.98, 39.63]",12.301942,21.0,LOW,"{""coverage"": 0.5714285714285714, ""confluence"": 0.2, ""risk_clean"": 0.0, ""regime_align"": 0.0, ""liquidity"": 0.16778523489932884, ""weights"": {""coverage"": 0.25, ""confluence"": 0.25, ""risk_clean"": 0.2, ""regime_align"": 0.2, ""liquidity"": 0.1}}",CA29258Y1034,CA29258Y1034,CA29258Y1034,Edelmetalle ‚õèÔ∏è,18.71,0.049144,0.029548,0.367376,1878051.67,30912728.71,9.8114,0.67764,bull,0.0553484204910741,bear,-0.3003931238766364,2026-02-15,0.455023,,,,
CA29446Y5020,EQUINOX GOLD,CA29446Y5020,21.52,CAD,1.8,0.0,0.0,Seitw√§rts,0.0,0.0,69.9,55.9,Zyklus-neutral,1.41,34.774,0.0,247383744.0,18424088576.0,2296356096.0,1.34,91.2,2.71,93.91,1.074,60.19,"[100.0, 2.82, 0.0, 44.08, 30.27]",14.130916,28.4,LOW,"{""coverage"": 0.5714285714285714, ""confluence"": 0.2, ""risk_clean"": 0.3333333333333333, ""regime_align"": 0.0, ""liquidity"": 0.24161073825503354, ""weights"": {""coverage"": 0.25, ""confluence"": 0.25, ""risk_clean"": 0.2, ""regime_align"": 0.2, ""liquidity"": 0.1}}",CA29446Y5020,CA29446Y5020,CA29446Y5020,Edelmetalle ‚õèÔ∏è,22.8,0.033427,0.021966,0.232742,2612663.33,56224516.13,13.9415,0.543598,bull,0.0553484204910741,bear,-0.3003931238766364,2026-02-15,0.22391,,,,
ETH-USD,ETHEREUM (KRYPTO),ETH-EUR,1740.6904296875,EUR,-32.199590603469055,0.0,0.0,Seitw√§rts,0.0,0.0,45.6,33.5,Zyklus-neutral,0.0,100.0,0.0,0.0,1.0,1.0,0.0,0.0,0.0,0.0,1.0,0.0,"[0.0, 0.0, 0.0, 66.47, 25.0]",0.0,50.0,MED,{},,ETH-USD,ETH-EUR,Kryptow√§hrungen ü™ô,2990.28,0.6536184547580429,0.450321900842238,0.6246145246233228,29600820249.55,51525864519291.64,3035.436650390625,-0.426543647529757,bull,0.0553484204910741,bear,-0.3003931238766364,2026-02-15,-0.1239803333206652,,,,
FANUY,FANUC CORP.,FANUY,21.25,USD,49.08018476591143,0.0,0.0,Seitw√§rts,0.0,0.0,66.4,60.4,Zyklus-neutral,9.37,100.0,153.0,0.0,-659248840704.0,835426975744.0,-0.0,9.5,19.35,28.85,6.859,0.26,"[19.0, 18.74, 0.0, 39.61, 5.97]",33.14925,26.8,LOW,"{""coverage"": 0.5714285714285714, ""confluence"": 0.2, ""risk_clean"": 0.3333333333333333, ""regime_align"": 0.0, ""liquidity"": 0.08053691275167785, ""weights"": {""coverage"": 0.25, ""confluence"": 0.25, ""risk_clean"": 0.2, ""regime_align"": 0.2, ""liquidity"": 0.1}}",,FANUY,FANUY,Hardware üíª,20.6,0.3935660029260245,0.2239371703347603,0.2661360291714412,560910.0,11919337.5,15.822650027275085,0.3430114401424065,bull,0.0553484204910741,bear,-0.3003931238766364,2026-02-15,0.2814535044874588,,,,
CA32076V1031,FIRST MAJESTIC,CA32076V1031,32.26,CAD,0.0,100.1,6.88,BUY,38.2,54.45,75.9,36.4,Zyklus-neutral,4.21,7.886,9.0,215490000.0,15916909568.0,965571008.0,1.35,95.1,7.07,102.17,3.379,54.01,"[100.0, 8.42, 0.0, 83.64, 22.11]",26.672178,,,,CA32076V1031,CA32076V1031,CA32076V1031,Edelmetalle ‚õèÔ∏è,34.68,0.043608,0.027557,0.3013,2367665.0,76380868.93,16.4376,0.962577,bull,0.0553484204910741,bear,-0.3003931238766364,2026-02-15,0.903759,,,,
FSLR,FIRST SOLAR INC,FSLR,225.6499938964844,USD,41.24311570806238,0.0,0.0,Seitw√§rts,0.0,0.0,59.4,31.0,Zyklus-neutral,16.86,9.893,0.0,168763744.0,23129389056.0,5050625024.0,0.73,79.7,27.73,107.43,1.91,103.86,"[100.0, 33.72, 0.0, 69.03, 32.13]",9.727635,30.1,LOW,"{""coverage"": 0.5714285714285714, ""confluence"": 0.4, ""risk_clean"": 0.0, ""regime_align"": 0.0, ""liquidity"": 0.5838926174496645, ""weights"": {""coverage"": 0.25, ""confluence"": 0.25, ""risk_clean"": 0.2, ""regime_align"": 0.2, ""liquidity"": 0.1}}",,FSLR,FSLR,Energie,236.58,0.6399097387606814,0.4182638726309898,0.2663782074470033,2384900.0,538152670.4437256,210.72245029449465,0.0708398349636112,bull,0.0553484204910741,bear,-0.3003931238766364,2026-02-15,-0.1380276861786307,,,,
US34379V1035,FLUENCE ENER.,US34379V1035,18.99,USD,-2.11,0.0,0.0,Seitw√§rts,0.0,0.0,61.3,3.7,Zyklus-Tief,-14.46,82.778,0.0,-98396624.0,2566774016.0,2551276032.0,-3.83,154.4,-2.04,152.36,1.483,75.93,"[100.0, 0.0, 0.0, 96.3, 0.0]",87.467186,23.0,LOW,"{""coverage"": 0.5714285714285714, ""confluence"": 0.2, ""risk_clean"": 0.0, ""regime_align"": 0.0, ""liquidity"": 0.3691275167785235, ""weights"": {""coverage"": 0.25, ""confluence"": 0.25, ""risk_clean"": 0.2, ""regime_align"": 0.2, ""liquidity"": 0.1}}",US34379V1035,US34379V1035,US34379V1035,Experimente,29.21,0.069937,0.0444,0.509511,6218765.0,118094345.93,13.2273,0.43567,bull,0.0553484204910741,bear,-0.3003931238766364,2026-02-15,-0.12115,,,,
FCX,FREEPORT-MCMORAN,FCX,62.84000015258789,USD,61.42441402406856,0.0,0.0,Seitw√§rts,0.0,0.0,65.4,37.1,Zyklus-neutral,13.95,33.768,95.0,1371124992.0,106995998720.0,25915000832.0,1.28,-1.5,8.51,7.01,2.291,85.98,"[0.0, 27.9, 0.0, 62.93, 14.34]",18.48081,28.3,LOW,"{""coverage"": 0.5714285714285714, ""confluence"": 0.0, ""risk_clean"": 0.3333333333333333, ""regime_align"": 0.0, ""liquidity"": 0.738255033557047, ""weights"": {""coverage"": 0.25, ""confluence"": 0.25, ""risk_clean"": 0.2, ""regime_align"": 0.2, ""liquidity"": 0.1}}",,FCX,FCX,Fundament,62.52,0.5086404290982215,0.4269443938624813,0.3222505442841842,24347630.0,1530005072.9151535,44.91181133270264,0.3991865010091635,bull,0.0553484204910741,bear,-0.3003931238766364,2026-02-15,0.5364900466554503,,,,
DE0005785802,FRESEN.MED.CARE,,11.54,USD,0.0,10.02,0.0,Seitw√§rts,0.0,0.0,60.1,93.6,Zyklus-Hoch,0.0,72.403,749.0,0.0,1.0,28795244.0,0.0,0.0,-80.39,-80.39,0.247,14.23,"[0.0, 0.0, 0.0, 6.36, 25.0]",0.0,,,,DE0005785802,DE0005785802,DE0005785802,Pharma & Gesundheit,37.13,0.005283,0.004086,0.071835,91903.33,1060564.46,11.0255,0.046668,bull,0.0553484204910741,bear,-0.3003931238766364,2026-02-15,-0.012915,,,,
GB00B2QPKJ12,FRESNILLO PLC,GB00B2QPKJ12,3800.0,GBp,-2.01,96.25,5.71,BUY,4472.0,5968.4,85.5,21.4,Zyklus-neutral,13.85,20.456,90.0,1243160320.0,27399075840.0,3944284928.0,4.54,30.1,11.56,41.66,5.092,15.79,"[60.2, 27.7, 0.0, 98.63, 15.53]",15.260902,,,,GB00B2QPKJ12,GB00B2QPKJ12,GB00B2QPKJ12,Edelmetalle ‚õèÔ∏è,4140.0,0.031058,0.021187,0.208524,1315237.4,4997902120.0,2185.322,0.738874,bull,0.0553484204910741,bear,-0.3003931238766364,2026-02-15,0.610452,,,,
CA38171A2092,GOLIATH RES,CA38171A2092,2.47,CAD,1.65,0.0,0.0,Seitw√§rts,0.0,0.0,50.2,50.0,Zyklus-neutral,-164.74,100.0,0.0,-20772268.0,394225856.0,1.0,-5.27,0.0,0.0,0.0,5.955,11.76,"[0.0, 0.0, 0.0, 50.0, 88.14]",-13.722221,14.6,LOW,"{""coverage"": 0.5714285714285714, ""confluence"": 0.0, ""risk_clean"": 0.0, ""regime_align"": 0.0, ""liquidity"": 0.03355704697986572, ""weights"": {""coverage"": 0.25, ""confluence"": 0.25, ""risk_clean"": 0.2, ""regime_align"": 0.2, ""liquidity"": 0.1}}",CA38171A2092,CA38171A2092,CA38171A2092,Edelmetalle ‚õèÔ∏è,2.56,0.048508,0.0318,0.483271,452253.33,1117065.75,2.4511,0.007701,bull,0.0553484204910741,bear,-0.3003931238766364,2026-02-15,-0.139642,,,,
US4227041062,HECLA MNG,US4227041062,22.98,USD,-4.01,0.0,0.0,Seitw√§rts,0.0,0.0,73.7,12.4,Zyklus-Tief,8.88,11.711,7.0,107837000.0,15551884288.0,1224562944.0,0.69,67.1,16.27,83.37,2.153,80.04,"[100.0, 17.76, 0.0, 87.58, 22.19]",21.58091,30.3,LOW,"{""coverage"": 0.5714285714285714, ""confluence"": 0.4, ""risk_clean"": 0.0, ""regime_align"": 0.0, ""liquidity"": 0.6040268456375839, ""weights"": {""coverage"": 0.25, ""confluence"": 0.25, ""risk_clean"": 0.2, ""regime_align"": 0.2, ""liquidity"": 0.1}}",US4227041062,US4227041062,US4227041062,Edelmetalle ‚õèÔ∏è,28.27,0.045155,0.030624,0.330085,24938640.0,573089935.78,12.0136,0.912828,bull,0.0553484204910741,bear,-0.3003931238766364,2026-02-15,0.621545,,,,
US45337C1027,INCYTE DL,US45337C1027,100.05,USD,-8.24,0.0,0.0,Seitw√§rts,0.0,0.0,66.1,14.5,Zyklus-Tief,30.39,0.887,0.0,531249760.0,18516510720.0,4813105152.0,2.87,20.0,24.7,44.7,3.195,106.03,"[40.0, 60.78, 55.65, 85.47, 21.36]",11.185932,35.8,LOW,"{""coverage"": 0.5714285714285714, ""confluence"": 0.4, ""risk_clean"": 0.3333333333333333, ""regime_align"": 0.0, ""liquidity"": 0.4832214765100671, ""weights"": {""coverage"": 0.25, ""confluence"": 0.25, ""risk_clean"": 0.2, ""regime_align"": 0.2, ""liquidity"": 0.1}}",US45337C1027,US45337C1027,US45337C1027,Pharma & Gesundheit,103.95,0.022389,0.016097,0.258468,2087193.33,208823699.37,84.9469,0.177795,bull,0.0553484204910741,bear,-0.3003931238766364,2026-02-15,-0.090524,,,,
IFX.DE,INFINEON TECH.,IFX.DE,43.5099983215332,EUR,16.60471574016984,0.0,0.0,Seitw√§rts,0.0,0.0,57.6,40.9,Zyklus-neutral,5.71,41.673,83.0,1671250048.0,61230231552.0,14899999744.0,2.73,7.0,6.88,13.88,1.721,55.03,"[14.0, 11.42, 0.0, 59.12, 22.1]",18.915174,25.4,LOW,"{""coverage"": 0.5714285714285714, ""confluence"": 0.0, ""risk_clean"": 0.3333333333333333, ""regime_align"": 0.0, ""liquidity"": 0.4429530201342282, ""weights"": {""coverage"": 0.25, ""confluence"": 0.25, ""risk_clean"": 0.2, ""regime_align"": 0.2, ""liquidity"": 0.1}}",,IFX.DE,IFX.DE,Gehirn,42.32,0.369949770483331,0.2360097591928393,0.3679086148473982,4252765.7,185037828.468874,35.82677508354187,0.2144547819354485,bull,0.0553484204910741,bear,-0.3003931238766364,2026-02-15,0.3014320843886882,,,,
US4571871023,INGREDION INC,US4571871023,118.72,USD,-0.48,50.62,0.76,BUY,117.01,127.79,47.5,29.1,Zyklus-neutral,18.1,41.609,275.0,379000000.0,8264359936.0,7218999808.0,4.59,-2.4,10.1,7.7,2.663,97.61,"[0.0, 36.2, 0.0, 90.9, 22.78]",10.015725,,,,US4571871023,US4571871023,US4571871023,Konsum & Lifestyle,116.93,0.011911,0.008748,0.239389,676436.67,80306561.89,122.2955,-0.029237,bull,0.0553484204910741,bear,-0.3003931238766364,2026-02-15,0.067924,,,,
US47215P1066,JD.COM ADR,US47215P1066,28.35,USD,1.21,0.0,0.0,Seitw√§rts,0.0,0.0,39.9,39.2,Zyklus-neutral,11.72,36.821,353.0,-13451249664.0,68616331264.0,1303786946560.0,-19.6,14.9,2.47,17.37,1.198,15.54,"[29.8, 23.44, 0.0, 60.83, 42.95]",9.074207,26.1,LOW,"{""coverage"": 0.5714285714285714, ""confluence"": 0.0, ""risk_clean"": 0.3333333333333333, ""regime_align"": 0.0, ""liquidity"": 0.5167785234899329, ""weights"": {""coverage"": 0.25, ""confluence"": 0.25, ""risk_clean"": 0.2, ""regime_align"": 0.2, ""liquidity"": 0.1}}",US47215P1066,US47215P1066,US47215P1066,E-Commerce,29.49,0.023744,0.014645,0.377894,10195671.67,289047295.64,31.8594,-0.110152,bull,0.0553484204910741,bear,-0.3003931238766364,2026-02-15,-0.14278,,,,
JP3236200006,KEYENCE CORP.,JP3236200006,56630.0,JPY,2.37,0.0,0.0,Seitw√§rts,0.0,0.0,45.7,38.5,Zyklus-neutral,0.0,100.0,97.0,0.0,12400190291968.0,1118560059392.0,0.0,0.0,0.0,0.0,13.552,35.37,"[0.0, 0.0, 0.0, 61.55, 21.55]",30.325748,30.5,LOW,"{""coverage"": 0.5714285714285714, ""confluence"": 0.0, ""risk_clean"": 0.3333333333333333, ""regime_align"": 0.0, ""liquidity"": 0.959731543624161, ""weights"": {""coverage"": 0.25, ""confluence"": 0.25, ""risk_clean"": 0.2, ""regime_align"": 0.2, ""liquidity"": 0.1}}",JP3236200006,JP3236200006,JP3236200006,Hardware üíª,58890.0,0.02008,0.012102,0.219456,740020.0,41907332600.0,57395.1625,-0.013331,bull,0.0553484204910741,bear,-0.3003931238766364,2026-02-15,-0.018056,,,,
US5006311063,KOREA EL. PWR ADR 1/2,US5006311063,20.9,USD,-3.82,106.73,5.08,BUY,23.41,31.51,78.5,12.6,Zyklus-Tief,19.12,279.916,45.0,1394938609664.0,127486264344576.0,97275598602240.0,1.09,5.6,8.47,14.07,0.481,1.78,"[11.2, 38.24, 0.0, 100.0, 30.73]",3.3700979,,,,US5006311063,US5006311063,US5006311063,Energie,21.38,0.031709,0.017955,0.15587,545110.0,11392798.79,14.5062,0.440758,bull,0.0553484204910741,bear,-0.3003931238766364,2026-02-15,0.335024,,,,
US54951L1098,LUCKIN COFFEE,US54951L1098,37.1,USD,-0.8,0.0,0.0,Seitw√§rts,0.0,0.0,56.1,90.2,Zyklus-Hoch,27.39,41.484,0.0,6359557632.0,94941388800.0,46124539904.0,6.7,50.2,8.48,58.68,1.66,7.79,"[100.0, 54.78, 0.0, 9.77, 32.51]",16.32204,33.6,LOW,"{""coverage"": 0.5714285714285714, ""confluence"": 0.4, ""risk_clean"": 0.3333333333333333, ""regime_align"": 0.0, ""liquidity"": 0.26845637583892623, ""weights"": {""coverage"": 0.25, ""confluence"": 0.25, ""risk_clean"": 0.2, ""regime_align"": 0.2, ""liquidity"": 0.1}}",US54951L1098,US54951L1098,US54951L1098,Konsum & Lifestyle,32.6,0.031643,0.020978,0.269586,1988441.67,73771182.8,36.4023,0.019168,bull,0.0553484204910741,bear,-0.3003931238766364,2026-02-15,-0.045236,,,,
US5502411037,LUMEN TECHN.,US5502411037,7.78,USD,0.13,0.0,0.0,Seitw√§rts,0.0,0.0,60.8,49.3,Zyklus-neutral,0.0,100.0,0.0,-5826500096.0,24455852032.0,12401999872.0,-23.82,-8.7,-14.02,-22.72,1.802,69.05,"[0.0, 0.0, 0.0, 50.71, 38.17]",-28.083603,17.9,LOW,"{""coverage"": 0.5714285714285714, ""confluence"": 0.0, ""risk_clean"": 0.0, ""regime_align"": 0.0, ""liquidity"": 0.36241610738255026, ""weights"": {""coverage"": 0.25, ""confluence"": 0.25, ""risk_clean"": 0.2, ""regime_align"": 0.2, ""liquidity"": 0.1}}",US5502411037,US5502411037,US5502411037,Medien & Digitales üì±,9.32,0.052399,0.031941,0.473373,13811318.33,107452059.53,6.1868,0.257516,bull,0.0553484204910741,bear,-0.3003931238766364,2026-02-15,-0.295026,,,,
FR0000121014,LVMH EO,FR0000121014,537.7,EUR,0.43,46.85,0.0,Seitw√§rts,0.0,0.0,40.1,46.6,Zyklus-neutral,16.24,53.342,243.0,11704625152.0,291645456384.0,80807002112.0,4.01,-4.7,13.46,8.76,1.584,18.38,"[0.0, 32.48, 0.0, 53.38, 24.94]",20.029936,,,,FR0000121014,FR0000121014,FR0000121014,Konsum & Lifestyle,589.3,0.020012,0.013101,0.376986,392209.92,210891276.98,536.2462,0.002711,bull,0.0553484204910741,bear,-0.3003931238766364,2026-02-15,-0.156853,,,,
CA5589221004,MAGMA SILVER,CA5589221004,0.33,CAD,-8.33,0.0,0.0,Seitw√§rts,0.0,0.0,60.8,23.3,Zyklus-neutral,-2465.46,100.0,0.0,-1205764.0,23695312.0,1.0,-5.09,0.0,0.0,0.0,4.323,0.0,"[0.0, 0.0, 0.0, 76.72, 25.0]",0.0,14.3,LOW,"{""coverage"": 0.5714285714285714, ""confluence"": 0.0, ""risk_clean"": 0.0, ""regime_align"": 0.0, ""liquidity"": 0, ""weights"": {""coverage"": 0.25, ""confluence"": 0.25, ""risk_clean"": 0.2, ""regime_align"": 0.2, ""liquidity"": 0.1}}",CA5589221004,CA5589221004,CA5589221004,Edelmetalle ‚õèÔ∏è,0.36,0.085641,0.038818,0.653061,321907.05,106229.33,0.2147,0.53685,bull,0.0553484204910741,bear,-0.3003931238766364,2026-02-15,0.432097,,,,
US57636Q1040,MASTERCARD INC,US57636Q1040,540.39,USD,0.95,0.0,0.0,Seitw√§rts,0.0,0.0,45.5,58.4,Zyklus-neutral,209.91,245.288,64.0,16265374720.0,491219648512.0,32790999040.0,3.31,17.6,45.65,63.25,1.035,91.48,"[35.2, 100.0, 0.0, 41.63, 24.28]",23.911453,38.8,LOW,"{""coverage"": 0.5714285714285714, ""confluence"": 0.4, ""risk_clean"": 0.3333333333333333, ""regime_align"": 0.0, ""liquidity"": 0.785234899328859, ""weights"": {""coverage"": 0.25, ""confluence"": 0.25, ""risk_clean"": 0.2, ""regime_align"": 0.2, ""liquidity"": 0.1}}",US57636Q1040,US57636Q1040,US57636Q1040,Finanzen,521.34,0.014685,0.011304,0.167254,3435461.67,1856489180.37,562.8312,-0.039872,bull,0.0553484204910741,bear,-0.3003931238766364,2026-02-15,-0.054078,,,,
MSFT,MICROSOFT DL,MSFT,401.3200073242188,USD,-1.0159701266726051,0.0,0.0,Seitw√§rts,0.0,0.0,53.6,43.2,Zyklus-neutral,34.39,31.539,88.0,53640626176.0,3102605836288.0,305453006848.0,1.73,16.7,39.04,55.74,1.386,76.1,"[33.4, 68.78, 0.0, 56.83, 36.18]",21.908993,40.2,LOW,"{""coverage"": 0.5714285714285714, ""confluence"": 0.4, ""risk_clean"": 0.3333333333333333, ""regime_align"": 0.0, ""liquidity"": 0.9261744966442953, ""weights"": {""coverage"": 0.25, ""confluence"": 0.25, ""risk_clean"": 0.2, ""regime_align"": 0.2, ""liquidity"": 0.1}}",,MSFT,MSFT,Gehirn,481.15,0.2644429724676709,0.2000097061687935,0.2724061568353705,46032165.0,18473628794.94965,486.3688877868652,-0.1748649689531873,bull,0.0553484204910741,bear,-0.3003931238766364,2026-02-15,-0.2185606185825037,,,,
US66981J1025,MINISO GRP ADS,US66981J1025,19.23,USD,0.73,0.0,0.0,Seitw√§rts,0.0,0.0,45.6,60.9,Zyklus-neutral,21.17,101.459,321.0,0.0,26843117568.0,19902461952.0,0.0,28.2,10.81,39.01,1.655,8.67,"[56.4, 42.34, 0.0, 39.06, 40.53]",11.638044,32.4,LOW,"{""coverage"": 0.5714285714285714, ""confluence"": 0.4, ""risk_clean"": 0.3333333333333333, ""regime_align"": 0.0, ""liquidity"": 0.14093959731543626, ""weights"": {""coverage"": 0.25, ""confluence"": 0.25, ""risk_clean"": 0.2, ""regime_align"": 0.2, ""liquidity"": 0.1}}",US66981J1025,US66981J1025,US66981J1025,Konsum & Lifestyle,18.79,0.033413,0.024782,0.356859,641976.67,12345211.01,20.2434,-0.050061,bull,0.0553484204910741,bear,-0.3003931238766364,2026-02-15,-0.104686,,,,
JP3902400005,MITSUBISHI EL.,JP3902400005,5814.0,JPY,1.06,23.94,0.09,BUY,5152.0,5863.86,79.6,100.0,Zyklus-Hoch,9.51,8.262,95.0,252386869248.0,11700824702976.0,5677370048512.0,2.16,4.9,6.59,11.49,1.988,49.55,"[9.8, 19.02, 0.0, 20.0, 0.0]",35.206493,,,,JP3902400005,JP3902400005,JP3902400005,Hardware üíª,4886.0,0.023985,0.013599,0.240845,5985788.33,34801373370.0,3767.6596,0.543133,bull,0.0553484204910741,bear,-0.3003931238766364,2026-02-15,0.294648,,,,
CH0038863350,NESTLE NAM.,CH0038863350,78.92,CHF,0.68,47.85,0.0,Seitw√§rts,0.0,0.0,53.9,95.7,Zyklus-Hoch,33.76,225.855,389.0,5756874752.0,263371161600.0,90898997248.0,2.19,-1.8,11.34,9.54,0.714,45.54,"[0.0, 67.52, 0.0, 4.27, 21.26]",17.62689,,,,CH0038863350,CH0038863350,CH0038863350,Konsum & Lifestyle,72.85,0.013465,0.007858,0.199639,3669254.4,289577550.53,78.4245,0.006318,bull,0.0553484204910741,bear,-0.3003931238766364,2026-02-15,-0.036088,,,,
US64110L1061,NETFLIX INC.,US64110L1061,82.21,USD,0.91,0.0,0.0,Seitw√§rts,0.0,0.0,39.3,93.9,Zyklus-Hoch,42.76,63.782,0.0,24817524736.0,355017424896.0,45183037440.0,6.99,17.6,24.3,41.9,1.186,86.0,"[35.2, 85.52, 0.0, 6.14, 32.01]",21.525,39.5,LOW,"{""coverage"": 0.5714285714285714, ""confluence"": 0.4, ""risk_clean"": 0.3333333333333333, ""regime_align"": 0.0, ""liquidity"": 0.8590604026845637, ""weights"": {""coverage"": 0.25, ""confluence"": 0.25, ""risk_clean"": 0.2, ""regime_align"": 0.2, ""liquidity"": 0.1}}",US64110L1061,US64110L1061,US64110L1061,Medien & Digitales üì±,85.7,0.020501,0.016059,0.403045,46748213.33,3843170575.33,112.1318,-0.266845,bull,0.0553484204910741,bear,-0.3003931238766364,2026-02-15,-0.289684,,,,
AU0000297962,NEWMONT CORP.,AU0000297962,171.49,AUD,2.39,0.0,0.0,Seitw√§rts,0.0,0.0,76.4,43.9,Zyklus-neutral,22.88,16.914,90.0,9337749504.0,182633725952.0,21503000576.0,5.11,20.0,33.42,53.42,2.039,11.57,"[40.0, 45.76, 0.0, 56.08, 21.98]",13.116383,33.6,LOW,"{""coverage"": 0.5714285714285714, ""confluence"": 0.4, ""risk_clean"": 0.3333333333333333, ""regime_align"": 0.0, ""liquidity"": 0.261744966442953, ""weights"": {""coverage"": 0.25, ""confluence"": 0.25, ""risk_clean"": 0.2, ""regime_align"": 0.2, ""liquidity"": 0.1}}",AU0000297962,AU0000297962,AU0000297962,Edelmetalle ‚õèÔ∏è,180.94,0.025926,0.020143,0.211923,402010.08,68940711.4,119.4025,0.436234,bull,0.0553484204910741,bear,-0.3003931238766364,2026-02-15,0.2786,,,,
US6541061031,NIKE INC. B,US6541061031,63.04,USD,1.01,0.0,0.0,Seitw√§rts,0.0,0.0,45.6,61.5,Zyklus-neutral,17.95,80.099,260.0,2576624896.0,96260366336.0,46513000448.0,2.68,0.6,5.43,6.03,2.063,83.37,"[1.2, 35.9, 0.0, 38.51, 21.93]",27.24181,28.1,LOW,"{""coverage"": 0.5714285714285714, ""confluence"": 0.0, ""risk_clean"": 0.3333333333333333, ""regime_align"": 0.0, ""liquidity"": 0.7181208053691275, ""weights"": {""coverage"": 0.25, ""confluence"": 0.25, ""risk_clean"": 0.2, ""regime_align"": 0.2, ""liquidity"": 0.1}}",US6541061031,US6541061031,US6541061031,Konsum & Lifestyle,63.42,0.026467,0.018555,0.344841,18065246.67,1138833166.41,66.5826,-0.053206,bull,0.0553484204910741,bear,-0.3003931238766364,2026-02-15,0.003939,,,,
DK0062498333,NOVO-NORDISK,DK0062498333,314.95,DKK,1.27,0.0,0.0,Seitw√§rts,0.0,0.0,34.8,31.0,Zyklus-neutral,60.7,67.488,505.0,376875008.0,1503633735680.0,309064007680.0,0.03,-7.6,33.14,25.54,0.8,32.25,"[0.0, 100.0, 0.0, 68.95, 28.64]",14.181444,32.5,LOW,"{""coverage"": 0.5714285714285714, ""confluence"": 0.4, ""risk_clean"": 0.0, ""regime_align"": 0.0, ""liquidity"": 0.825503355704698, ""weights"": {""coverage"": 0.25, ""confluence"": 0.25, ""risk_clean"": 0.2, ""regime_align"": 0.2, ""liquidity"": 0.1}}",DK0062498333,DK0062498333,DK0062498333,Pharma & Gesundheit,393.95,0.034322,0.028058,0.560614,8149483.2,2566679833.32,374.2495,-0.158449,bull,0.0553484204910741,bear,-0.3003931238766364,2026-02-15,-0.008507,,,,
NVDA,NVIDIA CORP.,NVDA,182.80999755859372,USD,31.69606513486698,0.0,0.0,Seitw√§rts,0.0,0.0,60.0,73.6,Zyklus-neutral,107.36,9.102,2.0,53282873344.0,4531735756800.0,187141996544.0,1.18,62.5,53.01,115.51,4.468,69.59,"[100.0, 100.0, 0.0, 26.36, 30.04]",24.441496,45.4,LOW,"{""coverage"": 0.5714285714285714, ""confluence"": 0.6, ""risk_clean"": 0.3333333333333333, ""regime_align"": 0.0, ""liquidity"": 0.9463087248322147, ""weights"": {""coverage"": 0.25, ""confluence"": 0.25, ""risk_clean"": 0.2, ""regime_align"": 0.2, ""liquidity"": 0.1}}",,NVDA,NVDA,Gehirn,186.47,0.4460172820303991,0.3014217309319106,0.3268240880077405,175290385.0,32044834853.89496,171.66380275726317,0.0649303733361399,bull,0.0553484204910741,bear,-0.3003931238766364,2026-02-15,-0.0390657119616071,,,,
US6745991058,OCCIDENTAL PET.,US6745991058,46.27,USD,-0.84,41.42,1.07,BUY,46.95,51.24,47.2,75.7,Zyklus-neutral,5.96,62.221,206.0,3033125120.0,75094687744.0,26601000960.0,4.04,-7.7,8.17,0.47,0.935,51.31,"[0.0, 11.92, 0.0, 44.3, 7.41]",41.212414,,,,US6745991058,US6745991058,US6745991058,Energie,44.53,0.023559,0.018469,0.303237,10098211.67,467244258.44,42.9315,0.077764,bull,0.0553484204910741,bear,-0.3003931238766364,2026-02-15,0.092005,,,,
US6821891057,ON SEMICOND.,US6821891057,67.38,USD,3.5,56.36,1.76,BUY,66.86,79.21,59.9,88.0,Zyklus-Hoch,1.5,39.064,0.0,1250724992.0,27005202432.0,5995400192.0,4.63,-11.2,2.02,-9.18,4.522,109.63,"[0.0, 3.0, 0.0, 31.95, 17.06]",16.742908,,,,US6821891057,US6821891057,US6821891057,Gehirn,63.03,0.037033,0.024946,0.426803,9457910.0,637273949.82,51.9871,0.296092,bull,0.0553484204910741,bear,-0.3003931238766364,2026-02-15,0.37417,,,,
US68622V1061,ORGANON + CO.,US68622V1061,7.81,USD,-1.26,0.0,0.0,Seitw√§rts,0.0,0.0,37.4,0.0,Zyklus-Tief,71.62,974.393,102.0,394000000.0,10186466304.0,6301000192.0,3.87,1.3,7.95,9.25,1.754,76.86,"[2.6, 100.0, 0.0, 100.0, 33.89]",2.035662,21.2,LOW,"{""coverage"": 0.5714285714285714, ""confluence"": 0.2, ""risk_clean"": 0.0, ""regime_align"": 0.0, ""liquidity"": 0.19463087248322153, ""weights"": {""coverage"": 0.25, ""confluence"": 0.25, ""risk_clean"": 0.2, ""regime_align"": 0.2, ""liquidity"": 0.1}}",US68622V1061,US68622V1061,US68622V1061,Pharma & Gesundheit,8.98,0.039431,0.03528,0.605198,5370355.0,41942472.24,8.9553,-0.127892,bull,0.0553484204910741,bear,-0.3003931238766364,2026-02-15,0.120448,,,,
PLTR,PALANTIR TECHN.,PLTR,131.41000366210938,USD,10.28029508520003,0.0,0.0,Seitw√§rts,0.0,0.0,54.0,30.5,Zyklus-neutral,25.98,3.063,0.0,1260918400.0,326150029312.0,4475445760.0,0.39,70.0,36.31,106.31,7.11,60.57,"[100.0, 51.96, 0.0, 69.5, 4.56]",77.01267,38.1,LOW,"{""coverage"": 0.5714285714285714, ""confluence"": 0.6, ""risk_clean"": 0.0, ""regime_align"": 0.0, ""liquidity"": 0.8791946308724832, ""weights"": {""coverage"": 0.25, ""confluence"": 0.25, ""risk_clean"": 0.2, ""regime_align"": 0.2, ""liquidity"": 0.1}}",,PLTR,PLTR,Gehirn,167.47,0.6317666476255354,0.4629826871031896,0.4061145842956551,57496285.0,7555587022.407684,160.7602750778198,-0.1825716670458715,bull,0.0553484204910741,bear,-0.3003931238766364,2026-02-15,-0.2540559148354299,,,,
CA6979001089,PAN AMER. SILVER,CA6979001089,80.41,CAD,0.5,0.0,0.0,Seitw√§rts,0.0,0.0,71.7,41.7,Zyklus-neutral,11.29,13.316,97.0,996537472.0,33913999360.0,3254799872.0,2.94,19.3,19.48,38.78,2.313,68.03,"[38.6, 22.58, 0.0, 58.27, 22.51]",16.049044,29.2,LOW,"{""coverage"": 0.5714285714285714, ""confluence"": 0.2, ""risk_clean"": 0.3333333333333333, ""regime_align"": 0.0, ""liquidity"": 0.32885906040268464, ""weights"": {""coverage"": 0.25, ""confluence"": 0.25, ""risk_clean"": 0.2, ""regime_align"": 0.2, ""liquidity"": 0.1}}",CA6979001089,CA6979001089,CA6979001089,Edelmetalle ‚õèÔ∏è,87.0,0.033037,0.026267,0.207959,1100598.33,88499116.01,51.3876,0.564774,bull,0.0553484204910741,bear,-0.3003931238766364,2026-02-15,0.505245,,,,
US70450Y1038,PAYPAL HDGS,US70450Y1038,41.49,USD,0.83,0.0,0.0,Seitw√§rts,0.0,0.0,30.9,29.5,Zyklus-neutral,25.73,60.703,135.0,3274249984.0,40072372224.0,33172000768.0,8.17,3.7,15.78,19.48,1.287,82.92,"[7.4, 51.46, 0.0, 70.46, 34.62]",7.116504,37.5,LOW,"{""coverage"": 0.5714285714285714, ""confluence"": 0.4, ""risk_clean"": 0.3333333333333333, ""regime_align"": 0.0, ""liquidity"": 0.6510067114093959, ""weights"": {""coverage"": 0.25, ""confluence"": 0.25, ""risk_clean"": 0.2, ""regime_align"": 0.2, ""liquidity"": 0.1}}",US70450Y1038,US70450Y1038,US70450Y1038,Finanzen,55.47,0.025468,0.022991,0.491322,19821906.67,822410940.87,66.349,-0.37467,bull,0.0553484204910741,bear,-0.3003931238766364,2026-02-15,-0.406573,,,,
FR0000120693,PERNOD RICARD,FR0000120693,83.06,EUR,3.75,47.43,0.0,Seitw√§rts,0.0,0.0,42.0,100.0,Zyklus-Hoch,10.14,77.61,587.0,1170000000.0,32680491008.0,10958999552.0,3.58,-4.5,14.84,10.34,1.916,57.28,"[0.0, 20.28, 0.0, 0.0, 27.33]",13.442283,,,,FR0000120693,FR0000120693,FR0000120693,Konsum & Lifestyle,72.92,0.016606,0.009973,0.280343,656910.8,54563009.44,84.0912,-0.012263,bull,0.0553484204910741,bear,-0.3003931238766364,2026-02-15,-0.011181,,,,
CNE1000003W8,PETROCHINA CO.,CNE1000003W8,9.36,HKD,0.54,0.0,0.0,Seitw√§rts,0.0,0.0,72.7,69.6,Zyklus-neutral,10.21,20.439,552.0,37757001728.0,1962411294720.0,2849543028736.0,1.92,2.3,5.55,7.85,1.148,26.73,"[4.6, 20.42, 0.0, 30.38, 21.24]",9.865313,27.6,LOW,"{""coverage"": 0.5714285714285714, ""confluence"": 0.0, ""risk_clean"": 0.3333333333333333, ""regime_align"": 0.0, ""liquidity"": 0.6644295302013423, ""weights"": {""coverage"": 0.25, ""confluence"": 0.25, ""risk_clean"": 0.2, ""regime_align"": 0.2, ""liquidity"": 0.1}}",CNE1000003W8,CNE1000003W8,CNE1000003W8,Energie,8.81,0.017743,0.017147,0.190031,104329038.0,976519759.86,7.4803,0.251286,bull,0.0553484204910741,bear,-0.3003931238766364,2026-02-15,0.026655,,,,
US7170811035,PFIZER INC.,US7170811035,27.61,USD,2.07,42.81,0.48,BUY,26.83,28.94,60.4,100.0,Zyklus-Hoch,8.58,66.531,636.0,0.0,204229378048.0,62578999296.0,0.0,-1.2,12.42,11.22,1.0,68.0,"[0.0, 17.16, 0.0, 20.0, 21.85]",9.772898,,,,US7170811035,US7170811035,US7170811035,Pharma & Gesundheit,26.43,0.016686,0.011089,0.192595,53193953.33,1468685084.0,23.9697,0.15187,bull,0.0553484204910741,bear,-0.3003931238766364,2026-02-15,0.11453,,,,
US6934831099,POSCO HOL.ADR,US6934831099,63.73,USD,0.27,64.89,2.86,BUY,65.49,81.98,67.1,47.7,Zyklus-neutral,0.81,45.676,278.0,0.0,19552163332096.0,69095001161728.0,0.0,-5.4,0.95,-4.45,1.896,2.67,"[0.0, 1.62, 0.0, 72.33, 23.17]",12.655211,,,,US6934831099,US6934831099,US6934831099,Fundament,63.17,0.026449,0.013843,0.255735,184406.67,11752236.78,52.3091,0.218336,bull,0.0553484204910741,bear,-0.3003931238766364,2026-02-15,0.196214,,,,
US74767V1098,QUANTUMSCAPE A,US74767V1098,8.94,USD,-2.51,0.0,0.0,Seitw√§rts,0.0,0.0,57.1,60.4,Zyklus-neutral,-38.65,6.004,0.0,-116634872.0,4444975104.0,1.0,-2.62,0.0,0.0,0.0,21.138,32.36,"[0.0, 0.0, 0.0, 39.58, 36.84]",-13.218594,18.4,LOW,"{""coverage"": 0.5714285714285714, ""confluence"": 0.0, ""risk_clean"": 0.0, ""regime_align"": 0.0, ""liquidity"": 0.41610738255033564, ""weights"": {""coverage"": 0.25, ""confluence"": 0.25, ""risk_clean"": 0.2, ""regime_align"": 0.2, ""liquidity"": 0.1}}",US74767V1098,US74767V1098,US74767V1098,Experimente,10.12,0.065152,0.034011,0.579176,16616740.0,148553648.63,9.8691,-0.094145,bull,0.0553484204910741,bear,-0.3003931238766364,2026-02-15,-0.496664,,,,
US7594701077,RELIANCE INDS,US7594701077,64.8,USD,0.15,0.0,0.0,Seitw√§rts,0.0,0.0,58.2,100.0,Zyklus-Hoch,0.0,37.389,33.0,0.0,2996862451712.0,9252890476544.0,0.0,11.7,7.43,19.13,1.0,0.89,"[23.4, 0.0, 0.0, 0.0, 26.68]",16.744186,21.6,LOW,"{""coverage"": 0.5714285714285714, ""confluence"": 0.0, ""risk_clean"": 0.3333333333333333, ""regime_align"": 0.0, ""liquidity"": 0.06711409395973156, ""weights"": {""coverage"": 0.25, ""confluence"": 0.25, ""risk_clean"": 0.2, ""regime_align"": 0.2, ""liquidity"": 0.1}}",US7594701077,US7594701077,US7594701077,Experimente,60.3,0.014199,0.010426,0.154895,84382.15,5467963.58,65.5387,-0.011271,bull,0.0553484204910741,bear,-0.3003931238766364,2026-02-15,-0.06451,,,,
ROK,ROCKWELL AU.,ROK,394.3699951171875,USD,36.14606202846815,0.0,0.0,Seitw√§rts,0.0,0.0,66.6,18.2,Zyklus-Tief,23.74,99.289,134.0,1025500032.0,49741873152.0,8566000128.0,2.06,11.9,11.56,23.46,1.156,86.72,"[23.8, 47.48, 0.0, 81.79, 11.78]",30.140837,31.3,LOW,"{""coverage"": 0.5714285714285714, ""confluence"": 0.2, ""risk_clean"": 0.3333333333333333, ""regime_align"": 0.0, ""liquidity"": 0.5369127516778524, ""weights"": {""coverage"": 0.25, ""confluence"": 0.25, ""risk_clean"": 0.2, ""regime_align"": 0.2, ""liquidity"": 0.1}}",,ROK,ROK,Hardware üíª,420.36,0.3211598447530527,0.2221643924986802,0.2777557729893457,1125050.0,443685963.0065918,356.0203813934326,0.1077174671114553,bull,0.0553484204910741,bear,-0.3003931238766364,2026-02-15,0.0250314816561432,,,,
US7960542030,SAMSUNG SDI,US7960542030,54.2,EUR,0.37,49.13,3.73,BUY,59.4,74.42,60.6,36.7,Zyklus-neutral,-2.59,46.177,40.0,0.0,9084264775680.0,13266999836672.0,0.0,2.8,-4.89,-2.09,0.892,0.05,"[5.6, 0.0, 0.0, 83.25, 25.0]",0.0,,,,US7960542030,US7960542030,US7960542030,Energie,57.8,0.04039,0.02287,0.390123,6787.9,367904.19,35.6651,0.519693,bull,0.0553484204910741,bear,-0.3003931238766364,2026-02-15,0.087584,,,,
SAP.DE,SAP SE O.N.,SAP.DE,171.72000122070312,EUR,-38.18333802796477,0.0,0.0,Seitw√§rts,0.0,0.0,35.8,68.8,Zyklus-neutral,16.46,17.84,134.0,7799625216.0,206661484544.0,36800000000.0,3.77,3.3,19.91,23.21,1.174,40.19,"[6.6, 32.92, 0.0, 31.24, 36.01]",20.883703,31.4,LOW,"{""coverage"": 0.5714285714285714, ""confluence"": 0.2, ""risk_clean"": 0.3333333333333333, ""regime_align"": 0.0, ""liquidity"": 0.5436241610738255, ""weights"": {""coverage"": 0.25, ""confluence"": 0.25, ""risk_clean"": 0.2, ""regime_align"": 0.2, ""liquidity"": 0.1}}",,SAP.DE,SAP.DE,Gehirn,195.54,0.3524680065383703,0.2981604022410775,0.4073923526870796,4148106.75,712312896.1736069,230.43342849731445,-0.2547956156339339,bull,0.0553484204910741,bear,-0.3003931238766364,2026-02-15,-0.2093301918498025,,,,
DE000ENER6Y0,SIEMENS ENERGY,,11.49,USD,0.35,10.5,0.0,Seitw√§rts,0.0,0.0,62.5,86.5,Zyklus-Hoch,0.0,72.403,752.0,0.0,1.0,28795244.0,0.0,0.0,-80.39,-80.39,0.247,14.27,"[0.0, 0.0, 0.0, 13.54, 25.0]",,,,,DE000ENER6Y0,DE000ENER6Y0,DE000ENER6Y0,Energie,142.2,,,,,,,,bull,0.0553484204910741,bear,-0.3003931238766364,2026-02-15,,,,,
CA82831T1093,SILVER TIGER,CA82831T1093,0.99,CAD,-4.81,0.0,0.0,Seitw√§rts,0.0,0.0,67.6,11.8,Zyklus-Tief,-4.86,100.0,0.0,-4825026.0,488284608.0,1.0,-0.99,0.0,0.0,0.0,16.853,14.6,"[0.0, 0.0, 0.0, 88.22, 43.18]",35.357143,14.8,LOW,"{""coverage"": 0.5714285714285714, ""confluence"": 0.0, ""risk_clean"": 0.0, ""regime_align"": 0.0, ""liquidity"": 0.05369127516778527, ""weights"": {""coverage"": 0.25, ""confluence"": 0.25, ""risk_clean"": 0.2, ""regime_align"": 0.2, ""liquidity"": 0.1}}",CA82831T1093,CA82831T1093,CA82831T1093,Edelmetalle ‚õèÔ∏è,1.29,0.053178,0.028938,0.35,2462636.67,2438010.32,0.6775,0.461179,bull,0.0553484204910741,bear,-0.3003931238766364,2026-02-15,0.158202,,,,
GB0009223206,SMITH + NEP. DL,GB0009223206,1287.0,GBp,1.1,45.65,0.0,Seitw√§rts,0.0,0.0,63.3,87.2,Zyklus-Hoch,9.14,62.392,226.0,700875008.0,14034447360.0,5944000000.0,4.99,4.7,8.26,12.96,3.003,69.36,"[9.4, 18.28, 0.0, 12.76, 21.21]",15.511343,,,,GB0009223206,GB0009223206,GB0009223206,Hardware üíª,1243.0,0.018187,0.013796,0.203102,2407634.45,3098625537.15,1234.9876,0.042116,bull,0.0553484204910741,bear,-0.3003931238766364,2026-02-15,-0.021981,,,,
SNOW,SNOWFLAKE INC. A,SNOW,182.2899932861328,USD,-2.83049714532142,0.0,0.0,Seitw√§rts,0.0,0.0,48.8,55.9,Zyklus-neutral,-53.09,125.912,0.0,1285029632.0,61811384320.0,4386721792.0,2.08,28.7,-30.76,-2.06,1.367,76.66,"[57.4, 0.0, 0.0, 44.05, 1.67]",112.415726,32.8,LOW,"{""coverage"": 0.5714285714285714, ""confluence"": 0.2, ""risk_clean"": 0.3333333333333333, ""regime_align"": 0.0, ""liquidity"": 0.6845637583892618, ""weights"": {""coverage"": 0.25, ""confluence"": 0.25, ""risk_clean"": 0.2, ""regime_align"": 0.2, ""liquidity"": 0.1}}",,SNOW,SNOW,Gehirn,212.77,0.5223521106001084,0.3754198157750904,0.4345457226281102,6763780.0,1232969410.7888794,218.36045013427736,-0.165187683144835,bull,0.0553484204910741,bear,-0.3003931238766364,2026-02-15,-0.3079257924706055,,,,
BE0003470755,SOLVAY S.A. A,BE0003470755,27.98,EUR,4.56,0.0,0.0,Seitw√§rts,0.0,0.0,51.3,100.0,Zyklus-Hoch,12.58,174.545,868.0,86625000.0,4766044672.0,4905999872.0,1.82,-3.9,3.14,-0.76,1.413,29.14,"[0.0, 25.16, 0.0, 0.0, 17.0]",10.491425,22.0,LOW,"{""coverage"": 0.5714285714285714, ""confluence"": 0.0, ""risk_clean"": 0.3333333333333333, ""regime_align"": 0.0, ""liquidity"": 0.10067114093959728, ""weights"": {""coverage"": 0.25, ""confluence"": 0.25, ""risk_clean"": 0.2, ""regime_align"": 0.2, ""liquidity"": 0.1}}",BE0003470755,BE0003470755,BE0003470755,Experimente,25.84,0.017972,0.01194,0.243309,394781.45,11045984.79,26.997,0.036411,bull,0.0553484204910741,bear,-0.3003931238766364,2026-02-15,0.045768,,,,
LU1778762911,SPOTIFY TECH.,LU1778762911,476.02,USD,14.75,0.0,0.0,Seitw√§rts,0.0,0.0,41.6,76.0,Zyklus-neutral,22.64,28.873,0.0,789000000.0,92863963136.0,16897000448.0,0.85,7.1,8.31,15.41,1.612,67.37,"[14.2, 45.28, 0.0, 24.02, 38.46]",25.314257,33.2,LOW,"{""coverage"": 0.5714285714285714, ""confluence"": 0.2, ""risk_clean"": 0.3333333333333333, ""regime_align"": 0.0, ""liquidity"": 0.7248322147651006, ""weights"": {""coverage"": 0.25, ""confluence"": 0.25, ""risk_clean"": 0.2, ""regime_align"": 0.2, ""liquidity"": 0.1}}",LU1778762911,LU1778762911,LU1778762911,Medien & Digitales üì±,511.74,0.028865,0.020239,0.468037,2526188.33,1202516142.68,643.928,-0.260756,bull,0.0553484204910741,bear,-0.3003931238766364,2026-02-15,-0.26295,,,,
US8740391003,TAIWAN SEMICON.MANU.ADR/5,US8740391003,6210.81,MXN,1.4,65.66,2.45,BUY,6231.98,7734.88,62.8,81.8,Zyklus-Hoch,35.22,18.187,116.0,619089625088.0,159076159848448.0,3809054031872.0,0.39,20.5,45.1,65.6,2.618,16.13,"[41.0, 70.44, 0.0, 38.21, 25.0]",0.0,,,,US8740391003,US8740391003,US8740391003,Gehirn,5876.64,0.023357,0.015856,0.323434,1881.7,11686881.29,4818.0558,0.28907,bull,0.0553484204910741,bear,-0.3003931238766364,2026-02-15,0.120017,,,,
DE0007446007,TAKKT AG,,11.49,USD,0.35,9.6,0.0,Seitw√§rts,0.0,0.0,58.0,86.5,Zyklus-Hoch,0.0,72.403,752.0,0.0,1.0,28795244.0,0.0,0.0,-80.39,-80.39,0.247,14.27,"[0.0, 0.0, 0.0, 13.54, 25.0]",,,,,DE0007446007,DE0007446007,DE0007446007,Medien & Digitales üì±,3.67,,,,,,,,bull,0.0553484204910741,bear,-0.3003931238766364,2026-02-15,,,,,
KYG875721634,TENCENT HLDGS,KYG875721634,546.5,HKD,-0.82,0.0,0.0,Seitw√§rts,0.0,0.0,60.8,13.1,Zyklus-Tief,19.83,32.47,82.0,129573249024.0,5078710222848.0,729841008640.0,2.55,15.4,29.86,45.26,1.356,24.22,"[30.8, 39.66, 0.0, 86.9, 36.1]",15.502593,39.9,LOW,"{""coverage"": 0.5714285714285714, ""confluence"": 0.4, ""risk_clean"": 0.3333333333333333, ""regime_align"": 0.0, ""liquidity"": 0.8993288590604027, ""weights"": {""coverage"": 0.25, ""confluence"": 0.25, ""risk_clean"": 0.2, ""regime_align"": 0.2, ""liquidity"": 0.1}}",KYG875721634,KYG875721634,KYG875721634,Gehirn,607.0,0.019683,0.014176,0.199632,20618189.2,11267840397.8,579.936,-0.057655,bull,0.0553484204910741,bear,-0.3003931238766364,2026-02-15,-0.1938,,,,
TER,TERADYNE INC.,TER,314.6600036621094,USD,178.8752978631747,0.0,0.0,Seitw√§rts,0.0,0.0,72.8,86.1,Zyklus-Hoch,19.73,10.131,17.0,276822624.0,47649693696.0,3190023936.0,0.58,43.9,17.37,61.27,1.757,105.27,"[87.8, 39.46, 0.0, 13.9, 5.44]",38.050655,36.2,LOW,"{""coverage"": 0.5714285714285714, ""confluence"": 0.6, ""risk_clean"": 0.0, ""regime_align"": 0.0, ""liquidity"": 0.6912751677852349, ""weights"": {""coverage"": 0.25, ""confluence"": 0.25, ""risk_clean"": 0.2, ""regime_align"": 0.2, ""liquidity"": 0.1}}",,TER,TER,Hardware üíª,239.62,0.6182753579529691,0.3835874620462883,0.4267397789771533,4088595.0,1286517317.672882,144.59795780181884,1.1761026811552342,bull,0.0553484204910741,bear,-0.3003931238766364,2026-02-15,0.8401484841527218,,,,
CNE100006CQ4,UBTECH ROBOT.CORP.,CNE100006CQ4,129.8,HKD,1.17,0.0,0.0,Seitw√§rts,0.0,0.0,62.0,14.4,Zyklus-Tief,-48.53,57.216,0.0,-506247008.0,56993132544.0,1439591936.0,-0.89,27.6,-70.91,-43.31,1.495,16.68,"[55.2, 0.0, 0.0, 85.56, 72.86]",-73.768105,26.0,LOW,"{""coverage"": 0.5714285714285714, ""confluence"": 0.2, ""risk_clean"": 0.0, ""regime_align"": 0.0, ""liquidity"": 0.6711409395973155, ""weights"": {""coverage"": 0.25, ""confluence"": 0.25, ""risk_clean"": 0.2, ""regime_align"": 0.2, ""liquidity"": 0.1}}",CNE100006CQ4,CNE100006CQ4,CNE100006CQ4,Hardware üíª,141.1,0.04215,0.029103,0.457556,7715824.32,1001514019.85,109.106,0.189669,bull,0.0553484204910741,bear,-0.3003931238766364,2026-02-15,-0.060826,,,,
UMI.BR,UMICORE,UMI.BR,19.049999237060547,EUR,85.43531370846918,0.0,0.0,Seitw√§rts,0.0,0.0,68.0,0.0,Zyklus-Tief,7.19,142.464,258.0,972513728.0,6383084544.0,16115299328.0,15.24,16.8,0.8,17.6,1.385,41.43,"[33.6, 14.38, 0.0, 100.0, 14.62]",14.204213,22.4,LOW,"{""coverage"": 0.5714285714285714, ""confluence"": 0.0, ""risk_clean"": 0.3333333333333333, ""regime_align"": 0.0, ""liquidity"": 0.1476510067114094, ""weights"": {""coverage"": 0.25, ""confluence"": 0.25, ""risk_clean"": 0.2, ""regime_align"": 0.2, ""liquidity"": 0.1}}",,UMI.BR,UMI.BR,Recycling,21.36,0.457355167992124,0.3020452043269078,0.2983947217227088,575570.75,10964622.348374369,14.912424998283386,0.2774581759340582,bull,0.0553484204910741,bear,-0.3003931238766364,2026-02-15,0.1076397278573142,,,,
US9043111072,UNDER ARMOUR,US9043111072,7.09,USD,-9.8,0.0,0.0,Seitw√§rts,0.0,0.0,47.3,51.3,Zyklus-neutral,-30.39,117.662,0.0,-385754240.0,4243432192.0,4975792128.0,-9.09,-5.2,-10.44,-15.64,1.431,109.25,"[0.0, 0.0, 0.0, 48.7, 12.88]",31.058352,17.4,LOW,"{""coverage"": 0.5714285714285714, ""confluence"": 0.0, ""risk_clean"": 0.0, ""regime_align"": 0.0, ""liquidity"": 0.31543624161073824, ""weights"": {""coverage"": 0.25, ""confluence"": 0.25, ""risk_clean"": 0.2, ""regime_align"": 0.2, ""liquidity"": 0.1}}",US9043111072,US9043111072,US9043111072,Konsum & Lifestyle,6.38,0.035488,0.026203,0.434959,12142701.67,86091756.67,5.6263,0.260153,bull,0.0553484204910741,bear,-0.3003931238766364,2026-02-15,0.48689,,,,
US91324P1021,UNITEDHEALTH,US91324P1021,273.22,USD,-0.9,0.0,0.0,Seitw√§rts,0.0,0.0,33.6,26.5,Zyklus-neutral,12.54,77.08,324.0,15929249792.0,300506185728.0,447567003648.0,5.3,12.3,2.69,14.99,0.788,83.33,"[24.6, 25.08, 0.0, 73.53, 34.9]",13.6433325,29.0,LOW,"{""coverage"": 0.5714285714285714, ""confluence"": 0.0, ""risk_clean"": 0.3333333333333333, ""regime_align"": 0.0, ""liquidity"": 0.8053691275167785, ""weights"": {""coverage"": 0.25, ""confluence"": 0.25, ""risk_clean"": 0.2, ""regime_align"": 0.2, ""liquidity"": 0.1}}",US91324P1021,US91324P1021,US91324P1021,Pharma & Gesundheit,281.25,0.032366,0.032634,0.600551,8698126.67,2376502178.48,319.2164,-0.144092,bull,0.0553484204910741,bear,-0.3003931238766364,2026-02-15,-0.186178,,,,
BRVALEACNOR0,VALE S.A.,BRVALEACNOR0,87.05,BRL,-0.3,0.0,0.0,Seitw√§rts,0.0,0.0,80.6,3.6,Zyklus-Tief,13.27,50.201,792.0,-951249984.0,458628300800.0,213320007680.0,-0.21,7.0,14.15,21.15,1.237,43.69,"[14.0, 26.54, 0.0, 96.37, 18.54]",8.056645,29.1,LOW,"{""coverage"": 0.5714285714285714, ""confluence"": 0.0, ""risk_clean"": 0.3333333333333333, ""regime_align"": 0.0, ""liquidity"": 0.8187919463087249, ""weights"": {""coverage"": 0.25, ""confluence"": 0.25, ""risk_clean"": 0.2, ""regime_align"": 0.2, ""liquidity"": 0.1}}",BRVALEACNOR0,BRVALEACNOR0,BRVALEACNOR0,Fundament,85.14,0.014654,0.010249,0.153912,29423716.67,2561334625.63,58.7091,0.482733,bull,0.0553484204910741,bear,-0.3003931238766364,2026-02-15,0.364013,,,,
CA92859G6085,VIZSLA SILVER,CA92859G6085,5.53,CAD,0.73,0.0,0.0,Seitw√§rts,0.0,0.0,60.3,5.0,Zyklus-Tief,-3.22,100.0,0.0,-38075144.0,1614304768.0,1.0,-2.36,0.0,0.0,0.0,33.437,57.89,"[0.0, 0.0, 0.0, 94.98, 92.49]",-57.42399,15.2,LOW,"{""coverage"": 0.5714285714285714, ""confluence"": 0.0, ""risk_clean"": 0.0, ""regime_align"": 0.0, ""liquidity"": 0.09395973154362414, ""weights"": {""coverage"": 0.25, ""confluence"": 0.25, ""risk_clean"": 0.2, ""regime_align"": 0.2, ""liquidity"": 0.1}}",CA92859G6085,CA92859G6085,CA92859G6085,Edelmetalle ‚õèÔ∏è,9.02,0.041205,0.031831,0.407127,1810043.33,10009540.01,5.5466,-0.002993,bull,0.0553484204910741,bear,-0.3003931238766364,2026-02-15,-0.100448,,,,
CA9628791027,WHEATON PREC.,CA9628791027,196.03,CAD,1.26,101.3,3.74,BUY,214.41,269.3,76.2,38.5,Zyklus-neutral,13.05,0.099,48.0,376391360.0,87851417600.0,1830402048.0,0.43,54.5,54.72,109.22,8.089,73.33,"[100.0, 26.1, 95.05, 81.5, 16.33]",34.90334,,,,CA9628791027,CA9628791027,CA9628791027,Edelmetalle ‚õèÔ∏è,202.53,0.02389,0.021368,0.171068,801638.33,157145161.5,142.5407,0.375256,bull,0.0553484204910741,bear,-0.3003931238766364,2026-02-15,0.334712,,,,
KYG9830T1067,XIAOMI CORP. CL.B,KYG9830T1067,37.34,HKD,4.95,0.0,0.0,Seitw√§rts,0.0,0.0,46.9,100.0,Zyklus-Hoch,19.86,10.389,0.0,32390629376.0,839264567296.0,449375305728.0,3.86,22.3,9.82,32.12,1.317,24.94,"[44.6, 39.72, 0.0, 0.0, 42.06]",18.211044,39.8,LOW,"{""coverage"": 0.5714285714285714, ""confluence"": 0.4, ""risk_clean"": 0.3333333333333333, ""regime_align"": 0.0, ""liquidity"": 0.8859060402684564, ""weights"": {""coverage"": 0.25, ""confluence"": 0.25, ""risk_clean"": 0.2, ""regime_align"": 0.2, ""liquidity"": 0.1}}",KYG9830T1067,KYG9830T1067,KYG9830T1067,Hardware üíª,35.56,0.029338,0.02192,0.435412,174106896.92,6501151557.43,48.4201,-0.228832,bull,0.0553484204910741,bear,-0.3003931238766364,2026-02-15,-0.165793,,,,
YASKY,YASKAWA EL. CORP.,YASKY,69.06999969482422,USD,27.292238213684893,0.0,0.0,Seitw√§rts,0.0,0.0,55.7,68.1,Zyklus-neutral,0.0,24.901,129.0,0.0,101908422656.0,539219984384.0,0.0,0.0,6.87,6.87,2.139,0.0,"[0.0, 0.0, 0.0, 31.91, 25.0]",0.0,21.1,LOW,"{""coverage"": 0.5714285714285714, ""confluence"": 0.0, ""risk_clean"": 0.3333333333333333, ""regime_align"": 0.0, ""liquidity"": 0.01342281879194629, ""weights"": {""coverage"": 0.25, ""confluence"": 0.25, ""risk_clean"": 0.2, ""regime_align"": 0.2, ""liquidity"": 0.1}}",,YASKY,YASKY,Hardware üíª,66.06,0.5007029811653512,0.3253296116269384,0.3676670699804906,10595.0,731796.6467666626,50.21828500747681,0.3753954298626616,bull,0.0553484204910741,bear,-0.3003931238766364,2026-02-15,0.2877314634441723,,,,
JE00BF50RG45,YELLOW CAKE PLC,JE00BF50RG45,640.0,GBp,-0.62,0.0,0.0,Seitw√§rts,0.0,0.0,58.0,8.2,Zyklus-Tief,-0.45,100.0,0.0,-3478875.0,1350797696.0,5420000.0,-0.26,0.0,-153.91,-153.91,35.049,56.08,"[0.0, 0.0, 0.0, 91.83, 100.0]",-239.24458,28.0,LOW,"{""coverage"": 0.5714285714285714, ""confluence"": 0.0, ""risk_clean"": 0.3333333333333333, ""regime_align"": 0.0, ""liquidity"": 0.7046979865771812, ""weights"": {""coverage"": 0.25, ""confluence"": 0.25, ""risk_clean"": 0.2, ""regime_align"": 0.2, ""liquidity"": 0.1}}",JE00BF50RG45,JE00BF50RG45,JE00BF50RG45,Energie,679.0,0.023781,0.014334,0.195498,1712783.73,1096181589.33,537.9195,0.189769,bull,0.0553484204910741,bear,-0.3003931238766364,2026-02-15,0.17526,,,,
US98956A1051,ZETA GLOBAL,US98956A1051,17.17,USD,1.18,83.39,8.58,BUY,24.9,31.9,46.3,24.7,Zyklus-neutral,-3.92,30.196,0.0,160941248.0,3953812480.0,1224702976.0,4.07,25.7,-1.86,23.84,3.011,83.76,"[51.4, 0.0, 0.0, 95.27, 53.49]",17.743103,,,,US98956A1051,US98956A1051,US98956A1051,Medien & Digitales üì±,20.1,0.046695,0.024962,0.553665,7605605.0,130588238.43,17.5667,-0.022582,bull,0.0553484204910741,bear,-0.3003931238766364,2026-02-15,-0.154508,,,,
CNE100000502,ZIJIN MINING,CNE100000502,43.72,HKD,3.31,0.0,0.0,Seitw√§rts,0.0,0.0,77.8,53.8,Zyklus-neutral,28.01,74.84,129.0,31392294912.0,1275161870336.0,327443021824.0,2.46,8.1,13.91,22.01,1.199,46.16,"[16.2, 56.02, 0.0, 46.24, 20.58]",16.63815,34.3,LOW,"{""coverage"": 0.5714285714285714, ""confluence"": 0.2, ""risk_clean"": 0.3333333333333333, ""regime_align"": 0.0, ""liquidity"": 0.8389261744966443, ""weights"": {""coverage"": 0.25, ""confluence"": 0.25, ""risk_clean"": 0.2, ""regime_align"": 0.2, ""liquidity"": 0.1}}",CNE100000502,CNE100000502,CNE100000502,Fundament,43.4,0.029056,0.021997,0.226537,67088195.23,2933095977.5,27.8854,0.567847,bull,0.0553484204910741,bear,-0.3003931238766364,2026-02-15,0.297545,,,,
VOW3.DE,Volkswagen AG Vz.,VOW3.DE,103.0999984741211,EUR,10.13799194743379,0.0,0.0,Seitw√§rts,0.0,0.0,58.0,57.2,Zyklus-neutral,3.58,130.129,630.0,-83611090944.0,262762414080.0,326045990912.0,-31.82,2.3,2.26,4.56,1.096,27.73,"[4.6, 7.16, 0.0, 42.85, 28.51]",4.8342667,24.0,LOW,"{""coverage"": 0.5714285714285714, ""confluence"": 0.0, ""risk_clean"": 0.3333333333333333, ""regime_align"": 0.0, ""liquidity"": 0.3087248322147651, ""weights"": {""coverage"": 0.25, ""confluence"": 0.25, ""risk_clean"": 0.2, ""regime_align"": 0.2, ""liquidity"": 0.1}}",,VOW3.DE,VOW3.DE,Andere üåê,102.3,0.2741162898405831,0.1661593040706015,0.2388561067184849,859633.55,88628217.6933033,96.62644092559816,0.0669957155258109,bull,0.0553484204910741,bear,-0.3003931238766364,2026-02-15,0.0739138699367332,,,,
ADA-EUR,CARDANO (KRYPTO),ADA-EUR,0.2490350902080536,EUR,-66.55082936519024,0.0,0.0,Seitw√§rts,0.0,0.0,35.8,26.1,Zyklus-neutral,0.0,100.0,0.0,0.0,1.0,1.0,0.0,0.0,0.0,0.0,1.0,0.0,"[0.0, 0.0, 0.0, 73.94, 25.0]",0.0,18.1,LOW,"{""coverage"": 0.5714285714285714, ""confluence"": 0.0, ""risk_clean"": 0.0, ""regime_align"": 0.0, ""liquidity"": 0.3825503355704698, ""weights"": {""coverage"": 0.25, ""confluence"": 0.25, ""risk_clean"": 0.2, ""regime_align"": 0.2, ""liquidity"": 0.1}}",,ADA-EUR,ADA-EUR,Krypto ü™ô,0.3,0.930994017791506,0.5198964286710863,0.8083113256107033,678258620.45,168910196.72815573,0.5003583645820617,-0.5022865453322298,bull,0.0553484204910741,bear,-0.3003931238766364,2026-02-15,-0.0599810910197333,,,,
DOGE-EUR,DOGECOIN (KRYPTO),DOGE-EUR,0.0965121239423751,EUR,-62.735911801832586,0.0,0.0,Seitw√§rts,0.0,0.0,37.9,22.1,Zyklus-neutral,0.0,100.0,0.0,0.0,1.0,1.0,0.0,0.0,0.0,0.0,1.0,0.0,"[0.0, 0.0, 0.0, 77.91, 25.0]",0.0,17.5,LOW,"{""coverage"": 0.5714285714285714, ""confluence"": 0.0, ""risk_clean"": 0.0, ""regime_align"": 0.0, ""liquidity"": 0.3221476510067114, ""weights"": {""coverage"": 0.25, ""confluence"": 0.25, ""risk_clean"": 0.2, ""regime_align"": 0.2, ""liquidity"": 0.1}}",,DOGE-EUR,DOGE-EUR,Krypto ü™ô,0.1,0.7808037821271683,0.5062980909443726,0.7105465437268352,1378331589.05,133025709.15608454,0.1523641357198357,-0.366569281633049,bull,0.0553484204910741,bear,-0.3003931238766364,2026-02-15,0.0601954772897165,,,,
SOL-EUR,SOLANA (KRYPTO),SOL-EUR,75.75447082519531,EUR,-59.13363196039407,0.0,0.0,Seitw√§rts,0.0,0.0,35.7,28.2,Zyklus-neutral,0.0,100.0,0.0,0.0,1.0,1.0,0.0,0.0,0.0,0.0,1.0,0.0,"[0.0, 0.0, 0.0, 71.85, 25.0]",0.0,24.0,LOW,"{""coverage"": 0.5714285714285714, ""confluence"": 0.0, ""risk_clean"": 0.0, ""regime_align"": 0.0, ""liquidity"": 0.9664429530201343, ""weights"": {""coverage"": 0.25, ""confluence"": 0.25, ""risk_clean"": 0.2, ""regime_align"": 0.2, ""liquidity"": 0.1}}",,SOL-EUR,SOL-EUR,Krypto ü™ô,105.31,0.7137306471059695,0.484608052751002,0.6857490624134656,4680026109.8,354532901395.9964,139.77858814239502,-0.4580395192715579,bull,0.0553484204910741,bear,-0.3003931238766364,2026-02-15,-0.1172622632749397,,,,
XRP-EUR,XRP (KRYPTO),XRP-EUR,1.3504934310913086,EUR,-48.69349280760734,0.0,0.0,Seitw√§rts,0.0,0.0,40.7,29.1,Zyklus-neutral,0.0,100.0,0.0,0.0,1.0,1.0,0.0,0.0,0.0,0.0,1.0,0.0,"[0.0, 0.0, 0.0, 70.92, 25.0]",0.0,22.8,LOW,"{""coverage"": 0.5714285714285714, ""confluence"": 0.0, ""risk_clean"": 0.0, ""regime_align"": 0.0, ""liquidity"": 0.8523489932885906, ""weights"": {""coverage"": 0.25, ""confluence"": 0.25, ""risk_clean"": 0.2, ""regime_align"": 0.2, ""liquidity"": 0.1}}",,XRP-EUR,XRP-EUR,Krypto ü™ô,1.6,0.7145058794593921,0.4616977085399616,0.6610830210200871,3861767171.55,5215291197.582338,2.04347113609314,-0.3391179316223264,bull,0.0553484204910741,bear,-0.3003931238766364,2026-02-15,0.0218126218022339,,,,
META,META PLATFORMS INC,META,639.77001953125,USD,-12.879918481739017,0.0,0.0,Seitw√§rts,0.0,0.0,47.0,39.9,Zyklus-neutral,30.24,39.164,31.0,23432374272.0,1700112498688.0,200965996544.0,1.38,23.8,30.08,53.88,2.599,79.52,"[47.6, 60.48, 0.0, 60.14, 29.7]",18.803259,45.0,LOW,"{""coverage"": 0.5714285714285714, ""confluence"": 0.6, ""risk_clean"": 0.3333333333333333, ""regime_align"": 0.0, ""liquidity"": 0.9060402684563759, ""weights"": {""coverage"": 0.25, ""confluence"": 0.25, ""risk_clean"": 0.2, ""regime_align"": 0.2, ""liquidity"": 0.1}}",,META,META,Tech üíª,673.89,0.399053044455095,0.2527542524267732,0.3415080712054695,18849740.0,12059498527.958984,688.0941275024414,-0.0702289207823823,bull,0.0553484204910741,bear,-0.3003931238766364,2026-02-15,0.0324017837074306,,,,
XOM,EXXON MOBIL CORP,XOM,148.4499969482422,USD,41.861270831750616,42.59,0.0,BUY,125.93,136.59,68.0,91.8,Zyklus-Hoch,11.08,16.329,272.0,12923750400.0,673590607872.0,323904995328.0,1.92,-1.3,8.9,7.6,1.153,67.11,"[0.0, 22.16, 0.0, 28.24, 12.41]",18.14254,,,,,XOM,XOM,Energie ‚ö°,136.58,0.246533646818063,0.1886354027056673,0.1605342749787746,21966020.0,3260855601.965027,113.6999490737915,0.3056294057959325,bull,0.0553484204910741,bear,-0.3003931238766364,2026-02-15,0.2515710179990582,,,,
ORCL,ORACLE CORP,ORCL,160.13999938964844,USD,-7.118312532397065,0.0,0.0,Seitw√§rts,0.0,0.0,47.1,57.0,Zyklus-neutral,69.03,432.511,125.0,-10208000000.0,571854749696.0,61015998464.0,-1.79,14.2,25.28,39.48,0.909,45.01,"[28.4, 100.0, 0.0, 42.99, 50.22]",20.229126,32.9,LOW,"{""coverage"": 0.5714285714285714, ""confluence"": 0.4, ""risk_clean"": 0.0, ""regime_align"": 0.0, ""liquidity"": 0.8657718120805369, ""weights"": {""coverage"": 0.25, ""confluence"": 0.25, ""risk_clean"": 0.2, ""regime_align"": 0.2, ""liquidity"": 0.1}}",,ORCL,ORCL,Tech üíª,174.77,0.6159794032603738,0.3203418148888176,0.5824985968697592,32078610.0,5137068585.82077,219.7667165374756,-0.2713182327482212,bull,0.0553484204910741,bear,-0.3003931238766364,2026-02-15,-0.2794616084216109,,,,
MU,MICRON TECHNOLOGY INC,MU,411.6600036621094,USD,315.0011440833585,0.0,0.0,Seitw√§rts,0.0,0.0,76.3,0.0,Zyklus-Tief,22.55,21.244,12.0,444249984.0,422271320064.0,42311999488.0,0.11,56.7,28.15,84.85,2.46,83.37,"[100.0, 45.1, 0.0, 100.0, 21.56]",8.597669,38.4,LOW,"{""coverage"": 0.5714285714285714, ""confluence"": 0.6, ""risk_clean"": 0.0, ""regime_align"": 0.0, ""liquidity"": 0.912751677852349, ""weights"": {""coverage"": 0.25, ""confluence"": 0.25, ""risk_clean"": 0.2, ""regime_align"": 0.2, ""liquidity"": 0.1}}",,MU,MU,Tech üíª,414.04,0.6435049542455817,0.4259034005238089,0.3931616169667166,42009325.0,17293558883.342743,192.57076873779295,1.1377076404707682,bull,0.0553484204910741,bear,-0.3003931238766364,2026-02-15,0.720584257002896,,,,
CVX,CHEVRON CORP,CVX,183.7400054931641,USD,22.407978648515268,0.0,0.0,Seitw√§rts,0.0,0.0,61.0,80.8,Zyklus-Hoch,7.16,21.239,391.0,0.0,400448815104.0,186030997504.0,0.0,-6.0,6.61,0.61,1.0,68.9,"[0.0, 14.32, 0.0, 19.2, 14.89]",19.885374,28.9,LOW,"{""coverage"": 0.5714285714285714, ""confluence"": 0.0, ""risk_clean"": 0.3333333333333333, ""regime_align"": 0.0, ""liquidity"": 0.7919463087248322, ""weights"": {""coverage"": 0.25, ""confluence"": 0.25, ""risk_clean"": 0.2, ""regime_align"": 0.2, ""liquidity"": 0.1}}",,CVX,CVX,Energie ‚ö°,168.91,0.2513529274110236,0.2106960329150941,0.2063973417986752,11732955.0,2155813216.1510468,151.4890121459961,0.2128932844059103,bull,0.0553484204910741,bear,-0.3003931238766364,2026-02-15,0.1767439148589047,,,,
PM,PHILIP MORRIS INTERNATIONAL INC,PM,187.50999450683597,USD,29.027578909945163,0.0,0.0,Seitw√§rts,0.0,0.0,62.7,57.4,Zyklus-neutral,0.0,100.0,322.0,8938874880.0,331078795264.0,40647999488.0,2.7,6.8,27.92,34.72,0.958,82.91,"[13.6, 0.0, 0.0, 42.6, 16.42]",19.94217,32.9,LOW,"{""coverage"": 0.5714285714285714, ""confluence"": 0.2, ""risk_clean"": 0.3333333333333333, ""regime_align"": 0.0, ""liquidity"": 0.697986577181208, ""weights"": {""coverage"": 0.25, ""confluence"": 0.25, ""risk_clean"": 0.2, ""regime_align"": 0.2, ""liquidity"": 0.1}}",,PM,PM,Konsum üö¨,177.68,0.246719052237597,0.2025726907528582,0.206363523598938,5980960.0,1121489776.7456057,164.29152687072755,0.1413248027962987,bull,0.0553484204910741,bear,-0.3003931238766364,2026-02-15,0.2021493952253963,,,,
ISRG,INTUITIVE SURGICAL INC,ISRG,485.8399963378906,USD,-18.42162601021102,0.0,0.0,Seitw√§rts,0.0,0.0,44.7,47.5,Zyklus-neutral,16.69,0.953,0.0,2274837504.0,170196434944.0,10064700416.0,1.34,18.8,28.38,47.18,4.875,88.83,"[37.6, 33.38, 52.35, 52.5, 15.13]",43.30517,32.5,LOW,"{""coverage"": 0.5714285714285714, ""confluence"": 0.2, ""risk_clean"": 0.3333333333333333, ""regime_align"": 0.0, ""liquidity"": 0.6577181208053692, ""weights"": {""coverage"": 0.25, ""confluence"": 0.25, ""risk_clean"": 0.2, ""regime_align"": 0.2, ""liquidity"": 0.1}}",,ISRG,ISRG,Pharma üß™,526.07,0.3574009888774392,0.2386184949624929,0.2939948558259045,2418475.0,1174991885.14328,515.9706999206543,-0.0583961523152325,bull,0.0553484204910741,bear,-0.3003931238766364,2026-02-15,-0.1583279058881564,,,,
BLK,BLACKROCK INC,BLK,1071.510009765625,USD,12.275625358903165,0.0,0.0,Seitw√§rts,0.0,0.0,58.7,28.1,Zyklus-neutral,10.69,24.32,192.0,0.0,177495670784.0,24216000512.0,0.0,23.4,22.93,46.33,1.0,84.09,"[46.8, 21.38, 0.0, 71.87, 27.29]",17.549316,37.4,LOW,"{""coverage"": 0.5714285714285714, ""confluence"": 0.4, ""risk_clean"": 0.3333333333333333, ""regime_align"": 0.0, ""liquidity"": 0.6442953020134228, ""weights"": {""coverage"": 0.25, ""confluence"": 0.25, ""risk_clean"": 0.2, ""regime_align"": 0.2, ""liquidity"": 0.1}}",,BLK,BLK,Finanzen üè¶,1107.99,0.2812575087363529,0.2125075893736616,0.1746813027513447,820010.0,878648923.1079102,1070.572074279785,0.0008761068109037,bull,0.0553484204910741,bear,-0.3003931238766364,2026-02-15,-0.0108313913962592,,,,
SYK,STRYKER CORP,SYK,366.0499877929688,USD,-4.087623774370552,0.0,0.0,Seitw√§rts,0.0,0.0,45.3,47.5,Zyklus-neutral,15.08,66.276,97.0,5600750080.0,148864450560.0,25116000256.0,3.76,11.4,12.92,24.32,1.893,82.26,"[22.8, 30.16, 0.0, 52.47, 22.98]",21.582815,27.3,LOW,"{""coverage"": 0.5714285714285714, ""confluence"": 0.0, ""risk_clean"": 0.3333333333333333, ""regime_align"": 0.0, ""liquidity"": 0.6375838926174496, ""weights"": {""coverage"": 0.25, ""confluence"": 0.25, ""risk_clean"": 0.2, ""regime_align"": 0.2, ""liquidity"": 0.1}}",,SYK,SYK,Pharma üß™,354.05,0.220175279564953,0.1512120446323938,0.1454187766664035,2223160.0,813787690.8618164,373.3289347839356,-0.0194974091552252,bull,0.0553484204910741,bear,-0.3003931238766364,2026-02-15,-0.0347407390957593,,,,
VALE,VALE SA,VALE,16.649999618530273,USD,83.30111867627681,0.0,0.0,Seitw√§rts,0.0,0.0,74.7,39.4,Zyklus-neutral,13.27,50.201,746.0,-951249984.0,158490378240.0,213320007680.0,-0.6,7.0,14.15,21.15,1.237,19.84,"[14.0, 26.54, 0.0, 60.61, 18.24]",7.5537767,27.1,LOW,"{""coverage"": 0.5714285714285714, ""confluence"": 0.0, ""risk_clean"": 0.3333333333333333, ""regime_align"": 0.0, ""liquidity"": 0.6174496644295302, ""weights"": {""coverage"": 0.25, ""confluence"": 0.25, ""risk_clean"": 0.2, ""regime_align"": 0.2, ""liquidity"": 0.1}}",,VALE,VALE,Mining ‚õèÔ∏è,16.39,0.3103983796082535,0.2135537211549023,0.1894013006288117,47502825.0,790922018.1291103,11.36332088947296,0.4652406440405039,bull,0.0553484204910741,bear,-0.3003931238766364,2026-02-15,0.3274649012105477,,,,
NXP,NXP SEMICONDUCTORS NV,NXP,14.510000228881836,USD,2.3932825522748,0.0,0.0,Seitw√§rts,0.0,0.0,48.7,100.0,Zyklus-Hoch,1.13,100.0,446.0,0.0,741452096.0,34414504.0,0.0,9.1,24.21,33.31,4.03,15.78,"[18.2, 2.26, 0.0, 0.0, 25.0]",0.0,26.6,LOW,"{""coverage"": 0.5714285714285714, ""confluence"": 0.2, ""risk_clean"": 0.3333333333333333, ""regime_align"": 0.0, ""liquidity"": 0.06040268456375841, ""weights"": {""coverage"": 0.25, ""confluence"": 0.25, ""risk_clean"": 0.2, ""regime_align"": 0.2, ""liquidity"": 0.1}}",,NXP,NXP,Tech üíª,13.93,0.0716014081721159,0.0558140062304123,0.0749390866206592,222320.0,3225863.2508850098,13.897813243865969,0.0440491589772993,bull,0.0553484204910741,bear,-0.3003931238766364,2026-02-15,0.0012414753908487,,,,
BIDU,BAIDU INC,BIDU,137.00999450683594,USD,40.55189760833204,0.0,0.0,Seitw√§rts,0.0,0.0,65.8,26.0,Zyklus-neutral,3.08,33.81,0.0,21750999040.0,396094570496.0,130462998528.0,5.49,-7.1,6.9,-0.2,1.907,23.06,"[0.0, 6.16, 0.0, 73.98, 26.0]",17.818422,26.7,LOW,"{""coverage"": 0.5714285714285714, ""confluence"": 0.0, ""risk_clean"": 0.3333333333333333, ""regime_align"": 0.0, ""liquidity"": 0.5771812080536913, ""weights"": {""coverage"": 0.25, ""confluence"": 0.25, ""risk_clean"": 0.2, ""regime_align"": 0.2, ""liquidity"": 0.1}}",,BIDU,BIDU,Tech üíª,158.08,0.4922307146706637,0.2964805124122696,0.2502195004521742,2824100.0,386929925.4867554,112.03170013427734,0.2229573803005797,bull,0.0553484204910741,bear,-0.3003931238766364,2026-02-15,0.1181525771718992,,,,
OXY,OCCIDENTAL PETROLEUM CORP,OXY,46.06999969482422,USD,-2.029630482908895,42.04,1.07,BUY,46.95,51.24,50.3,75.7,Zyklus-neutral,5.96,62.221,206.0,3033125120.0,75094687744.0,26601000960.0,4.04,-7.7,8.17,0.47,0.935,51.31,"[0.0, 11.92, 0.0, 44.3, 7.41]",41.212414,,,,,OXY,OXY,Energie ‚ö°,44.53,0.3762764533227888,0.2946624827421361,0.3032369357449371,10962320.0,505034079.0545654,43.02941947937012,0.070662822139905,bull,0.0553484204910741,bear,-0.3003931238766364,2026-02-15,0.0853061186673951,,,,
TME,TENCENT MUSIC ENTERTAINMENT GROUP,TME,15.850000381469728,USD,17.925428952006772,0.0,0.0,Seitw√§rts,0.0,0.0,55.8,84.0,Zyklus-Hoch,14.79,4.524,107.0,5382750208.0,36124852224.0,31719000064.0,14.9,20.6,34.08,54.68,2.085,63.88,"[41.2, 29.58, 0.0, 15.98, 46.52]",16.826365,34.4,LOW,"{""coverage"": 0.5714285714285714, ""confluence"": 0.4, ""risk_clean"": 0.3333333333333333, ""regime_align"": 0.0, ""liquidity"": 0.34899328859060397, ""weights"": {""coverage"": 0.25, ""confluence"": 0.25, ""risk_clean"": 0.2, ""regime_align"": 0.2, ""liquidity"": 0.1}}",,TME,TME,Tech üíª,16.98,0.4893076103533934,0.3225261795318284,0.4252655816487016,6590370.0,104457367.01402664,19.99895003795624,-0.2074583739952433,bull,0.0553484204910741,bear,-0.3003931238766364,2026-02-15,-0.1689451253318815,,,,
KEP,KOREA ELECTRIC POWER CORP,KEP,21.520000457763672,USD,192.39130526330385,106.61,5.08,BUY,23.41,31.51,77.9,12.6,Zyklus-Tief,19.12,279.916,45.0,1394938609664.0,127486264344576.0,97275598602240.0,1.09,5.6,8.47,14.07,0.481,1.78,"[11.2, 38.24, 0.0, 100.0, 30.73]",3.3700979,,,,,KEP,KEP,Energie ‚ö°,21.35,0.5036165318191225,0.2845070781203588,0.1558704125175612,679655.0,14626175.911121368,14.692699956893922,0.4646729682699557,bull,0.0553484204910741,bear,-0.3003931238766364,2026-02-15,0.2766007934625119,,,,
ON,ON SEMICONDUCTOR CORP,ON,72.20999908447266,USD,39.32084995838645,55.8,1.76,BUY,66.86,79.21,57.1,88.0,Zyklus-Hoch,1.5,39.064,0.0,1250724992.0,27005202432.0,5995400192.0,4.63,-11.2,2.02,-9.18,4.522,109.63,"[0.0, 3.0, 0.0, 31.95, 17.06]",16.742908,,,,,ON,ON,Tech üíª,63.02,0.5888948831929316,0.3950222968037732,0.4268030175664271,10563025.0,762756025.5792618,52.46449998855591,0.3763592352967022,bull,0.0553484204910741,bear,-0.3003931238766364,2026-02-15,0.4828654010595283,,,,
INCY,INCYTE CORP,INCY,101.0999984741211,USD,43.567169984258,0.0,0.0,Seitw√§rts,0.0,0.0,64.9,14.5,Zyklus-Tief,30.39,0.887,0.0,531249760.0,18516510720.0,4813105152.0,2.87,20.0,24.7,44.7,3.195,106.03,"[40.0, 60.78, 55.65, 85.47, 21.36]",11.185932,35.8,LOW,"{""coverage"": 0.5714285714285714, ""confluence"": 0.4, ""risk_clean"": 0.3333333333333333, ""regime_align"": 0.0, ""liquidity"": 0.4832214765100671, ""weights"": {""coverage"": 0.25, ""confluence"": 0.25, ""risk_clean"": 0.2, ""regime_align"": 0.2, ""liquidity"": 0.1}}",,INCY,INCY,Pharma üß™,103.99,0.3537112663936168,0.2544334462913059,0.2584677817546109,1943575.0,196495429.5343399,85.55479990005493,0.1816987310148121,bull,0.0553484204910741,bear,-0.3003931238766364,2026-02-15,-0.058334211645706,,,,
PKX,POSCO HOLDINGS INC,PKX,65.62000274658203,USD,57.9737972305828,64.27,2.86,BUY,65.49,81.98,64.0,47.7,Zyklus-neutral,0.81,45.676,278.0,0.0,19552163332096.0,69095001161728.0,0.0,-5.4,0.95,-4.45,1.896,2.67,"[0.0, 1.62, 0.0, 72.33, 23.17]",12.655211,,,,,PKX,PKX,Mining ‚õèÔ∏è,63.17,0.4129951821921123,0.2209020451172942,0.2557348019640375,217825.0,14293677.098274233,52.61382539749145,0.2472007547603769,bull,0.0553484204910741,bear,-0.3003931238766364,2026-02-15,0.188803814099244,,,,
SNN,SMITH & NEPHEW PLC,SNN,36.18000030517578,USD,44.29296353542309,0.0,0.0,Seitw√§rts,0.0,0.0,67.3,100.0,Zyklus-Hoch,9.14,62.392,215.0,700875008.0,33722298368.0,5944000000.0,2.08,4.7,8.26,12.96,3.003,7.72,"[9.4, 18.28, 0.0, 0.0, 16.69]",19.562094,22.6,LOW,"{""coverage"": 0.5714285714285714, ""confluence"": 0.0, ""risk_clean"": 0.3333333333333333, ""regime_align"": 0.0, ""liquidity"": 0.1610738255033557, ""weights"": {""coverage"": 0.25, ""confluence"": 0.25, ""risk_clean"": 0.2, ""regime_align"": 0.2, ""liquidity"": 0.1}}",,SNN,SNN,Pharma üß™,34.07,0.3025558599503522,0.222996095358,0.168870021542567,938235.0,33945342.5863266,33.04847973823547,0.0947553591494647,bull,0.0553484204910741,bear,-0.3003931238766364,2026-02-15,0.0799150035603688,,,,
UEC,URANIUM ENERGY CORP,UEC,15.520000457763672,USD,142.87951145606894,0.0,0.0,Seitw√§rts,0.0,0.0,65.3,15.0,Zyklus-Tief,-7.29,0.147,0.0,-61173248.0,7445595648.0,49750000.0,-0.82,0.0,-156.46,-156.46,27.716,85.09,"[0.0, 0.0, 92.65, 85.02, 0.0]",225.37932,19.0,LOW,"{""coverage"": 0.5714285714285714, ""confluence"": 0.0, ""risk_clean"": 0.0, ""regime_align"": 0.0, ""liquidity"": 0.4697986577181208, ""weights"": {""coverage"": 0.25, ""confluence"": 0.25, ""risk_clean"": 0.2, ""regime_align"": 0.2, ""liquidity"": 0.1}}",,UEC,UEC,Mining ‚õèÔ∏è,19.25,0.7614695600397663,0.3955758378020998,0.3740218961538194,12474380.0,193602383.310318,11.163100023269651,0.3902948486900586,bull,0.0553484204910741,bear,-0.3003931238766364,2026-02-15,0.3216392377759329,,,,
QS,QUANTUMSCAPE CORP,QS,7.730000019073486,USD,47.80114705320564,0.0,0.0,Seitw√§rts,0.0,0.0,58.9,60.4,Zyklus-neutral,-38.65,6.004,0.0,-116634872.0,4444975104.0,1.0,-2.62,0.0,0.0,0.0,21.138,32.36,"[0.0, 0.0, 0.0, 39.58, 36.84]",-13.218594,18.4,LOW,"{""coverage"": 0.5714285714285714, ""confluence"": 0.0, ""risk_clean"": 0.0, ""regime_align"": 0.0, ""liquidity"": 0.41610738255033564, ""weights"": {""coverage"": 0.25, ""confluence"": 0.25, ""risk_clean"": 0.2, ""regime_align"": 0.2, ""liquidity"": 0.1}}",,QS,QS,Industrie/Auto üöó,10.14,1.0396799831122585,0.5486643507856026,0.5808026141432794,17309025.0,133798763.58014344,9.931450017690658,-0.2216645096834582,bull,0.0553484204910741,bear,-0.3003931238766364,2026-02-15,-0.4478072789799399,,,,
FLNC,FLUENCE ENERGY INC,FLNC,18.459999084472656,USD,187.0917508133485,0.0,0.0,Seitw√§rts,0.0,0.0,61.4,3.7,Zyklus-Tief,-14.46,82.778,0.0,-98396624.0,2566774016.0,2551276032.0,-3.83,154.4,-2.04,152.36,1.483,75.93,"[100.0, 0.0, 0.0, 96.3, 0.0]",87.467186,23.0,LOW,"{""coverage"": 0.5714285714285714, ""confluence"": 0.2, ""risk_clean"": 0.0, ""regime_align"": 0.0, ""liquidity"": 0.3691275167785235, ""weights"": {""coverage"": 0.25, ""confluence"": 0.25, ""risk_clean"": 0.2, ""regime_align"": 0.2, ""liquidity"": 0.1}}",,FLNC,FLNC,Energie ‚ö°,29.16,1.110061342394334,0.7074534054181101,0.5095108927162413,7448515.0,137499580.08068085,13.43237502336502,0.3742915197321625,bull,0.0553484204910741,bear,-0.3003931238766364,2026-02-15,0.1185537411048613,,,,
CSTM,CONSTELLIUM SE,CSTM,23.290000915527344,USD,149.35760744151852,0.0,0.0,Seitw√§rts,0.0,0.0,75.4,36.6,Zyklus-neutral,12.18,247.045,0.0,27942560.0,5423435776.0,7968999936.0,0.52,20.2,1.42,21.62,1.277,95.58,"[40.4, 24.36, 0.0, 63.36, 17.64]",15.379264,27.7,LOW,"{""coverage"": 0.5714285714285714, ""confluence"": 0.2, ""risk_clean"": 0.3333333333333333, ""regime_align"": 0.0, ""liquidity"": 0.17449664429530198, ""weights"": {""coverage"": 0.25, ""confluence"": 0.25, ""risk_clean"": 0.2, ""regime_align"": 0.2, ""liquidity"": 0.1}}",,CSTM,CSTM,Mining ‚õèÔ∏è,22.72,0.5156052176161052,0.2979962159917561,0.3724531766913611,1552775.0,36164131.17160797,15.88879997730255,0.4658124558681302,bull,0.0553484204910741,bear,-0.3003931238766364,2026-02-15,0.4707328059576308,,,,
NRDS,NERDWALLET INC,NRDS,9.40999984741211,USD,-32.39942675404479,0.0,0.0,Seitw√§rts,0.0,0.0,41.2,18.1,Zyklus-Tief,20.23,3.554,0.0,65625000.0,640464896.0,795000000.0,10.25,12.4,9.22,21.62,3.698,78.36,"[24.8, 40.46, 0.0, 81.85, 50.24]",6.934785,20.0,LOW,"{""coverage"": 0.5714285714285714, ""confluence"": 0.2, ""risk_clean"": 0.0, ""regime_align"": 0.0, ""liquidity"": 0.0738255033557047, ""weights"": {""coverage"": 0.25, ""confluence"": 0.25, ""risk_clean"": 0.2, ""regime_align"": 0.2, ""liquidity"": 0.1}}",,NRDS,NRDS,Finanzen üè¶,12.38,0.5855185313592136,0.4375500491867901,0.442060053924213,938530.0,8831567.156791687,11.664500007629394,-0.1932787653772287,bull,0.0553484204910741,bear,-0.3003931238766364,2026-02-15,-0.357095336069934,,,,
LGO,LARGO INC,LGO,1.4800000190734863,USD,-18.232040560138785,67.3,3.04,BUY,1.51,2.19,46.2,96.7,Zyklus-Hoch,-38.41,77.781,0.0,5307000.0,244189840.0,111884000.0,2.17,11.2,-57.33,-46.13,0.496,51.58,"[22.4, 0.0, 0.0, 23.29, 57.93]",18.666666,,,,,LGO,LGO,Mining ‚õèÔ∏è,1.35,0.9326613315857516,0.7252000390385868,0.6468253998289063,2231890.0,3303197.2425699234,1.3439500001072884,0.1012314587263938,bull,0.0553484204910741,bear,-0.3003931238766364,2026-02-15,0.4927578691476888,,,,
KO,Coca-Cola,KO,78.68000030517578,USD,17.61479330282778,0.0,0.0,Seitw√§rts,0.0,0.0,59.6,63.0,Zyklus-neutral,42.44,144.771,262.0,1412875008.0,369796448256.0,47663001600.0,0.38,5.1,27.34,32.44,1.211,66.16,"[10.2, 84.88, 0.0, 37.01, 15.88]",22.126135,38.5,LOW,"{""coverage"": 0.5714285714285714, ""confluence"": 0.4, ""risk_clean"": 0.3333333333333333, ""regime_align"": 0.0, ""liquidity"": 0.7516778523489933, ""weights"": {""coverage"": 0.25, ""confluence"": 0.25, ""risk_clean"": 0.2, ""regime_align"": 0.2, ""liquidity"": 0.1}}",,KO,KO,Konsum ü•§,73.26,0.1707483876698837,0.1018712977633325,0.0981850094734516,20900615.0,1644460394.5783615,69.56875156402587,0.1309675470137565,bull,0.0553484204910741,bear,-0.3003931238766364,2026-02-15,0.0974071835188852,,,,
JNJ,Johnson & Johnson,JNJ,243.4499969482422,USD,60.68023385273192,0.0,0.0,Seitw√§rts,0.0,0.0,79.0,76.2,Zyklus-neutral,35.56,57.766,218.0,0.0,601488490496.0,94193000448.0,0.0,9.1,28.46,37.56,1.0,75.59,"[18.2, 71.12, 0.0, 23.78, 14.01]",18.998785,38.9,LOW,"{""coverage"": 0.5714285714285714, ""confluence"": 0.4, ""risk_clean"": 0.3333333333333333, ""regime_align"": 0.0, ""liquidity"": 0.7986577181208053, ""weights"": {""coverage"": 0.25, ""confluence"": 0.25, ""risk_clean"": 0.2, ""regime_align"": 0.2, ""liquidity"": 0.1}}",,JNJ,JNJ,Pharma üß™,224.44,0.1908667359445112,0.1534283913521053,0.1272509685964233,9741120.0,2371475634.272461,182.46110565185543,0.3342569424782313,bull,0.0553484204910741,bear,-0.3003931238766364,2026-02-15,0.2373333431106445,,,,
PG,Procter & Gamble,PG,160.07000732421875,USD,0.9655411900718612,0.0,0.0,Seitw√§rts,0.0,0.0,47.5,86.3,Zyklus-Hoch,31.56,68.719,266.0,13253374976.0,396559024128.0,85259001856.0,3.34,1.5,19.3,20.8,0.724,70.71,"[3.0, 63.12, 0.0, 13.71, 16.78]",21.694807,38.7,LOW,"{""coverage"": 0.5714285714285714, ""confluence"": 0.4, ""risk_clean"": 0.3333333333333333, ""regime_align"": 0.0, ""liquidity"": 0.7785234899328859, ""weights"": {""coverage"": 0.25, ""confluence"": 0.25, ""risk_clean"": 0.2, ""regime_align"": 0.2, ""liquidity"": 0.1}}",,PG,PG,Konsum üßº,148.27,0.183133467590578,0.128491033924821,0.2010195464812189,12146655.0,1944315154.8147583,151.71143211364745,0.0550952231754682,bull,0.0553484204910741,bear,-0.3003931238766364,2026-02-15,0.0720814369302962,,,,
ABT,Abbott Laboratories,ABT,112.68000030517578,USD,-12.109115621806945,0.0,0.0,Seitw√§rts,0.0,0.0,40.7,80.8,Zyklus-Hoch,13.16,25.31,224.0,0.0,200792539136.0,44328001536.0,0.0,4.4,14.72,19.12,1.0,81.66,"[8.8, 26.32, 0.0, 19.21, 25.41]",17.985203,27.7,LOW,"{""coverage"": 0.5714285714285714, ""confluence"": 0.0, ""risk_clean"": 0.3333333333333333, ""regime_align"": 0.0, ""liquidity"": 0.6778523489932886, ""weights"": {""coverage"": 0.25, ""confluence"": 0.25, ""risk_clean"": 0.2, ""regime_align"": 0.2, ""liquidity"": 0.1}}",,ABT,ABT,Pharma üß™,107.46,0.2339682887818988,0.2146260167881633,0.2294973085980519,14602885.0,1645453086.2564468,127.12272811889648,-0.1136124753412511,bull,0.0553484204910741,bear,-0.3003931238766364,2026-02-15,-0.1412989623857018,,,,
PEP,PepsiCo,PEP,165.94000244140625,USD,20.35093415740465,0.0,0.0,Seitw√§rts,0.0,0.0,61.6,78.4,Zyklus-neutral,42.85,258.081,341.0,8232750080.0,271828385792.0,93924999168.0,3.03,5.6,8.77,14.37,0.853,79.71,"[11.2, 85.7, 0.0, 21.64, 16.48]",18.30416,33.5,LOW,"{""coverage"": 0.5714285714285714, ""confluence"": 0.2, ""risk_clean"": 0.3333333333333333, ""regime_align"": 0.0, ""liquidity"": 0.7583892617449665, ""weights"": {""coverage"": 0.25, ""confluence"": 0.25, ""risk_clean"": 0.2, ""regime_align"": 0.2, ""liquidity"": 0.1}}",,PEP,PEP,Konsum ü•®,148.02,0.2288156157564811,0.1329336724862602,0.1779199655793644,9932955.0,1648274576.9503784,141.1579875183105,0.1755622572890611,bull,0.0553484204910741,bear,-0.3003931238766364,2026-02-15,0.1380016509396979,,,,
HMY,Harmony Gold Mining Company,HMY,20.989999771118164,USD,85.16859895472535,0.0,0.0,Seitw√§rts,0.0,0.0,60.2,27.3,Zyklus-neutral,32.52,4.925,98.0,10437374976.0,2812910080.0,73896001536.0,371.05,22.7,19.46,42.16,1.72,23.91,"[45.4, 65.04, 0.0, 72.74, 27.31]",8.793388,32.7,LOW,"{""coverage"": 0.5714285714285714, ""confluence"": 0.6, ""risk_clean"": 0.0, ""regime_align"": 0.0, ""liquidity"": 0.34228187919463093, ""weights"": {""coverage"": 0.25, ""confluence"": 0.25, ""risk_clean"": 0.2, ""regime_align"": 0.2, ""liquidity"": 0.1}}",,HMY,HMY,Tech üíª,,0.647824693469348,0.4671322644327551,0.3063927011427632,5907870.0,124006189.94779588,17.178999977111815,0.2218406076653982,bull,0.0553484204910741,bear,-0.3003931238766364,2026-02-15,0.1591232812784084,,,,
RHM.DE,Rheinmetall AG,RHM.DE,1609.0,EUR,113.6253040968196,103.81,5.48,BUY,1966.0,2521.79,71.8,18.7,Zyklus-Tief,22.42,47.166,49.0,-1625000.0,76487131136.0,10997999616.0,-0.0,13.3,7.64,20.94,1.135,43.98,"[26.6, 44.84, 0.0, 100.0, 20.38]",40.79185,,,,,RHM.DE,RHM.DE,,,0.5201347633622692,0.3112749104826549,0.2743273824490821,209603.4,337251870.6,1737.6128686523436,-0.0740169867365756,bull,0.0553484204910741,bear,-0.3003931238766364,2026-02-15,-0.1030194043870972,,,,
STLA,Stellantis N.V.,STLA,7.75,USD,-39.97464247027988,0.0,0.0,Seitw√§rts,0.0,0.0,39.0,15.0,Zyklus-Tief,-3.06,55.559,1058.0,-8076749824.0,31891654656.0,146121998336.0,-25.33,-12.7,-1.64,-14.34,1.061,46.24,"[0.0, 0.0, 0.0, 84.99, 45.88]",4.304615,17.8,LOW,"{""coverage"": 0.5714285714285714, ""confluence"": 0.0, ""risk_clean"": 0.0, ""regime_align"": 0.0, ""liquidity"": 0.3557046979865772, ""weights"": {""coverage"": 0.25, ""confluence"": 0.25, ""risk_clean"": 0.2, ""regime_align"": 0.2, ""liquidity"": 0.1}}",,STLA,STLA,Konsum ü•®,,0.5803252998771934,0.440816356517804,0.4424976733713545,20469735.0,158640446.25,10.051450004577635,-0.228966965316398,bull,0.0553484204910741,bear,-0.3003931238766364,2026-02-15,-0.2876910157834451,,,,
SMX,SMX (Security Matters) Public,SMX,11.0,USD,-98.88980831292248,0.0,0.0,Seitw√§rts,0.0,0.0,35.1,53.8,Zyklus-neutral,-210.65,50.074,0.0,-14249375.0,22898526.0,1.0,-62.23,0.0,0.0,0.0,0.079,0.07,"[0.0, 0.0, 0.0, 46.18, 25.0]",0.0,16.4,LOW,"{""coverage"": 0.5714285714285714, ""confluence"": 0.0, ""risk_clean"": 0.0, ""regime_align"": 0.0, ""liquidity"": 0.21476510067114096, ""weights"": {""coverage"": 0.25, ""confluence"": 0.25, ""risk_clean"": 0.2, ""regime_align"": 0.2, ""liquidity"": 0.1}}",,SMX,SMX,Tech üíª,,6.1475683871193,1.6755079996133222,0.9990708824187718,3439795.0,37837745.0,133.65737530827522,-0.9177000148728872,bull,0.0553484204910741,bear,-0.3003931238766364,2026-02-15,5.53017304949042,,,,
DVLT,Datavault AI Inc.,DVLT,0.7900000214576721,USD,-35.24590139906755,0.0,0.0,Seitw√§rts,0.0,0.0,44.8,71.3,Zyklus-neutral,-165.72,29.069,0.0,-28070000.0,238018480.0,6170000.0,-11.79,147.8,0.0,147.8,0.684,3.15,"[100.0, 0.0, 0.0, 28.75, 100.0]",0.0,21.6,LOW,"{""coverage"": 0.5714285714285714, ""confluence"": 0.2, ""risk_clean"": 0.0, ""regime_align"": 0.0, ""liquidity"": 0.22818791946308725, ""weights"": {""coverage"": 0.25, ""confluence"": 0.25, ""risk_clean"": 0.2, ""regime_align"": 0.2, ""liquidity"": 0.1}}",,DVLT,DVLT,Tech üíª,,2.0614841239357977,0.7464856621149206,0.8479532253431973,56906130.0,44955843.92107308,1.0351500029861926,-0.236825562306249,bull,0.0553484204910741,bear,-0.3003931238766364,2026-02-15,-0.5044591629273485,,,,
PGY,Pagaya Technologies Ltd.,PGY,12.43000030517578,USD,-19.12816917549611,0.0,0.0,Seitw√§rts,0.0,0.0,52.6,0.5,Zyklus-Tief,-36.31,141.786,0.0,196523376.0,1852567424.0,1245945984.0,10.61,36.1,-15.32,20.78,5.113,63.62,"[72.2, 0.0, 0.0, 99.55, 76.3]",4.0632296,21.4,LOW,"{""coverage"": 0.5714285714285714, ""confluence"": 0.2, ""risk_clean"": 0.0, ""regime_align"": 0.0, ""liquidity"": 0.20805369127516782, ""weights"": {""coverage"": 0.25, ""confluence"": 0.25, ""risk_clean"": 0.2, ""regime_align"": 0.2, ""liquidity"": 0.1}}",,PGY,PGY,,,0.8701817264308536,0.5176187249138277,0.7169596158449336,5615800.0,69804395.71380615,24.946424984931944,-0.5017321995963867,bull,0.0553484204910741,bear,-0.3003931238766364,2026-02-15,-0.4862495996570797,,,,
MELI,MercadoLibre Inc.,MELI,1988.260009765625,USD,-5.76922075612446,0.0,0.0,Seitw√§rts,0.0,0.0,50.3,20.4,Zyklus-neutral,40.65,159.296,0.0,-4066249984.0,108489015296.0,26193000448.0,-3.75,39.5,7.93,47.43,1.174,84.75,"[79.0, 81.3, 0.0, 79.65, 27.28]",33.958015,38.1,LOW,"{""coverage"": 0.5714285714285714, ""confluence"": 0.4, ""risk_clean"": 0.3333333333333333, ""regime_align"": 0.0, ""liquidity"": 0.7114093959731543, ""weights"": {""coverage"": 0.25, ""confluence"": 0.25, ""risk_clean"": 0.2, ""regime_align"": 0.2, ""liquidity"": 0.1}}",,MELI,MELI,Konsum ü•®,,0.3871751933861407,0.2757665720542215,0.27313732809188,578865.0,1150934130.5529785,2276.769304199219,-0.1267187210849488,bull,0.0553484204910741,bear,-0.3003931238766364,2026-02-15,-0.0385141418148806,,,,
US88160R1014,Tesla,TSLA,417.4400024414063,USD,17.311152972535115,0.0,0.0,Seitw√§rts,0.0,0.0,56.0,35.8,Zyklus-neutral,4.93,17.763,0.0,3732624896.0,1566959599616.0,94827003904.0,0.24,-3.1,4.0,0.9,2.164,44.57,"[0.0, 9.86, 0.0, 64.22, 0.0]",151.62677,50.0,MED,{},US88160R1014,TSLA,TSLA,Tech üíª,,0.6171574903511017,0.406507811155184,0.3846793817600422,62073050.0,25911774143.54553,385.1616999816895,0.083804548742129,bull,0.0553484204910741,bear,-0.3003931238766364,2026-02-15,0.0209876206305612,,,,
US14154A1025,Cardinal Infrastructure,CDNL,25.0,USD,6.382978723404253,0.0,0.0,Datenmangel,0.0,0.0,60.2,50.0,Zyklus-neutral,0.0,230.784,0.0,0.0,77877880.0,395162976.0,0.0,60.2,6.11,66.31,1.203,34.65,"[100.0, 0.0, 0.0, 50.0, 21.79]",20.158104,50.0,MED,{},US14154A1025,CDNL,CDNL,,,0.7114720139454626,0.4089524845780135,0.2569982809417143,137870.0,3446750.0,,,bull,0.0553484204910741,bear,-0.3003931238766364,2026-02-15,,,,,
US75644T1007,Red Cat Holdings,RCAT,11.369999885559082,USD,27.466365339797782,0.0,0.0,Seitw√§rts,0.0,0.0,52.6,13.2,Zyklus-Tief,0.0,8.852,0.0,0.0,1322458240.0,7443942.0,0.0,646.4,0.0,646.4,10.416,41.83,"[100.0, 0.0, 0.0, 86.81, 73.29]",-42.066666,50.0,MED,{},US75644T1007,RCAT,RCAT,,,1.1757991030815842,0.659239515247741,0.6007802457218128,12593830.0,143191845.65875053,9.467900002002716,0.2008998704204754,bull,0.0553484204910741,bear,-0.3003931238766364,2026-02-15,0.451546074161379,,,,
US81764X1037,ServiceTitan,TTAN,62.7400016784668,USD,-37.2913545579702,0.0,0.0,Seitw√§rts,0.0,0.0,38.4,26.4,Zyklus-neutral,-16.86,10.505,0.0,124609000.0,5720048128.0,916259008.0,2.18,25.0,-23.91,1.09,4.139,95.05,"[50.0, 0.0, 0.0, 73.56, 48.95]",58.844948,50.0,MED,{},US81764X1037,TTAN,TTAN,Tech üíª,,0.4968846887213273,0.3233803921597815,0.5304939014379142,1846325.0,115838433.5989952,103.01564987182616,-0.390966306997733,bull,0.0553484204910741,bear,-0.3003931238766364,2026-02-15,-0.3124231304732036,,,,
US0381692070,Applied Digital,APLD,35.279998779296875,USD,287.266741041402,0.0,0.0,Seitw√§rts,0.0,0.0,66.8,50.9,Zyklus-neutral,-7.9,125.912,0.0,-1606530304.0,11793511424.0,263986000.0,-13.62,250.1,-47.35,202.75,4.823,67.1,"[100.0, 0.0, 0.0, 49.06, 56.34]",-41.865925,50.0,MED,{},US0381692070,APLD,APLD,Tech üíª,,1.2917756658668038,0.7465052816352132,0.6769952882218799,33084310.0,1167214416.4138794,21.026850037574768,0.6778546818116777,bull,0.0553484204910741,bear,-0.3003931238766364,2026-02-15,0.5124757226992698,,,,
US60741F1049,Mobileye Global,MBLY,9.1899995803833,USD,-48.859210175073805,0.0,0.0,Seitw√§rts,0.0,0.0,34.0,44.0,Zyklus-neutral,-3.27,0.564,0.0,632000000.0,5882599936.0,1894000000.0,10.74,-9.0,-20.7,-29.7,6.103,67.31,"[0.0, 0.0, 71.8, 56.05, 45.94]",24.514277,50.0,MED,{},US60741F1049,MBLY,MBLY,Tech üíª,,0.5682594842555642,0.3356048245134365,0.5597484459057231,9488665.0,87200827.36839771,13.661299967765808,-0.3272968456832553,bull,0.0553484204910741,bear,-0.3003931238766364,2026-02-15,-0.2798860458738055,,,,
US3493811034,Figure Technology Solutions,FIGR,35.290000915527344,USD,13.436194867141603,0.0,0.0,Seitw√§rts,0.0,0.0,56.2,3.2,Zyklus-Tief,0.0,68.77,0.0,0.0,8038661632.0,382600000.0,0.0,54.8,32.46,87.26,2.261,53.12,"[100.0, 0.0, 0.0, 96.84, 34.69]",38.201473,50.0,MED,{},US3493811034,FIGR,FIGR,Finanzen üè¶,,1.0485801742329517,0.5062933896885665,0.5389663228983399,4405020.0,155453159.83291626,,,bull,0.0553484204910741,bear,-0.3003931238766364,2026-02-15,0.0027908821472755,,,,
US3795772082,Globus Medical,GMED,88.08999633789062,USD,4.956506633609892,0.0,0.0,Seitw√§rts,0.0,0.0,53.2,24.1,Zyklus-neutral,10.01,2.731,0.0,445762752.0,11603802112.0,2769804032.0,3.84,22.9,15.3,38.2,4.13,106.79,"[45.8, 20.02, 0.0, 75.85, 24.94]",20.902147,50.0,MED,{},US3795772082,GMED,GMED,Pharma üß™,,0.5374853815942647,0.3556292050551599,0.388306044210735,1143880.0,100764385.01098631,69.17979982376099,0.2733485289391457,bull,0.0553484204910741,bear,-0.3003931238766364,2026-02-15,0.0313691156781508,,,,
US88023B1035,Tempus AI,TEM,51.95000076293945,USD,-41.91636924767212,0.0,0.0,Seitw√§rts,0.0,0.0,46.7,31.3,Zyklus-neutral,-72.61,263.048,0.0,-108350376.0,10517640192.0,1105257984.0,-1.03,84.7,-18.45,66.25,3.275,55.68,"[100.0, 0.0, 0.0, 68.71, 100.0]",-119.52941,50.0,MED,{},US88023B1035,TEM,TEM,Pharma üß™,,0.8290015353551029,0.5108252155782079,0.5837433080726225,5328200.0,276799994.065094,70.0748998260498,-0.2586503742153414,bull,0.0553484204910741,bear,-0.3003931238766364,2026-02-15,-0.2528009435598555,,,,
CA7142661031,Perpetua Resources,PPTA,28.86000061035156,USD,210.65662786714384,0.0,0.0,Seitw√§rts,0.0,0.0,64.9,33.6,Zyklus-neutral,-14.54,0.009,0.0,-62575000.0,3159208448.0,1.0,-1.98,0.0,0.0,0.0,42.247,69.23,"[0.0, 0.0, 99.55, 66.44, 100.0]",-434.99997,50.0,MED,{},CA7142661031,PPTA,PPTA,Edelmetalle ‚õèÔ∏è,,0.8151710324510352,0.6426447037854297,0.3172136393978049,2115130.0,61042653.0909729,20.75612500667572,0.3904329734509413,bull,0.0553484204910741,bear,-0.3003931238766364,2026-02-15,0.2949685728310658,,,,
AAPL,Apple Inc.,AAPL,255.77999877929688,USD,5.026482806601074,0.0,0.0,Seitw√§rts,0.0,0.0,58.9,84.3,Zyklus-Hoch,152.02,102.63,38.0,106312753152.0,4041536438272.0,435617005568.0,2.63,15.7,27.04,42.74,0.974,65.09,"[31.4, 100.0, 0.0, 15.71, 13.81]",29.453894,40.3,LOW,"{""coverage"": 0.5714285714285714, ""confluence"": 0.4, ""risk_clean"": 0.3333333333333333, ""regime_align"": 0.0, ""liquidity"": 0.9328859060402684, ""weights"": {""coverage"": 0.25, ""confluence"": 0.25, ""risk_clean"": 0.2, ""regime_align"": 0.2, ""liquidity"": 0.1}}",US0378331005,AAPL,AAPL,,,0.322112014124385,0.2359208740348444,0.3022258205202884,59778725.0,15290202207.527924,239.60238166809083,0.0675185989328608,bull,0.0553484204910741,bear,-0.3003931238766364,2026-02-15,-0.0794747141431079,Technology,Consumer Electronics,United States,USD
BTC-USD,Bitcoin,BTC-USD,70362.8671875,USD,-27.89238195925874,0.0,0.0,Seitw√§rts,0.0,0.0,42.0,36.2,Zyklus-neutral,0.0,100.0,0.0,0.0,1.0,1.0,0.0,0.0,0.0,0.0,1.0,0.0,"[0.0, 0.0, 0.0, 63.78, 25.0]",0.0,38.3,LOW,"{""coverage"": 0.5714285714285714, ""confluence"": 0.0, ""risk_clean"": 0.3333333333333333, ""regime_align"": 0.3650028890172896, ""liquidity"": 1.0, ""weights"": {""coverage"": 0.25, ""confluence"": 0.25, ""risk_clean"": 0.2, ""regime_align"": 0.2, ""liquidity"": 0.1}}",,BTC-USD,BTC-USD,,,0.3833270475770982,0.2862501614043383,0.497388172985468,59850864991.65,4211278464464463.0,100574.86509765623,-0.3003931238766364,bull,0.0553484204910741,bear,-0.3003931238766364,2026-02-15,0.0,Cryptocurrency,Digital Currency,Global,USD
ETH-USD,Ethereum,ETH-USD,2066.36279296875,USD,-23.28506009478446,0.0,0.0,Seitw√§rts,0.0,0.0,47.1,34.5,Zyklus-neutral,0.0,100.0,0.0,0.0,1.0,1.0,0.0,0.0,0.0,0.0,1.0,0.0,"[0.0, 0.0, 0.0, 65.53, 25.0]",0.0,28.0,LOW,"{""coverage"": 0.5714285714285714, ""confluence"": 0.0, ""risk_clean"": 0.0, ""regime_align"": 0.2012444997555447, ""liquidity"": 0.9731543624161074, ""weights"": {""coverage"": 0.25, ""confluence"": 0.25, ""risk_clean"": 0.2, ""regime_align"": 0.2, ""liquidity"": 0.1}}",,ETH-USD,ETH-USD,,,0.6484424149674792,0.4401442223115837,0.6229452180087689,35085091522.7,72498527710410.58,3545.684160766601,-0.4172174679760568,bull,0.0553484204910741,bear,-0.3003931238766364,2026-02-15,-0.1170882524970695,Cryptocurrency,Digital Currency,Global,USD
ADA-USD,Cardano,ADA-USD,0.2956280410289764,USD,-62.1528279871324,0.0,0.0,Seitw√§rts,0.0,0.0,37.8,27.0,Zyklus-neutral,0.0,100.0,0.0,0.0,1.0,1.0,0.0,0.0,0.0,0.0,1.0,0.0,"[0.0, 0.0, 0.0, 73.0, 25.0]",0.0,21.5,LOW,"{""coverage"": 0.5714285714285714, ""confluence"": 0.0, ""risk_clean"": 0.0, ""regime_align"": 0.13681496955420241, ""liquidity"": 0.44966442953020136, ""weights"": {""coverage"": 0.25, ""confluence"": 0.25, ""risk_clean"": 0.2, ""regime_align"": 0.2, ""liquidity"": 0.1}}",,ADA-USD,ADA-USD,,,0.9318907893908968,0.511599090782291,0.7831922579498505,803695869.5,237595035.48336488,0.5843402355909347,-0.4940823461694159,bull,0.0553484204910741,bear,-0.3003931238766364,2026-02-15,-0.052449339241413,Cryptocurrency,Digital Currency,Global,USD
