symbol,name,score,r_code,close,currency,availability,presentation_group,attention_required,universal_stance_state,universal_stance_direction,transition_status,stable_directional_anchor,pending_direction,portfolio_action_state,portfolio_action_reason_code,reliability_assessment,coverage_admission_state,evidence_gap_count,state_history_state,path_review_state,path_review_suppressed_by_w8,w8_action_policy_case,w8_action_policy_warning_code,w8_action_policy_conflict,w8_reassessment_required,phase5_shadow_integration_mode
000660.KS,SK hynix Inc.,18.07,R2,1681000.0,KRW,decision_available,waiting_confirmation,True,negative,negative,transition_pending,positive,negative,WAIT_CONFIRMATION,directional_transition_not_yet_confirmed,pending_confirmation,admissible_with_gaps,14,post_overextension_correction,none,False,non_long_position_base_action_preserved,,False,False,shadow_only
005930.KS,"Samsung Electronics Co., Ltd.",20.0,R2,262000.0,KRW,decision_available,waiting_confirmation,True,negative,negative,transition_pending,positive,negative,WAIT_CONFIRMATION,directional_transition_not_yet_confirmed,pending_confirmation,admissible_with_gaps,14,post_overextension_correction,none,False,non_long_position_base_action_preserved,,False,False,shadow_only
0700.HK,TENCENT HLDGS,28.39,R4,424.79998779296875,HKD,decision_available,waiting_confirmation,True,negative,negative,transition_pending,positive,negative,WAIT_CONFIRMATION,directional_transition_not_yet_confirmed,pending_confirmation,admissible_with_gaps,14,never_overextended,none,False,non_long_position_base_action_preserved,,False,False,shadow_only
0857.HK,PETROCHINA CO.,27.39,R4,9.829999923706055,HKD,decision_available,hold_or_no_action,True,conflicted,,blocked_conflict,positive,,NO_ACTION,blocking_raw_state_flat,blocked_conflict,admissible_with_gaps,14,post_overextension_correction,profit_protection_review,False,non_long_position_base_action_preserved,,False,False,shadow_only
1211.HK,BYD Company Limited,21.53,R3,75.5999984741211,HKD,decision_available,waiting_confirmation,True,negative,negative,transition_pending,positive,negative,WAIT_CONFIRMATION,directional_transition_not_yet_confirmed,pending_confirmation,admissible_with_gaps,14,never_overextended,none,False,non_long_position_base_action_preserved,,False,False,shadow_only
1810.HK,XIAOMI CORP. CL.B,24.42,R3,25.959999084472656,HKD,decision_available,hold_or_no_action,False,conflicted,,blocked_conflict,positive,,NO_ACTION,blocking_raw_state_flat,blocked_conflict,admissible_with_gaps,14,never_overextended,none,False,non_long_position_base_action_preserved,,False,False,shadow_only
2899.HK,ZIJIN MINING,29.33,R4,32.939998626708984,HKD,decision_available,hold_or_no_action,False,conflicted,,blocked_conflict,positive,,NO_ACTION,blocking_raw_state_flat,blocked_conflict,admissible_with_gaps,14,post_overextension_correction,monitor,False,non_long_position_base_action_preserved,,False,False,shadow_only
3750.HK,CONT.AMPEREX (CATL),25.69,R3,491.3999938964844,HKD,decision_available,hold_or_no_action,False,insufficient_evidence,,blocked_insufficient,positive,,NO_ACTION,blocking_raw_state_flat,blocked_insufficient,admissible_with_gaps,13,post_overextension_correction,none,False,non_long_position_base_action_preserved,,False,False,shadow_only
6503.T,MITSUBISHI EL.,27.83,R4,5143.0,JPY,decision_available,hold_or_no_action,False,conflicted,,blocked_conflict,negative,,NO_ACTION,blocking_raw_state_flat,blocked_conflict,admissible_with_gaps,14,post_overextension_correction,none,False,non_long_position_base_action_preserved,,False,False,shadow_only
6506.T,YASKAWA ELECTRIC CORPORATION,17.89,R2,4783.0,JPY,decision_available,hold_or_no_action,False,conflicted,,blocked_conflict,,,NO_ACTION,blocking_raw_state_flat,blocked_conflict,admissible_with_gaps,14,post_overextension_correction,none,False,non_long_position_base_action_preserved,,False,False,shadow_only
6861.T,KEYENCE CORP.,18.66,R2,80540.0,JPY,decision_available,hold_or_no_action,False,conflicted,,blocked_conflict,positive,,NO_ACTION,blocking_raw_state_flat,blocked_conflict,admissible_with_gaps,14,post_overextension_correction,none,False,non_long_position_base_action_preserved,,False,False,shadow_only
8035.T,Tokyo Electron Limited,23.34,R3,12445.0,JPY,decision_available,hold_or_no_action,False,conflicted,,blocked_conflict,positive,,NO_ACTION,blocking_raw_state_flat,blocked_conflict,admissible_with_gaps,14,post_overextension_correction,none,False,non_long_position_base_action_preserved,,False,False,shadow_only
9880.HK,UBTECH ROBOT.CORP.,12.88,R1,71.75,HKD,decision_available,hold_or_no_action,False,conflicted,,blocked_conflict,positive,,NO_ACTION,blocking_raw_state_flat,blocked_conflict,admissible_with_gaps,14,never_overextended,none,False,non_long_position_base_action_preserved,,False,False,shadow_only
9888.HK,"Baidu, Inc. Class A",17.52,R2,83.0,HKD,decision_available,hold_or_no_action,False,conflicted,,blocked_conflict,positive,,NO_ACTION,blocking_raw_state_flat,blocked_conflict,admissible_with_gaps,14,never_overextended,none,False,non_long_position_base_action_preserved,,False,False,shadow_only
9988.HK,Alibaba Group Holding Limited,21.82,R3,107.0,HKD,decision_available,review_now,True,positive,positive,stable_confirmed,positive,,ENTER_REVIEW,positive_confirmed_flat,provisional_same_family_support,admissible_with_gaps,14,post_overextension_correction,profit_protection_review,False,non_long_position_base_action_preserved,,False,False,shadow_only
AAGFF,AFTERMATH SILVER,6.23,R1,0.41999998688697815,USD,decision_available,review_now,True,positive,positive,stable_confirmed,positive,,ENTER_REVIEW,positive_confirmed_flat,provisional_same_family_support,admissible_with_gaps,14,post_overextension_correction,none,False,non_long_position_base_action_preserved,,False,False,shadow_only
AAPL,Apple Inc.,34.98,R5,336.6400146484375,USD,decision_available,review_now,True,positive,positive,stable_confirmed,positive,,ENTER_REVIEW,positive_confirmed_flat,provisional_same_family_support,admissible_with_gaps,14,post_overextension_correction,profit_protection_review,False,non_long_position_base_action_preserved,,False,False,shadow_only
ABBN.SW,ABB LTD. NA,29.43,R4,79.63999938964844,CHF,decision_available,hold_or_no_action,False,conflicted,,blocked_conflict,,,NO_ACTION,blocking_raw_state_flat,blocked_conflict,admissible_with_gaps,14,post_overextension_correction,none,False,non_long_position_base_action_preserved,,False,False,shadow_only
ABT,Abbott Laboratories,24.92,R3,99.5999984741211,USD,decision_available,hold_or_no_action,False,conflicted,,blocked_conflict,positive,,NO_ACTION,blocking_raw_state_flat,blocked_conflict,admissible_with_gaps,14,post_overextension_correction,monitor,False,non_long_position_base_action_preserved,,False,False,shadow_only
ABX.TO,BARRICK MINING,35.42,R4,58.529998779296875,CAD,decision_available,hold_or_no_action,False,insufficient_evidence,,blocked_insufficient,positive,,NO_ACTION,blocking_raw_state_flat,blocked_insufficient,admissible_with_gaps,13,post_overextension_correction,none,False,non_long_position_base_action_preserved,,False,False,shadow_only
ACB.TO,Aurora Cannabis,23.3,R3,6.420000076293945,CAD,decision_available,hold_or_no_action,True,conflicted,,blocked_conflict,positive,,NO_ACTION,blocking_raw_state_flat,blocked_conflict,admissible_with_gaps,14,overextended,monitor,False,non_long_position_base_action_preserved,,False,False,shadow_only
ADBE,Adobe Inc.,23.98,R3,242.27000427246094,USD,decision_available,review_now,True,positive,positive,stable_confirmed,positive,,ENTER_REVIEW,positive_confirmed_flat,provisional_same_family_support,admissible_with_gaps,14,post_overextension_correction,monitor,False,non_long_position_base_action_preserved,,False,False,shadow_only
ADS.DE,adidas AG,20.73,R2,146.5,EUR,decision_available,waiting_confirmation,True,positive,positive,bootstrap_pending,,positive,WAIT_CONFIRMATION,directional_transition_not_yet_confirmed,pending_confirmation,admissible_with_gaps,14,never_overextended,none,False,non_long_position_base_action_preserved,,False,False,shadow_only
AEM,AGNICO EAGLE,42.38,R5,189.02000427246094,USD,decision_available,hold_or_no_action,True,insufficient_evidence,,blocked_insufficient,positive,,NO_ACTION,blocking_raw_state_flat,blocked_insufficient,admissible_with_gaps,13,overextended,monitor,False,non_long_position_base_action_preserved,,False,False,shadow_only
AG.TO,FIRST MAJESTIC,32.61,R4,24.639999389648438,CAD,decision_available,review_now,True,positive,positive,stable_confirmed,positive,,ENTER_REVIEW,positive_confirmed_flat,provisional_same_family_support,admissible_with_gaps,14,post_overextension_correction,none,False,non_long_position_base_action_preserved,,False,False,shadow_only
AGI.TO,ALAMOS GOLD,28.76,R4,46.93000030517578,CAD,decision_available,hold_or_no_action,False,insufficient_evidence,,blocked_insufficient,positive,,NO_ACTION,blocking_raw_state_flat,blocked_insufficient,admissible_with_gaps,13,post_overextension_correction,none,False,non_long_position_base_action_preserved,,False,False,shadow_only
ALB,ALBEMARLE CORP.,10.94,R1,101.2699966430664,USD,decision_available,hold_or_no_action,False,conflicted,,blocked_conflict,positive,,NO_ACTION,blocking_raw_state_flat,blocked_conflict,admissible_with_gaps,14,post_overextension_correction,none,False,non_long_position_base_action_preserved,,False,False,shadow_only
ALV.DE,ALLIANZ SE,29.19,R4,413.3999938964844,EUR,decision_available,review_now,True,positive,positive,stable_confirmed,positive,,ENTER_REVIEW,positive_confirmed_flat,provisional_same_family_support,admissible_with_gaps,14,post_overextension_correction,none,False,non_long_position_base_action_preserved,,False,False,shadow_only
AMAT,"Applied Materials, Inc.",21.1,R2,507.0299987792969,USD,decision_available,review_now,True,positive,positive,stable_confirmed,positive,,ENTER_REVIEW,positive_confirmed_flat,provisional_same_family_support,admissible_with_gaps,14,post_overextension_correction,none,False,non_long_position_base_action_preserved,,False,False,shadow_only
AMKR,"Amkor Technology, Inc.",14.06,R1,49.119998931884766,USD,decision_available,review_now,True,positive,positive,stable_confirmed,positive,,ENTER_REVIEW,positive_confirmed_flat,provisional_same_family_support,admissible_with_gaps,14,post_overextension_correction,none,False,non_long_position_base_action_preserved,,False,False,shadow_only
AMZN,AMAZON.COM,29.57,R4,262.42999267578125,USD,decision_available,hold_or_no_action,False,insufficient_evidence,,blocked_insufficient,positive,,NO_ACTION,blocking_raw_state_flat,blocked_insufficient,admissible_with_gaps,13,post_overextension_correction,none,False,non_long_position_base_action_preserved,,False,False,shadow_only
ANET,Arista Networks Inc.,27.02,R4,216.74000549316406,USD,decision_available,hold_or_no_action,False,insufficient_evidence,,blocked_insufficient,,,NO_ACTION,blocking_raw_state_flat,blocked_insufficient,admissible_with_gaps,13,post_overextension_correction,monitor,False,non_long_position_base_action_preserved,,False,False,shadow_only
APLD,Applied Digital,13.6,R1,23.68000030517578,USD,decision_available,review_now,True,positive,positive,stable_confirmed,positive,,ENTER_REVIEW,positive_confirmed_flat,provisional_unopposed_support,admissible_with_gaps,14,post_overextension_correction,none,False,non_long_position_base_action_preserved,,False,False,shadow_only
APP,APPLOVIN CORPORATION,13.11,R1,277.0400085449219,USD,decision_available,hold_or_no_action,False,negative,negative,stable_confirmed,negative,,NO_ACTION,negative_confirmed_flat,provisional_same_family_support,admissible_with_gaps,14,never_overextended,none,False,non_long_position_base_action_preserved,,False,False,shadow_only
ASM.TO,AVINO SILVER,33.89,R4,7.889999866485596,CAD,decision_available,review_now,True,positive,positive,stable_confirmed,positive,,ENTER_REVIEW,positive_confirmed_flat,provisional_unopposed_support,admissible_with_gaps,14,post_overextension_correction,none,False,non_long_position_base_action_preserved,,False,False,shadow_only
ASML,ASML HOLDING,33.89,R5,1780.3399658203125,USD,decision_available,review_now,True,positive,positive,stable_confirmed,positive,,ENTER_REVIEW,positive_confirmed_flat,provisional_same_family_support,admissible_with_gaps,14,post_overextension_correction,none,False,non_long_position_base_action_preserved,,False,False,shadow_only
ASTS,"AST SpaceMobile, Inc.",12.59,R1,50.96500015258789,USD,decision_available,hold_or_no_action,False,conflicted,,blocked_conflict,negative,,NO_ACTION,blocking_raw_state_flat,blocked_conflict,admissible_with_gaps,14,post_overextension_correction,none,False,non_long_position_base_action_preserved,,False,False,shadow_only
ASX,"ASE Technology Holding Co., Ltd.",25.9,R3,46.43000030517578,USD,decision_available,hold_or_no_action,True,conflicted,,blocked_conflict,positive,,NO_ACTION,blocking_raw_state_flat,blocked_conflict,admissible_with_gaps,14,post_overextension_correction,profit_protection_review,False,non_long_position_base_action_preserved,,False,False,shadow_only
AUTO.OL,AUTOSTORE HOLDINGS,22.9,R3,15.949999809265137,NOK,decision_available,hold_or_no_action,True,conflicted,,blocked_conflict,,,NO_ACTION,blocking_raw_state_flat,blocked_conflict,admissible_with_gaps,14,overextended,monitor,False,non_long_position_base_action_preserved,,False,False,shadow_only
AVAV,"AeroVironment, Inc.",15.34,R2,137.11000061035156,USD,decision_available,review_now,True,positive,positive,stable_confirmed,positive,,ENTER_REVIEW,positive_confirmed_flat,provisional_unopposed_support,admissible_with_gaps,14,never_overextended,none,False,non_long_position_base_action_preserved,,False,False,shadow_only
AVGO,Broadcom Inc.,23.26,R3,361.5400085449219,USD,decision_available,hold_or_no_action,False,insufficient_evidence,,blocked_insufficient,,,NO_ACTION,blocking_raw_state_flat,blocked_insufficient,admissible_with_gaps,13,never_overextended,none,False,non_long_position_base_action_preserved,,False,False,shadow_only
AXON,"Axon Enterprise, Inc.",15.95,R2,422.8900146484375,USD,decision_available,hold_or_no_action,False,insufficient_evidence,,blocked_insufficient,positive,,NO_ACTION,blocking_raw_state_flat,blocked_insufficient,admissible_with_gaps,13,never_overextended,none,False,non_long_position_base_action_preserved,,False,False,shadow_only
BAS.DE,BASF SE,27.55,R4,51.77000045776367,EUR,decision_available,review_now,True,positive,positive,stable_confirmed,positive,,ENTER_REVIEW,positive_confirmed_flat,provisional_same_family_support,admissible_with_gaps,14,never_overextended,none,False,non_long_position_base_action_preserved,,False,False,shadow_only
BAYN.DE,BAYER AG,15.96,R2,42.59000015258789,EUR,decision_available,review_now,True,positive,positive,stable_confirmed,positive,,ENTER_REVIEW,positive_confirmed_flat,provisional_same_family_support,admissible_with_gaps,14,post_overextension_correction,profit_protection_review,False,non_long_position_base_action_preserved,,False,False,shadow_only
BIDU,BAIDU INC,13.12,R1,85.33000183105469,USD,decision_available,hold_or_no_action,False,conflicted,,blocked_conflict,positive,,NO_ACTION,blocking_raw_state_flat,blocked_conflict,admissible_with_gaps,14,never_overextended,none,False,non_long_position_base_action_preserved,,False,False,shadow_only
BLK,BLACKROCK INC,30.84,R4,1082.3900146484375,USD,decision_available,review_now,True,positive,positive,stable_confirmed,positive,,ENTER_REVIEW,positive_confirmed_flat,provisional_same_family_support,admissible_with_gaps,14,never_overextended,none,False,non_long_position_base_action_preserved,,False,False,shadow_only
BTO.TO,B2GOLD CORP.,29.29,R4,7.480000019073486,CAD,decision_available,waiting_confirmation,True,positive,positive,transition_pending,negative,positive,WAIT_CONFIRMATION,directional_transition_not_yet_confirmed,pending_confirmation,admissible_with_gaps,14,overextended,monitor,False,non_long_position_base_action_preserved,,False,False,shadow_only
CCJ,CAMECO CORP.,19.53,R2,88.05999755859375,USD,decision_available,review_now,True,positive,positive,stable_confirmed,positive,,ENTER_REVIEW,positive_confirmed_flat,provisional_unopposed_support,admissible_with_gaps,14,post_overextension_correction,none,False,non_long_position_base_action_preserved,,False,False,shadow_only
CDNL,Cardinal Infrastructure,9.25,R1,21.1200008392334,USD,decision_available,hold_or_no_action,False,conflicted,,blocked_conflict,negative,,NO_ACTION,blocking_raw_state_flat,blocked_conflict,admissible_with_gaps,14,post_overextension_correction,none,False,non_long_position_base_action_preserved,,False,False,shadow_only
CGNX,COGNEX CORP.,22.77,R3,62.91999816894531,USD,decision_available,review_now,True,positive,positive,stable_confirmed,positive,,ENTER_REVIEW,positive_confirmed_flat,provisional_same_family_support,admissible_with_gaps,14,post_overextension_correction,none,False,non_long_position_base_action_preserved,,False,False,shadow_only
CME,CME Group Inc.,27.92,R4,280.55999755859375,USD,decision_available,hold_or_no_action,False,insufficient_evidence,,blocked_insufficient,positive,,NO_ACTION,blocking_raw_state_flat,blocked_insufficient,admissible_with_gaps,13,post_overextension_correction,monitor,False,non_long_position_base_action_preserved,,False,False,shadow_only
CNC,CENTENE CORP.,17.18,R2,65.36000061035156,USD,decision_available,review_now,True,positive,positive,stable_confirmed,positive,,ENTER_REVIEW,positive_confirmed_flat,provisional_unopposed_support,admissible_with_gaps,14,post_overextension_correction,none,False,non_long_position_base_action_preserved,,False,False,shadow_only
COIN,COINBASE GLB.,26.79,R3,179.38999938964844,USD,decision_available,review_now,True,positive,positive,stable_confirmed,positive,,ENTER_REVIEW,positive_confirmed_flat,provisional_same_family_support,admissible_with_gaps,14,post_overextension_correction,profit_protection_review,False,non_long_position_base_action_preserved,,False,False,shadow_only
CPB,CAMPBELLS CO.,14.27,R1,19.209999084472656,USD,decision_available,hold_or_no_action,False,conflicted,,blocked_conflict,positive,,NO_ACTION,blocking_raw_state_flat,blocked_conflict,admissible_with_gaps,14,post_overextension_correction,none,False,non_long_position_base_action_preserved,,False,False,shadow_only
CRUS,Cirrus Logic Inc.,18.45,R2,106.87000274658203,USD,decision_available,review_now,True,positive,positive,stable_confirmed,positive,,ENTER_REVIEW,positive_confirmed_flat,provisional_same_family_support,admissible_with_gaps,14,never_overextended,none,False,non_long_position_base_action_preserved,,False,False,shadow_only
CRWV,"COREWEAVE, INC.",18.54,R2,82.08000183105469,USD,decision_available,review_now,True,positive,positive,stable_confirmed,positive,,ENTER_REVIEW,positive_confirmed_flat,provisional_unopposed_support,admissible_with_gaps,14,never_overextended,none,False,non_long_position_base_action_preserved,,False,False,shadow_only
CRYPTO:ADA,Cardano,21.15,R2,0.25488999485969543,USD,decision_available,hold_or_no_action,False,insufficient_evidence,,blocked_insufficient,,,NO_ACTION,blocking_raw_state_flat,blocked_insufficient,admissible_with_gaps,11,post_overextension_correction,monitor,False,non_long_position_base_action_preserved,,False,False,shadow_only
CRYPTO:BTC,Bitcoin,25.88,R3,82792.15625,USD,decision_available,hold_or_no_action,False,insufficient_evidence,,blocked_insufficient,,,NO_ACTION,blocking_raw_state_flat,blocked_insufficient,admissible_with_gaps,11,never_overextended,none,False,non_long_position_base_action_preserved,,False,False,shadow_only
CRYPTO:DOGE,DOGECOIN (KRYPTO),20.22,R2,0.07684999704360962,EUR,decision_available,hold_or_no_action,False,insufficient_evidence,,blocked_insufficient,,,NO_ACTION,blocking_raw_state_flat,blocked_insufficient,admissible_with_gaps,11,never_overextended,none,False,non_long_position_base_action_preserved,,False,False,shadow_only
CRYPTO:ETH,Ethereum,23.76,R3,2493.0,USD,decision_available,hold_or_no_action,False,insufficient_evidence,,blocked_insufficient,,,NO_ACTION,blocking_raw_state_flat,blocked_insufficient,admissible_with_gaps,11,post_overextension_correction,none,False,non_long_position_base_action_preserved,,False,False,shadow_only
CRYPTO:SOL,SOLANA (KRYPTO),25.28,R3,98.16999816894531,EUR,decision_available,hold_or_no_action,True,insufficient_evidence,,blocked_insufficient,,,NO_ACTION,blocking_raw_state_flat,blocked_insufficient,admissible_with_gaps,11,overextension_with_momentum_loss,profit_protection_review,False,non_long_position_base_action_preserved,,False,False,shadow_only
CRYPTO:XRP,XRP (KRYPTO),14.53,R2,1.2549999952316284,EUR,decision_available,hold_or_no_action,False,insufficient_evidence,,blocked_insufficient,,,NO_ACTION,blocking_raw_state_flat,blocked_insufficient,admissible_with_gaps,11,never_overextended,none,False,non_long_position_base_action_preserved,,False,False,shadow_only
CSTM,CONSTELLIUM SE,22.37,R3,25.809999465942383,USD,decision_available,waiting_confirmation,True,positive,positive,transition_pending,negative,positive,WAIT_CONFIRMATION,directional_transition_not_yet_confirmed,pending_confirmation,admissible_with_gaps,14,post_overextension_correction,none,False,non_long_position_base_action_preserved,,False,False,shadow_only
CVX,CHEVRON CORP,26.43,R3,211.97999572753906,USD,decision_available,hold_or_no_action,True,conflicted,,blocked_conflict,positive,,NO_ACTION,blocking_raw_state_flat,blocked_conflict,admissible_with_gaps,14,post_overextension_correction,profit_protection_review,False,non_long_position_base_action_preserved,,False,False,shadow_only
DB1.DE,DEUTSCHE BOERSE AG,29.59,R4,292.6000061035156,EUR,decision_available,review_now,True,positive,positive,stable_confirmed,positive,,ENTER_REVIEW,positive_confirmed_flat,provisional_same_family_support,admissible_with_gaps,14,post_overextension_correction,monitor,False,non_long_position_base_action_preserved,,False,False,shadow_only
DIS,THE WALT DISNEY COMPANY,28.36,R4,108.05000305175781,USD,decision_available,waiting_confirmation,True,positive,positive,transition_pending,negative,positive,WAIT_CONFIRMATION,directional_transition_not_yet_confirmed,pending_confirmation,admissible_with_gaps,14,never_overextended,none,False,non_long_position_base_action_preserved,,False,False,shadow_only
DRO.AX,DroneShield Limited,10.46,R1,1.565000057220459,AUD,decision_available,hold_or_no_action,False,conflicted,,blocked_conflict,positive,,NO_ACTION,blocking_raw_state_flat,blocked_conflict,admissible_with_gaps,14,never_overextended,none,False,non_long_position_base_action_preserved,,False,False,shadow_only
DSV.TO,DISCOVERY SILVER,23.47,R3,11.710000038146973,CAD,decision_available,review_now,True,positive,positive,stable_confirmed,positive,,ENTER_REVIEW,positive_confirmed_flat,provisional_unopposed_support,admissible_with_gaps,14,overextended,monitor,False,non_long_position_base_action_preserved,,False,False,shadow_only
DVLT,Datavault AI Inc.,5.87,R1,0.14000000059604645,USD,decision_available,hold_or_no_action,False,conflicted,,blocked_conflict,positive,,NO_ACTION,blocking_raw_state_flat,blocked_conflict,admissible_with_gaps,14,post_overextension_correction,none,False,non_long_position_base_action_preserved,,False,False,shadow_only
EDR.TO,ENDEAVOUR SILVER,19.59,R2,12.34000015258789,CAD,decision_available,review_now,True,positive,positive,stable_confirmed,positive,,ENTER_REVIEW,positive_confirmed_flat,provisional_unopposed_support,admissible_with_gaps,14,post_overextension_correction,none,False,non_long_position_base_action_preserved,,False,False,shadow_only
ENR.DE,SIEMENS ENERGY,14.24,R1,142.5,EUR,decision_available,hold_or_no_action,False,conflicted,,blocked_conflict,positive,,NO_ACTION,blocking_raw_state_flat,blocked_conflict,admissible_with_gaps,14,post_overextension_correction,none,False,non_long_position_base_action_preserved,,False,False,shadow_only
ENSG,"THE ENSIGN GROUP, INC.",24.69,R3,171.8000030517578,USD,decision_available,review_now,True,positive,positive,stable_confirmed,positive,,ENTER_REVIEW,positive_confirmed_flat,provisional_unopposed_support,admissible_with_gaps,14,never_overextended,none,False,non_long_position_base_action_preserved,,False,False,shadow_only
EQX.TO,EQUINOX GOLD,24.17,R3,16.31999969482422,CAD,decision_available,hold_or_no_action,True,insufficient_evidence,,blocked_insufficient,positive,,NO_ACTION,blocking_raw_state_flat,blocked_insufficient,admissible_with_gaps,13,overextended,monitor,False,non_long_position_base_action_preserved,,False,False,shadow_only
ETN,Eaton Corporation plc,26.4,R3,429.6499938964844,USD,decision_available,review_now,True,positive,positive,stable_confirmed,positive,,ENTER_REVIEW,positive_confirmed_flat,provisional_same_family_support,admissible_with_gaps,14,post_overextension_correction,none,False,non_long_position_base_action_preserved,,False,False,shadow_only
FANUY,FANUC CORP.,22.22,R3,19.40999984741211,USD,decision_available,hold_or_no_action,False,conflicted,,blocked_conflict,,,NO_ACTION,blocking_raw_state_flat,blocked_conflict,admissible_with_gaps,14,post_overextension_correction,none,False,non_long_position_base_action_preserved,,False,False,shadow_only
FCX,FREEPORT-MCMORAN,26.59,R3,73.69000244140625,USD,decision_available,review_now,True,positive,positive,stable_confirmed,positive,,ENTER_REVIEW,positive_confirmed_flat,provisional_same_family_support,admissible_with_gaps,14,overextended,monitor,False,non_long_position_base_action_preserved,,False,False,shadow_only
FIGR,Figure Technology Solutions,16.99,R2,28.540000915527344,USD,decision_available,review_now,True,positive,positive,stable_confirmed,positive,,ENTER_REVIEW,positive_confirmed_flat,provisional_unopposed_support,admissible_with_gaps,14,post_overextension_correction,monitor,False,non_long_position_base_action_preserved,,False,False,shadow_only
FISV,Fiserv Inc.,15.81,R2,45.630001068115234,USD,decision_available,hold_or_no_action,False,conflicted,,blocked_conflict,positive,,NO_ACTION,blocking_raw_state_flat,blocked_conflict,admissible_with_gaps,14,never_overextended,none,False,non_long_position_base_action_preserved,,False,False,shadow_only
FLNC,FLUENCE ENER.,8.97,R1,7.429999828338623,USD,decision_available,hold_or_no_action,False,conflicted,,blocked_conflict,negative,,NO_ACTION,blocking_raw_state_flat,blocked_conflict,admissible_with_gaps,14,post_overextension_correction,none,False,non_long_position_base_action_preserved,,False,False,shadow_only
FME.DE,FRESEN.MED.CARE,13.67,R1,36.720001220703125,EUR,decision_available,review_now,True,positive,positive,stable_confirmed,positive,,ENTER_REVIEW,positive_confirmed_flat,provisional_same_family_support,admissible_with_gaps,14,post_overextension_correction,none,False,non_long_position_base_action_preserved,,False,False,shadow_only
FRES.L,FRESNILLO PLC,36.82,R4,2689.0,GBp,decision_available,hold_or_no_action,False,insufficient_evidence,,blocked_insufficient,positive,,NO_ACTION,blocking_raw_state_flat,blocked_insufficient,admissible_with_gaps,13,post_overextension_correction,none,False,non_long_position_base_action_preserved,,False,False,shadow_only
FSLR,FIRST SOLAR INC,24.31,R3,177.82000732421875,USD,decision_available,hold_or_no_action,False,conflicted,,blocked_conflict,positive,,NO_ACTION,blocking_raw_state_flat,blocked_conflict,admissible_with_gaps,14,post_overextension_correction,none,False,non_long_position_base_action_preserved,,False,False,shadow_only
GE,GE Aerospace,23.67,R3,308.20001220703125,USD,decision_available,waiting_confirmation,True,negative,negative,bootstrap_pending,,negative,WAIT_CONFIRMATION,directional_transition_not_yet_confirmed,pending_confirmation,admissible_with_gaps,14,never_overextended,none,False,non_long_position_base_action_preserved,,False,False,shadow_only
GMED,Globus Medical,25.5,R3,74.6500015258789,USD,decision_available,hold_or_no_action,False,insufficient_evidence,,blocked_insufficient,positive,,NO_ACTION,blocking_raw_state_flat,blocked_insufficient,admissible_with_gaps,13,never_overextended,none,False,non_long_position_base_action_preserved,,False,False,shadow_only
GOOGL,ALPHABET INC.A,36.55,R5,351.6600036621094,USD,decision_available,hold_or_no_action,False,insufficient_evidence,,blocked_insufficient,positive,,NO_ACTION,blocking_raw_state_flat,blocked_insufficient,admissible_with_gaps,13,post_overextension_correction,none,False,non_long_position_base_action_preserved,,False,False,shadow_only
GOT.V,GOLIATH RES,8.88,R1,1.4299999475479126,CAD,decision_available,review_now,True,positive,positive,stable_confirmed,positive,,ENTER_REVIEW,positive_confirmed_flat,provisional_unopposed_support,admissible_with_gaps,14,post_overextension_correction,monitor,False,non_long_position_base_action_preserved,,False,False,shadow_only
GRAB,GRAB HOLDINGS LIMITED,18.95,R2,3.190000057220459,USD,decision_available,review_now,True,positive,positive,stable_confirmed,positive,,ENTER_REVIEW,positive_confirmed_flat,provisional_unopposed_support,admissible_with_gaps,14,never_overextended,none,False,non_long_position_base_action_preserved,,False,False,shadow_only
HIMS,"HIMS & HERS HEALTH, INC.",16.99,R2,30.920000076293945,USD,decision_available,review_now,True,positive,positive,stable_confirmed,positive,,ENTER_REVIEW,positive_confirmed_flat,provisional_unopposed_support,admissible_with_gaps,14,never_overextended,none,False,non_long_position_base_action_preserved,,False,False,shadow_only
HL,HECLA MNG,26.97,R4,17.06999969482422,USD,decision_available,review_now,True,positive,positive,stable_confirmed,positive,,ENTER_REVIEW,positive_confirmed_flat,provisional_unopposed_support,admissible_with_gaps,14,post_overextension_correction,profit_protection_review,False,non_long_position_base_action_preserved,,False,False,shadow_only
HMY,Harmony Gold Mining Company,27.99,R4,16.8799991607666,USD,decision_available,hold_or_no_action,False,conflicted,,blocked_conflict,positive,,NO_ACTION,blocking_raw_state_flat,blocked_conflict,admissible_with_gaps,14,post_overextension_correction,monitor,False,non_long_position_base_action_preserved,,False,False,shadow_only
ICE,"Intercontinental Exchange, Inc.",27.59,R4,156.19000244140625,USD,decision_available,review_now,True,positive,positive,stable_confirmed,positive,,ENTER_REVIEW,positive_confirmed_flat,provisional_same_family_support,admissible_with_gaps,14,post_overextension_correction,monitor,False,non_long_position_base_action_preserved,,False,False,shadow_only
IFX.DE,INFINEON TECH.,17.83,R2,58.900001525878906,EUR,decision_available,hold_or_no_action,False,conflicted,,blocked_conflict,positive,,NO_ACTION,blocking_raw_state_flat,blocked_conflict,admissible_with_gaps,14,post_overextension_correction,none,False,non_long_position_base_action_preserved,,False,False,shadow_only
ILMN,ILLUMINA INC.,29.02,R4,278.1700134277344,USD,decision_available,review_now,True,positive,positive,stable_confirmed,positive,,ENTER_REVIEW,positive_confirmed_flat,provisional_same_family_support,admissible_with_gaps,14,overextended,monitor,False,non_long_position_base_action_preserved,,False,False,shadow_only
INCY,INCYTE CORP,33.92,R5,112.79000091552734,USD,decision_available,review_now,True,positive,positive,stable_confirmed,positive,,ENTER_REVIEW,positive_confirmed_flat,provisional_unopposed_support,admissible_with_gaps,14,post_overextension_correction,profit_protection_review,False,non_long_position_base_action_preserved,,False,False,shadow_only
INGR,INGREDION INC,30.93,R4,95.08999633789062,USD,decision_available,review_now,True,positive,positive,stable_confirmed,positive,,ENTER_REVIEW,positive_confirmed_flat,provisional_same_family_support,admissible_with_gaps,14,never_overextended,none,False,non_long_position_base_action_preserved,,False,False,shadow_only
INOD,Innodata Inc.,16.86,R2,62.040000915527344,USD,decision_available,waiting_confirmation,True,positive,positive,transition_pending,negative,positive,WAIT_CONFIRMATION,directional_transition_not_yet_confirmed,pending_confirmation,admissible_with_gaps,14,never_overextended,none,False,non_long_position_base_action_preserved,,False,False,shadow_only
IREN,IREN LIMITED,15.18,R2,35.189998626708984,USD,decision_available,hold_or_no_action,False,conflicted,,blocked_conflict,positive,,NO_ACTION,blocking_raw_state_flat,blocked_conflict,admissible_with_gaps,14,never_overextended,none,False,non_long_position_base_action_preserved,,False,False,shadow_only
ISRG,INTUITIVE SURGICAL INC,28.26,R4,423.9599914550781,USD,decision_available,review_now,True,positive,positive,stable_confirmed,positive,,ENTER_REVIEW,positive_confirmed_flat,provisional_unopposed_support,admissible_with_gaps,14,never_overextended,none,False,non_long_position_base_action_preserved,,False,False,shadow_only
JD,JD.COM ADR,21.32,R3,27.09000015258789,USD,decision_available,hold_or_no_action,False,conflicted,,blocked_conflict,positive,,NO_ACTION,blocking_raw_state_flat,blocked_conflict,admissible_with_gaps,14,post_overextension_correction,none,False,non_long_position_base_action_preserved,,False,False,shadow_only
JNJ,Johnson & Johnson,36.92,R5,261.44000244140625,USD,decision_available,waiting_confirmation,True,negative,negative,transition_pending,positive,negative,WAIT_CONFIRMATION,directional_transition_not_yet_confirmed,pending_confirmation,admissible_with_gaps,14,post_overextension_correction,none,False,non_long_position_base_action_preserved,,False,False,shadow_only
KEP,KOREA EL. PWR ADR 1/2,28.69,R4,11.029999732971191,USD,decision_available,hold_or_no_action,False,conflicted,,blocked_conflict,positive,,NO_ACTION,blocking_raw_state_flat,blocked_conflict,admissible_with_gaps,14,post_overextension_correction,none,False,non_long_position_base_action_preserved,,False,False,shadow_only
KLAC,KLA Corporation,19.94,R2,195.57000732421875,USD,decision_available,waiting_confirmation,True,negative,negative,transition_pending,positive,negative,WAIT_CONFIRMATION,directional_transition_not_yet_confirmed,pending_confirmation,admissible_with_gaps,14,post_overextension_correction,none,False,non_long_position_base_action_preserved,,False,False,shadow_only
KLAR,KLARNA GROUP PLC,12.86,R1,14.0600004196167,USD,decision_available,hold_or_no_action,False,insufficient_evidence,,blocked_insufficient,,,NO_ACTION,blocking_raw_state_flat,blocked_insufficient,admissible_with_gaps,13,never_overextended,none,False,non_long_position_base_action_preserved,,False,False,shadow_only
KO,Coca-Cola,32.72,R5,88.05000305175781,USD,decision_available,review_now,True,positive,positive,stable_confirmed,positive,,ENTER_REVIEW,positive_confirmed_flat,provisional_unopposed_support,admissible_with_gaps,14,post_overextension_correction,none,False,non_long_position_base_action_preserved,,False,False,shadow_only
LC0A.MU,LUCKIN COFFEE,27.47,R3,29.200000762939453,USD,decision_available,review_now,True,positive,positive,stable_confirmed,positive,,ENTER_REVIEW,positive_confirmed_flat,provisional_same_family_support,admissible_with_gaps,14,post_overextension_correction,none,False,non_long_position_base_action_preserved,,False,False,shadow_only
LGO,LARGO INC,10.53,R1,0.4699999988079071,USD,decision_available,hold_or_no_action,False,insufficient_evidence,,blocked_insufficient,positive,,NO_ACTION,blocking_raw_state_flat,blocked_insufficient,admissible_with_gaps,13,post_overextension_correction,none,False,non_long_position_base_action_preserved,,False,False,shadow_only
LIN,LINDE PLC,26.51,R3,483.7300109863281,USD,decision_available,hold_or_no_action,False,insufficient_evidence,,blocked_insufficient,positive,,NO_ACTION,blocking_raw_state_flat,blocked_insufficient,admissible_with_gaps,13,never_overextended,none,False,non_long_position_base_action_preserved,,False,False,shadow_only
LRCX,Lam Research Corporation,21.7,R3,318.8399963378906,USD,decision_available,review_now,True,positive,positive,stable_confirmed,positive,,ENTER_REVIEW,positive_confirmed_flat,provisional_same_family_support,admissible_with_gaps,14,post_overextension_correction,none,False,non_long_position_base_action_preserved,,False,False,shadow_only
LUMN,LUMEN TECHN.,5.35,R1,5.28000020980835,USD,decision_available,hold_or_no_action,False,conflicted,,blocked_conflict,positive,,NO_ACTION,blocking_raw_state_flat,blocked_conflict,admissible_with_gaps,14,post_overextension_correction,none,False,non_long_position_base_action_preserved,,False,False,shadow_only
MA,MASTERCARD INC,33.56,R5,589.1400146484375,USD,decision_available,hold_or_no_action,False,insufficient_evidence,,blocked_insufficient,positive,,NO_ACTION,blocking_raw_state_flat,blocked_insufficient,admissible_with_gaps,13,post_overextension_correction,none,False,non_long_position_base_action_preserved,,False,False,shadow_only
MBLY,Mobileye Global,3.87,R1,7.099999904632568,USD,decision_available,review_now,True,positive,positive,stable_confirmed,positive,,ENTER_REVIEW,positive_confirmed_flat,provisional_same_family_support,admissible_with_gaps,14,post_overextension_correction,none,False,non_long_position_base_action_preserved,,False,False,shadow_only
MC.PA,LVMH EO,15.37,R2,380.8999938964844,EUR,decision_available,hold_or_no_action,False,insufficient_evidence,,blocked_insufficient,positive,,NO_ACTION,blocking_raw_state_flat,blocked_insufficient,admissible_with_gaps,13,never_overextended,none,False,non_long_position_base_action_preserved,,False,False,shadow_only
MCD,MCDONALD'S CORPORATION,23.39,R3,235.22999572753906,USD,decision_available,review_now,True,positive,positive,stable_confirmed,positive,,ENTER_REVIEW,positive_confirmed_flat,provisional_unopposed_support,admissible_with_gaps,14,never_overextended,none,False,non_long_position_base_action_preserved,,False,False,shadow_only
MELI,MercadoLibre Inc.,27.42,R4,1889.8499755859375,USD,decision_available,review_now,True,positive,positive,stable_confirmed,positive,,ENTER_REVIEW,positive_confirmed_flat,provisional_unopposed_support,admissible_with_gaps,14,post_overextension_correction,none,False,non_long_position_base_action_preserved,,False,False,shadow_only
META,META PLATFORMS INC,32.31,R5,718.6699829101562,USD,decision_available,review_now,True,positive,positive,stable_confirmed,positive,,ENTER_REVIEW,positive_confirmed_flat,provisional_same_family_support,admissible_with_gaps,14,post_overextension_correction,profit_protection_review,False,non_long_position_base_action_preserved,,False,False,shadow_only
MGMA.V,MAGMA SILVER,3.19,R1,0.11999999731779099,CAD,decision_available,review_now,True,positive,positive,stable_confirmed,positive,,ENTER_REVIEW,positive_confirmed_flat,provisional_same_family_support,admissible_with_gaps,14,never_overextended,none,False,non_long_position_base_action_preserved,,False,False,shadow_only
MNSO,MINISO GRP ADS,18.29,R2,9.600000381469727,USD,decision_available,waiting_confirmation,True,positive,positive,transition_pending,negative,positive,WAIT_CONFIRMATION,directional_transition_not_yet_confirmed,pending_confirmation,admissible_with_gaps,14,never_overextended,none,False,non_long_position_base_action_preserved,,False,False,shadow_only
MP,MP MATERIALS CORP.,16.0,R2,46.13999938964844,USD,decision_available,waiting_confirmation,True,negative,negative,transition_pending,positive,negative,WAIT_CONFIRMATION,directional_transition_not_yet_confirmed,pending_confirmation,admissible_with_gaps,14,never_overextended,none,False,non_long_position_base_action_preserved,,False,False,shadow_only
MRNA,Moderna Inc.,25.61,R3,225.0,USD,decision_available,waiting_confirmation,True,negative,negative,transition_pending,positive,negative,WAIT_CONFIRMATION,directional_transition_not_yet_confirmed,pending_confirmation,admissible_with_gaps,14,overextended,monitor,False,non_long_position_base_action_preserved,,False,False,shadow_only
MSFT,MICROSOFT DL,35.69,R5,535.0700073242188,USD,decision_available,review_now,True,positive,positive,stable_confirmed,positive,,ENTER_REVIEW,positive_confirmed_flat,provisional_same_family_support,admissible_with_gaps,14,overextended,monitor,False,non_long_position_base_action_preserved,,False,False,shadow_only
MU,MICRON TECHNOLOGY INC,33.86,R5,1029.0,USD,decision_available,hold_or_no_action,False,conflicted,,blocked_conflict,positive,,NO_ACTION,blocking_raw_state_flat,blocked_conflict,admissible_with_gaps,14,post_overextension_correction,none,False,non_long_position_base_action_preserved,,False,False,shadow_only
NBIS,NEBIUS GROUP N.V.,23.08,R3,221.07000732421875,USD,decision_available,hold_or_no_action,True,insufficient_evidence,,blocked_insufficient,positive,,NO_ACTION,blocking_raw_state_flat,blocked_insufficient,admissible_with_gaps,13,post_overextension_correction,profit_protection_review,False,non_long_position_base_action_preserved,,False,False,shadow_only
NDA.DE,AURUBIS AG,23.22,R3,154.8000030517578,EUR,decision_available,review_now,True,positive,positive,stable_confirmed,positive,,ENTER_REVIEW,positive_confirmed_flat,provisional_same_family_support,admissible_with_gaps,14,post_overextension_correction,none,False,non_long_position_base_action_preserved,,False,False,shadow_only
NEE,"NextEra Energy, Inc.",24.05,R3,77.37999725341797,USD,decision_available,review_now,True,positive,positive,stable_confirmed,positive,,ENTER_REVIEW,positive_confirmed_flat,provisional_same_family_support,admissible_with_gaps,14,post_overextension_correction,none,False,non_long_position_base_action_preserved,,False,False,shadow_only
NEM.AX,NEWMONT CORP.,34.19,R5,167.72000122070312,AUD,decision_available,waiting_confirmation,True,negative,negative,transition_pending,positive,negative,WAIT_CONFIRMATION,directional_transition_not_yet_confirmed,pending_confirmation,admissible_with_gaps,14,overextended,monitor,False,non_long_position_base_action_preserved,,False,False,shadow_only
NESN.SW,NESTLE NAM.,23.76,R3,76.0,,decision_available,hold_or_no_action,False,insufficient_evidence,,blocked_insufficient,positive,,NO_ACTION,blocking_raw_state_flat,blocked_insufficient,admissible_with_gaps,13,never_overextended,none,False,non_long_position_base_action_preserved,,False,False,shadow_only
NFLX,NETFLIX INC.,24.85,R3,70.30000305175781,USD,decision_available,review_now,True,positive,positive,stable_confirmed,positive,,ENTER_REVIEW,positive_confirmed_flat,provisional_unopposed_support,admissible_with_gaps,14,post_overextension_correction,none,False,non_long_position_base_action_preserved,,False,False,shadow_only
NIO,NIO Inc.,15.96,R2,3.5799999237060547,USD,decision_available,waiting_confirmation,True,positive,positive,transition_pending,negative,positive,WAIT_CONFIRMATION,directional_transition_not_yet_confirmed,pending_confirmation,admissible_with_gaps,14,never_overextended,none,False,non_long_position_base_action_preserved,,False,False,shadow_only
NKE,NIKE INC. B,15.33,R2,34.709999084472656,USD,decision_available,review_now,True,positive,positive,stable_confirmed,positive,,ENTER_REVIEW,positive_confirmed_flat,provisional_same_family_support,admissible_with_gaps,14,never_overextended,none,False,non_long_position_base_action_preserved,,False,False,shadow_only
NOVO-B.CO,NOVO-NORDISK,17.33,R2,249.89999389648438,DKK,decision_available,waiting_confirmation,True,negative,negative,transition_pending,positive,negative,WAIT_CONFIRMATION,directional_transition_not_yet_confirmed,pending_confirmation,admissible_with_gaps,14,post_overextension_correction,none,False,non_long_position_base_action_preserved,,False,False,shadow_only
NOW,SERVICENOW INC.,24.67,R3,140.86000061035156,USD,decision_available,hold_or_no_action,True,insufficient_evidence,,blocked_insufficient,positive,,NO_ACTION,blocking_raw_state_flat,blocked_insufficient,admissible_with_gaps,13,overextended,monitor,False,non_long_position_base_action_preserved,,False,False,shadow_only
NPN.JO,NASPERS LIMITED CLASS N,20.46,R2,70177.0,ZAc,decision_available,review_now,True,positive,positive,stable_confirmed,positive,,ENTER_REVIEW,positive_confirmed_flat,provisional_same_family_support,admissible_with_gaps,14,never_overextended,none,False,non_long_position_base_action_preserved,,False,False,shadow_only
NRDS,NERDWALLET INC,21.76,R3,9.739999771118164,USD,decision_available,review_now,True,positive,positive,stable_confirmed,positive,,ENTER_REVIEW,positive_confirmed_flat,provisional_unopposed_support,admissible_with_gaps,14,post_overextension_correction,none,False,non_long_position_base_action_preserved,,False,False,shadow_only
NVDA,NVIDIA CORP.,38.47,R5,229.27999877929688,USD,decision_available,review_now,True,positive,positive,stable_confirmed,positive,,ENTER_REVIEW,positive_confirmed_flat,provisional_same_family_support,admissible_with_gaps,14,post_overextension_correction,profit_protection_review,False,non_long_position_base_action_preserved,,False,False,shadow_only
NXP,NXP SEMICONDUCTORS NV,22.63,R3,13.119999885559082,USD,decision_available,hold_or_no_action,False,insufficient_evidence,,blocked_insufficient,positive,,NO_ACTION,blocking_raw_state_flat,blocked_insufficient,admissible_with_gaps,13,never_overextended,none,False,non_long_position_base_action_preserved,,False,False,shadow_only
OCGN,"Ocugen, Inc.",11.69,R1,0.9559999704360962,USD,decision_available,review_now,True,positive,positive,stable_confirmed,positive,,ENTER_REVIEW,positive_confirmed_flat,provisional_same_family_support,admissible_with_gaps,14,never_overextended,none,False,non_long_position_base_action_preserved,,False,False,shadow_only
OGN,ORGANON + CO.,19.02,R2,13.8100004196167,USD,decision_available,hold_or_no_action,False,conflicted,,blocked_conflict,positive,,NO_ACTION,blocking_raw_state_flat,blocked_conflict,admissible_with_gaps,14,post_overextension_correction,none,False,non_long_position_base_action_preserved,,False,False,shadow_only
ON,ON SEMICOND.,10.63,R1,77.52999877929688,USD,decision_available,review_now,True,positive,positive,stable_confirmed,positive,,ENTER_REVIEW,positive_confirmed_flat,provisional_same_family_support,admissible_with_gaps,14,post_overextension_correction,none,False,non_long_position_base_action_preserved,,False,False,shadow_only
ORCL,ORACLE CORP,24.37,R3,141.39999389648438,USD,decision_available,waiting_confirmation,True,positive,positive,bootstrap_pending,,positive,WAIT_CONFIRMATION,directional_transition_not_yet_confirmed,pending_confirmation,admissible_with_gaps,14,post_overextension_correction,none,False,non_long_position_base_action_preserved,,False,False,shadow_only
OXY,OCCIDENTAL PET.,19.02,R2,60.11000061035156,USD,decision_available,review_now,True,positive,positive,stable_confirmed,positive,,ENTER_REVIEW,positive_confirmed_flat,provisional_same_family_support,admissible_with_gaps,14,post_overextension_correction,profit_protection_review,False,non_long_position_base_action_preserved,,False,False,shadow_only
PAAS.TO,PAN AMER. SILVER,26.45,R3,66.05000305175781,CAD,decision_available,review_now,True,positive,positive,stable_confirmed,positive,,ENTER_REVIEW,positive_confirmed_flat,provisional_unopposed_support,admissible_with_gaps,14,post_overextension_correction,none,False,non_long_position_base_action_preserved,,False,False,shadow_only
PATH,"UIPATH, INC.",22.37,R3,13.479999542236328,USD,decision_available,review_now,True,positive,positive,stable_confirmed,positive,,ENTER_REVIEW,positive_confirmed_flat,provisional_unopposed_support,admissible_with_gaps,14,post_overextension_correction,monitor,False,non_long_position_base_action_preserved,,False,False,shadow_only
PEP,PepsiCo,27.42,R4,125.97000122070312,USD,decision_available,hold_or_no_action,False,insufficient_evidence,,blocked_insufficient,positive,,NO_ACTION,blocking_raw_state_flat,blocked_insufficient,admissible_with_gaps,13,post_overextension_correction,none,False,non_long_position_base_action_preserved,,False,False,shadow_only
PFE,PFIZER INC.,26.84,R3,28.280000686645508,USD,decision_available,hold_or_no_action,False,conflicted,,blocked_conflict,positive,,NO_ACTION,blocking_raw_state_flat,blocked_conflict,admissible_with_gaps,14,post_overextension_correction,monitor,False,non_long_position_base_action_preserved,,False,False,shadow_only
PG,Procter & Gamble,29.26,R4,151.22999572753906,USD,decision_available,waiting_confirmation,True,positive,positive,transition_pending,negative,positive,WAIT_CONFIRMATION,directional_transition_not_yet_confirmed,pending_confirmation,admissible_with_gaps,14,never_overextended,none,False,non_long_position_base_action_preserved,,False,False,shadow_only
PGY,Pagaya Technologies Ltd.,13.73,R1,18.219999313354492,USD,decision_available,hold_or_no_action,False,insufficient_evidence,,blocked_insufficient,positive,,NO_ACTION,blocking_raw_state_flat,blocked_insufficient,admissible_with_gaps,13,post_overextension_correction,monitor,False,non_long_position_base_action_preserved,,False,False,shadow_only
PKX,POSCO HOL.ADR,26.06,R3,57.47999954223633,USD,decision_available,review_now,True,positive,positive,stable_confirmed,positive,,ENTER_REVIEW,positive_confirmed_flat,provisional_same_family_support,admissible_with_gaps,14,post_overextension_correction,none,False,non_long_position_base_action_preserved,,False,False,shadow_only
PL,Planet Labs PBC,11.66,R1,17.18000030517578,USD,decision_available,hold_or_no_action,False,conflicted,,blocked_conflict,positive,,NO_ACTION,blocking_raw_state_flat,blocked_conflict,admissible_with_gaps,14,post_overextension_correction,none,False,non_long_position_base_action_preserved,,False,False,shadow_only
PLTR,PALANTIR TECHN.,34.82,R5,209.0500030517578,USD,decision_available,hold_or_no_action,True,insufficient_evidence,,blocked_insufficient,positive,,NO_ACTION,blocking_raw_state_flat,blocked_insufficient,admissible_with_gaps,13,overextended,monitor,False,non_long_position_base_action_preserved,,False,False,shadow_only
PM,PHILIP MORRIS INTERNATIONAL INC,29.18,R4,201.19000244140625,USD,decision_available,hold_or_no_action,False,insufficient_evidence,,blocked_insufficient,positive,,NO_ACTION,blocking_raw_state_flat,blocked_insufficient,admissible_with_gaps,13,post_overextension_correction,none,False,non_long_position_base_action_preserved,,False,False,shadow_only
PPTA,Perpetua Resources,12.56,R1,20.639999389648438,USD,decision_available,hold_or_no_action,False,insufficient_evidence,,blocked_insufficient,positive,,NO_ACTION,blocking_raw_state_flat,blocked_insufficient,admissible_with_gaps,13,post_overextension_correction,none,False,non_long_position_base_action_preserved,,False,False,shadow_only
PYPL,PAYPAL HDGS,24.08,R3,55.529998779296875,USD,decision_available,review_now,True,positive,positive,stable_confirmed,positive,,ENTER_REVIEW,positive_confirmed_flat,provisional_unopposed_support,admissible_with_gaps,14,post_overextension_correction,monitor,False,non_long_position_base_action_preserved,,False,False,shadow_only
QBTS,D-Wave Quantum Inc.,12.44,R1,14.569999694824219,USD,decision_available,hold_or_no_action,False,conflicted,,blocked_conflict,negative,,NO_ACTION,blocking_raw_state_flat,blocked_conflict,admissible_with_gaps,14,post_overextension_correction,none,False,non_long_position_base_action_preserved,,False,False,shadow_only
QS,QUANTUMSCAPE A,4.75,R1,4.579999923706055,USD,decision_available,hold_or_no_action,False,insufficient_evidence,,blocked_insufficient,positive,,NO_ACTION,blocking_raw_state_flat,blocked_insufficient,admissible_with_gaps,13,post_overextension_correction,none,False,non_long_position_base_action_preserved,,False,False,shadow_only
RACE,Ferrari N.V.,26.43,R3,389.9100036621094,USD,decision_available,hold_or_no_action,False,insufficient_evidence,,blocked_insufficient,positive,,NO_ACTION,blocking_raw_state_flat,blocked_insufficient,admissible_with_gaps,13,post_overextension_correction,monitor,False,non_long_position_base_action_preserved,,False,False,shadow_only
RCAT,Red Cat Holdings,10.55,R1,5.769999980926514,USD,decision_available,hold_or_no_action,False,conflicted,,blocked_conflict,negative,,NO_ACTION,blocking_raw_state_flat,blocked_conflict,admissible_with_gaps,14,post_overextension_correction,none,False,non_long_position_base_action_preserved,,False,False,shadow_only
RGTI,"Rigetti Computing, Inc.",13.5,R1,14.029999732971191,USD,decision_available,waiting_confirmation,True,positive,positive,transition_pending,negative,positive,WAIT_CONFIRMATION,directional_transition_not_yet_confirmed,pending_confirmation,admissible_with_gaps,14,post_overextension_correction,none,False,non_long_position_base_action_preserved,,False,False,shadow_only
RHM.DE,Rheinmetall AG,30.95,R4,934.9000244140625,EUR,decision_available,hold_or_no_action,False,insufficient_evidence,,blocked_insufficient,positive,,NO_ACTION,blocking_raw_state_flat,blocked_insufficient,admissible_with_gaps,13,never_overextended,none,False,non_long_position_base_action_preserved,,False,False,shadow_only
RI.PA,PERNOD RICARD,18.22,R2,61.099998474121094,EUR,decision_available,review_now,True,positive,positive,stable_confirmed,positive,,ENTER_REVIEW,positive_confirmed_flat,provisional_same_family_support,admissible_with_gaps,14,never_overextended,none,False,non_long_position_base_action_preserved,,False,False,shadow_only
RIGD.IL,RELIANCE INDS,19.12,R2,48.54999923706055,USD,decision_available,review_now,True,positive,positive,stable_confirmed,positive,,ENTER_REVIEW,positive_confirmed_flat,provisional_same_family_support,admissible_with_gaps,14,never_overextended,none,False,non_long_position_base_action_preserved,,False,False,shadow_only
RKLB,"Rocket Lab USA, Inc.",15.46,R2,68.20999908447266,USD,decision_available,hold_or_no_action,False,insufficient_evidence,,blocked_insufficient,positive,,NO_ACTION,blocking_raw_state_flat,blocked_insufficient,admissible_with_gaps,13,post_overextension_correction,none,False,non_long_position_base_action_preserved,,False,False,shadow_only
ROK,ROCKWELL AU.,28.77,R4,432.5899963378906,USD,decision_available,hold_or_no_action,False,conflicted,,blocked_conflict,positive,,NO_ACTION,blocking_raw_state_flat,blocked_conflict,admissible_with_gaps,14,post_overextension_correction,none,False,non_long_position_base_action_preserved,,False,False,shadow_only
ROL,"ROLLINS, INC.",17.9,R2,31.979999542236328,USD,decision_available,review_now,True,positive,positive,stable_confirmed,positive,,ENTER_REVIEW,positive_confirmed_flat,provisional_unopposed_support,admissible_with_gaps,14,never_overextended,none,False,non_long_position_base_action_preserved,,False,False,shadow_only
RR.L,ROLLS-ROYCE HOLDINGS PLC,26.05,R3,1367.0,GBp,decision_available,review_now,True,positive,positive,stable_confirmed,positive,,ENTER_REVIEW,positive_confirmed_flat,provisional_same_family_support,admissible_with_gaps,14,never_overextended,none,False,non_long_position_base_action_preserved,,False,False,shadow_only
SAP.DE,SAP SE O.N.,25.01,R3,184.6199951171875,EUR,decision_available,hold_or_no_action,True,insufficient_evidence,,blocked_insufficient,positive,,NO_ACTION,blocking_raw_state_flat,blocked_insufficient,admissible_with_gaps,13,overextended,monitor,False,non_long_position_base_action_preserved,,False,False,shadow_only
SE,SEA LIMITED,18.25,R2,95.25,USD,decision_available,review_now,True,positive,positive,stable_confirmed,positive,,ENTER_REVIEW,positive_confirmed_flat,provisional_same_family_support,admissible_with_gaps,14,post_overextension_correction,none,False,non_long_position_base_action_preserved,,False,False,shadow_only
SGL.DE,SGL Carbon SE,25.74,R3,5.349999904632568,EUR,decision_available,waiting_confirmation,True,positive,positive,bootstrap_pending,,positive,WAIT_CONFIRMATION,directional_transition_not_yet_confirmed,pending_confirmation,admissible_with_gaps,14,overextended,monitor,False,non_long_position_base_action_preserved,,False,False,shadow_only
SGM.AX,Sims Limited,21.39,R3,22.1299991607666,AUD,decision_available,review_now,True,positive,positive,stable_confirmed,positive,,ENTER_REVIEW,positive_confirmed_flat,provisional_same_family_support,admissible_with_gaps,14,post_overextension_correction,none,False,non_long_position_base_action_preserved,,False,False,shadow_only
SHOP,SHOPIFY INC.,25.72,R3,170.85000610351562,USD,decision_available,hold_or_no_action,True,insufficient_evidence,,blocked_insufficient,positive,,NO_ACTION,blocking_raw_state_flat,blocked_insufficient,admissible_with_gaps,13,overextended,monitor,False,non_long_position_base_action_preserved,,False,False,shadow_only
SLVR.TO,SILVER TIGER,12.44,R1,0.8500000238418579,CAD,decision_available,hold_or_no_action,False,insufficient_evidence,,blocked_insufficient,,,NO_ACTION,blocking_raw_state_flat,blocked_insufficient,admissible_with_gaps,13,never_overextended,none,False,non_long_position_base_action_preserved,,False,False,shadow_only
SMX,SMX (Security Matters) Public,0.0,R0,3.7899999618530273,USD,decision_available,review_now,True,positive,positive,stable_confirmed,positive,,ENTER_REVIEW,positive_confirmed_flat,provisional_same_family_support,admissible_with_gaps,14,post_overextension_correction,none,False,non_long_position_base_action_preserved,,False,False,shadow_only
SN.L,SMITH + NEP. DL,22.28,R3,1003.5,GBp,decision_available,hold_or_no_action,False,conflicted,,blocked_conflict,negative,,NO_ACTION,blocking_raw_state_flat,blocked_conflict,admissible_with_gaps,14,never_overextended,none,False,non_long_position_base_action_preserved,,False,False,shadow_only
SNN,SMITH & NEPHEW PLC,22.07,R3,27.239999771118164,USD,decision_available,waiting_confirmation,True,negative,negative,transition_pending,positive,negative,WAIT_CONFIRMATION,directional_transition_not_yet_confirmed,pending_confirmation,admissible_with_gaps,14,never_overextended,none,False,non_long_position_base_action_preserved,,False,False,shadow_only
SNOW,SNOWFLAKE INC. A,19.17,R2,368.8900146484375,USD,decision_available,waiting_confirmation,True,negative,negative,transition_pending,positive,negative,WAIT_CONFIRMATION,directional_transition_not_yet_confirmed,pending_confirmation,admissible_with_gaps,14,overextended,monitor,False,non_long_position_base_action_preserved,,False,False,shadow_only
SOLB.BR,SOLVAY S.A. A,18.48,R2,24.799999237060547,EUR,decision_available,hold_or_no_action,False,conflicted,,blocked_conflict,positive,,NO_ACTION,blocking_raw_state_flat,blocked_conflict,admissible_with_gaps,14,never_overextended,none,False,non_long_position_base_action_preserved,,False,False,shadow_only
SPCX,SPACE EXPLORATION TECHNOLOGIES CORP.,21.94,R3,162.57000732421875,USD,decision_available,hold_or_no_action,True,insufficient_evidence,,blocked_insufficient,,,NO_ACTION,blocking_raw_state_flat,blocked_insufficient,admissible_with_gaps,13,overextended,monitor,False,non_long_position_base_action_preserved,,False,False,shadow_only
SPOT,SPOTIFY TECH.,24.89,R3,529.1400146484375,USD,decision_available,review_now,True,positive,positive,stable_confirmed,positive,,ENTER_REVIEW,positive_confirmed_flat,provisional_unopposed_support,admissible_with_gaps,14,post_overextension_correction,none,False,non_long_position_base_action_preserved,,False,False,shadow_only
STLA,Stellantis N.V.,3.11,R1,4.480000019073486,USD,decision_available,waiting_confirmation,True,negative,negative,transition_pending,positive,negative,WAIT_CONFIRMATION,directional_transition_not_yet_confirmed,pending_confirmation,admissible_with_gaps,14,never_overextended,none,False,non_long_position_base_action_preserved,,False,False,shadow_only
SU.PA,Schneider Electric S.E.,24.96,R3,261.1000061035156,EUR,decision_available,review_now,True,positive,positive,stable_confirmed,positive,,ENTER_REVIEW,positive_confirmed_flat,provisional_same_family_support,admissible_with_gaps,14,post_overextension_correction,none,False,non_long_position_base_action_preserved,,False,False,shadow_only
SYK,STRYKER CORP,21.83,R3,277.3299865722656,USD,decision_available,hold_or_no_action,False,conflicted,,blocked_conflict,positive,,NO_ACTION,blocking_raw_state_flat,blocked_conflict,admissible_with_gaps,14,post_overextension_correction,none,False,non_long_position_base_action_preserved,,False,False,shadow_only
SYM,Symbotic Inc.,16.57,R2,42.630001068115234,USD,decision_available,review_now,True,positive,positive,stable_confirmed,positive,,ENTER_REVIEW,positive_confirmed_flat,provisional_same_family_support,admissible_with_gaps,14,never_overextended,none,False,non_long_position_base_action_preserved,,False,False,shadow_only
TE,T1 ENERGY INC.,10.39,R1,3.390000104904175,USD,decision_available,hold_or_no_action,False,conflicted,,blocked_conflict,negative,,NO_ACTION,blocking_raw_state_flat,blocked_conflict,admissible_with_gaps,14,never_overextended,none,False,non_long_position_base_action_preserved,,False,False,shadow_only
TEAM,ATLASSIAN CORP.,23.84,R3,206.7899932861328,USD,decision_available,waiting_confirmation,True,negative,negative,transition_pending,positive,negative,WAIT_CONFIRMATION,directional_transition_not_yet_confirmed,pending_confirmation,admissible_with_gaps,14,overextended,monitor,False,non_long_position_base_action_preserved,,False,False,shadow_only
TEM,Tempus AI,18.2,R2,70.93000030517578,USD,decision_available,review_now,True,positive,positive,stable_confirmed,positive,,ENTER_REVIEW,positive_confirmed_flat,provisional_same_family_support,admissible_with_gaps,14,overextension_with_momentum_loss,profit_protection_review,False,non_long_position_base_action_preserved,,False,False,shadow_only
TER,TERADYNE INC.,32.44,R5,402.67999267578125,USD,decision_available,review_now,True,positive,positive,stable_confirmed,positive,,ENTER_REVIEW,positive_confirmed_flat,provisional_same_family_support,admissible_with_gaps,14,post_overextension_correction,profit_protection_review,False,non_long_position_base_action_preserved,,False,False,shadow_only
TME,TENCENT MUSIC ENTERTAINMENT GROUP,22.19,R3,8.380000114440918,USD,decision_available,review_now,True,positive,positive,stable_confirmed,positive,,ENTER_REVIEW,positive_confirmed_flat,provisional_unopposed_support,admissible_with_gaps,14,never_overextended,none,False,non_long_position_base_action_preserved,,False,False,shadow_only
TOM.OL,Tomra Systems ASA,19.18,R2,88.8499984741211,NOK,decision_available,hold_or_no_action,False,conflicted,,blocked_conflict,positive,,NO_ACTION,blocking_raw_state_flat,blocked_conflict,admissible_with_gaps,14,never_overextended,none,False,non_long_position_base_action_preserved,,False,False,shadow_only
TSLA,Tesla,18.48,R2,382.70001220703125,USD,decision_available,review_now,True,positive,positive,stable_confirmed,positive,,ENTER_REVIEW,positive_confirmed_flat,provisional_unopposed_support,admissible_with_gaps,14,never_overextended,none,False,non_long_position_base_action_preserved,,False,False,shadow_only
TSMN.MX,TAIWAN SEMICON.MANU.ADR/5,34.04,R5,8301.1796875,MXN,decision_available,hold_or_no_action,False,insufficient_evidence,,blocked_insufficient,positive,,NO_ACTION,blocking_raw_state_flat,blocked_insufficient,admissible_with_gaps,13,post_overextension_correction,none,False,non_long_position_base_action_preserved,,False,False,shadow_only
TTAN,ServiceTitan,12.66,R1,72.58999633789062,USD,decision_available,waiting_confirmation,True,positive,positive,transition_pending,negative,positive,WAIT_CONFIRMATION,directional_transition_not_yet_confirmed,pending_confirmation,admissible_with_gaps,14,post_overextension_correction,none,False,non_long_position_base_action_preserved,,False,False,shadow_only
TTD,"THE TRADE DESK, INC.",13.26,R1,12.079999923706055,USD,decision_available,hold_or_no_action,False,conflicted,,blocked_conflict,positive,,NO_ACTION,blocking_raw_state_flat,blocked_conflict,admissible_with_gaps,14,never_overextended,none,False,non_long_position_base_action_preserved,,False,False,shadow_only
TTK.DE,TAKKT AG,14.49,R2,3.0,EUR,decision_available,review_now,True,positive,positive,stable_confirmed,positive,,ENTER_REVIEW,positive_confirmed_flat,provisional_same_family_support,admissible_with_gaps,14,overextension_with_momentum_loss,profit_protection_review,False,non_long_position_base_action_preserved,,False,False,shadow_only
UAA,UNDER ARMOUR,5.05,R1,4.929999828338623,USD,decision_available,review_now,True,positive,positive,stable_confirmed,positive,,ENTER_REVIEW,positive_confirmed_flat,provisional_unopposed_support,admissible_with_gaps,14,post_overextension_correction,none,False,non_long_position_base_action_preserved,,False,False,shadow_only
UBER,UBER TECH. DL,24.66,R3,71.51000213623047,USD,decision_available,hold_or_no_action,False,insufficient_evidence,,blocked_insufficient,positive,,NO_ACTION,blocking_raw_state_flat,blocked_insufficient,admissible_with_gaps,13,never_overextended,none,False,non_long_position_base_action_preserved,,False,False,shadow_only
UEC,URANIUM ENERGY CORP,8.92,R1,9.1899995803833,USD,decision_available,waiting_confirmation,True,positive,positive,transition_pending,negative,positive,WAIT_CONFIRMATION,directional_transition_not_yet_confirmed,pending_confirmation,admissible_with_gaps,14,post_overextension_correction,none,False,non_long_position_base_action_preserved,,False,False,shadow_only
UMI.BR,UMICORE,22.35,R3,20.559999465942383,EUR,decision_available,review_now,True,positive,positive,stable_confirmed,positive,,ENTER_REVIEW,positive_confirmed_flat,provisional_same_family_support,admissible_with_gaps,14,post_overextension_correction,none,False,non_long_position_base_action_preserved,,False,False,shadow_only
UNH,UNITEDHEALTH,20.31,R2,379.29998779296875,USD,decision_available,hold_or_no_action,False,conflicted,,blocked_conflict,positive,,NO_ACTION,blocking_raw_state_flat,blocked_conflict,admissible_with_gaps,14,post_overextension_correction,none,False,non_long_position_base_action_preserved,,False,False,shadow_only
USAR,"USA RARE EARTH, INC.",11.48,R1,12.5600004196167,USD,decision_available,waiting_confirmation,True,positive,positive,transition_pending,negative,positive,WAIT_CONFIRMATION,directional_transition_not_yet_confirmed,pending_confirmation,admissible_with_gaps,14,never_overextended,none,False,non_long_position_base_action_preserved,,False,False,shadow_only
UUUU,Energy Fuels Inc.,12.27,R1,9.960000038146973,USD,decision_available,review_now,True,positive,positive,stable_confirmed,positive,,ENTER_REVIEW,positive_confirmed_flat,provisional_same_family_support,admissible_with_gaps,14,never_overextended,none,False,non_long_position_base_action_preserved,,False,False,shadow_only
V,Visa Inc.,29.77,R4,385.45001220703125,USD,decision_available,hold_or_no_action,False,insufficient_evidence,,blocked_insufficient,positive,,NO_ACTION,blocking_raw_state_flat,blocked_insufficient,admissible_with_gaps,13,post_overextension_correction,none,False,non_long_position_base_action_preserved,,False,False,shadow_only
VALE,VALE SA,28.11,R4,13.619999885559082,USD,decision_available,review_now,True,positive,positive,stable_confirmed,positive,,ENTER_REVIEW,positive_confirmed_flat,provisional_same_family_support,admissible_with_gaps,14,post_overextension_correction,none,False,non_long_position_base_action_preserved,,False,False,shadow_only
VALE3.SA,VALE S.A.,29.16,R4,67.63999938964844,BRL,decision_available,hold_or_no_action,False,insufficient_evidence,,blocked_insufficient,,,NO_ACTION,blocking_raw_state_flat,blocked_insufficient,admissible_with_gaps,13,never_overextended,none,False,non_long_position_base_action_preserved,,False,False,shadow_only
VOW3.DE,Volkswagen AG Vz.,16.92,R2,66.5999984741211,EUR,decision_available,review_now,True,positive,positive,stable_confirmed,positive,,ENTER_REVIEW,positive_confirmed_flat,provisional_unopposed_support,admissible_with_gaps,14,never_overextended,none,False,non_long_position_base_action_preserved,,False,False,shadow_only
VZLA.TO,VIZSLA SILVER,12.14,R1,5.070000171661377,CAD,decision_available,waiting_confirmation,True,negative,negative,transition_pending,positive,negative,WAIT_CONFIRMATION,directional_transition_not_yet_confirmed,pending_confirmation,admissible_with_gaps,14,post_overextension_correction,monitor,False,non_long_position_base_action_preserved,,False,False,shadow_only
WDAY,"WORKDAY, INC.",25.1,R3,186.58999633789062,USD,decision_available,hold_or_no_action,True,conflicted,,blocked_conflict,positive,,NO_ACTION,blocking_raw_state_flat,blocked_conflict,admissible_with_gaps,14,overextended,monitor,False,non_long_position_base_action_preserved,,False,False,shadow_only
WM,"WASTE MANAGEMENT, INC.",24.94,R3,208.8300018310547,USD,decision_available,review_now,True,positive,positive,stable_confirmed,positive,,ENTER_REVIEW,positive_confirmed_flat,provisional_same_family_support,admissible_with_gaps,14,never_overextended,none,False,non_long_position_base_action_preserved,,False,False,shadow_only
WPM.TO,WHEATON PREC.,43.14,R5,197.66000366210938,CAD,decision_available,hold_or_no_action,True,insufficient_evidence,,blocked_insufficient,positive,,NO_ACTION,blocking_raw_state_flat,blocked_insufficient,admissible_with_gaps,13,overextended,monitor,False,non_long_position_base_action_preserved,,False,False,shadow_only
WYFI,"WHITEFIBER, INC.",10.7,R1,15.6899995803833,USD,decision_available,hold_or_no_action,False,conflicted,,blocked_conflict,positive,,NO_ACTION,blocking_raw_state_flat,blocked_conflict,admissible_with_gaps,14,never_overextended,none,False,non_long_position_base_action_preserved,,False,False,shadow_only
XOM,EXXON MOBIL CORP,27.38,R4,168.94000244140625,USD,decision_available,hold_or_no_action,False,conflicted,,blocked_conflict,positive,,NO_ACTION,blocking_raw_state_flat,blocked_conflict,admissible_with_gaps,14,post_overextension_correction,monitor,False,non_long_position_base_action_preserved,,False,False,shadow_only
XPEV,XPeng Inc.,14.52,R2,9.899999618530273,USD,decision_available,review_now,True,positive,positive,stable_confirmed,positive,,ENTER_REVIEW,positive_confirmed_flat,provisional_same_family_support,admissible_with_gaps,14,never_overextended,none,False,non_long_position_base_action_preserved,,False,False,shadow_only
XSDG.F,SAMSUNG SDI,16.35,R2,91.0,EUR,decision_available,review_now,True,positive,positive,stable_confirmed,positive,,ENTER_REVIEW,positive_confirmed_flat,provisional_unopposed_support,admissible_with_gaps,14,overextended,monitor,False,non_long_position_base_action_preserved,,False,False,shadow_only
XYZ,BLOCK INC. A,21.26,R2,77.23999786376953,USD,decision_available,waiting_confirmation,True,negative,negative,transition_pending,positive,negative,WAIT_CONFIRMATION,directional_transition_not_yet_confirmed,pending_confirmation,admissible_with_gaps,14,post_overextension_correction,none,False,non_long_position_base_action_preserved,,False,False,shadow_only
YASKY,YASKAWA EL. CORP.,12.98,R1,62.79999923706055,USD,decision_available,hold_or_no_action,False,insufficient_evidence,,blocked_insufficient,positive,,NO_ACTION,blocking_raw_state_flat,blocked_insufficient,admissible_with_gaps,13,post_overextension_correction,none,False,non_long_position_base_action_preserved,,False,False,shadow_only
YCA.L,YELLOW CAKE PLC,16.31,R2,536.0,GBp,decision_available,waiting_confirmation,True,negative,negative,transition_pending,positive,negative,WAIT_CONFIRMATION,directional_transition_not_yet_confirmed,pending_confirmation,admissible_with_gaps,14,post_overextension_correction,none,False,non_long_position_base_action_preserved,,False,False,shadow_only
ZETA,ZETA GLOBAL,20.54,R2,33.09000015258789,USD,decision_available,waiting_confirmation,True,positive,positive,bootstrap_pending,,positive,WAIT_CONFIRMATION,directional_transition_not_yet_confirmed,pending_confirmation,admissible_with_gaps,14,overextension_with_momentum_loss,profit_protection_review,False,non_long_position_base_action_preserved,,False,False,shadow_only
