asset_id,symbol,YahooSymbol,Zyklus %,cycle,cycle_quality,cycle_source
1810.HK,1810.HK,1810.HK,100.0,100.0,VALID,LEGACY_ZYKLUS_PCT
6503.T,6503.T,6503.T,100.0,100.0,VALID,LEGACY_ZYKLUS_PCT
6861.T,6861.T,6861.T,38.5,38.5,VALID,LEGACY_ZYKLUS_PCT
9880.HK,9880.HK,9880.HK,14.4,14.4,VALID,LEGACY_ZYKLUS_PCT
ABBN.SW,ABBN.SW,ABBN.SW,82.3,82.3,VALID,LEGACY_ZYKLUS_PCT
ABT,ABT,ABT,80.8,80.8,VALID,LEGACY_ZYKLUS_PCT
AUTO.OL,AUTO.OL,AUTO.OL,43.6,43.6,VALID,LEGACY_ZYKLUS_PCT
CGNX,CGNX,CGNX,94.1,94.1,VALID,LEGACY_ZYKLUS_PCT
FANUY,FANUY,FANUY,60.4,60.4,VALID,LEGACY_ZYKLUS_PCT
GMED,GMED,GMED,24.1,24.1,VALID,LEGACY_ZYKLUS_PCT
ISRG,ISRG,ISRG,47.5,47.5,VALID,LEGACY_ZYKLUS_PCT
ROK,ROK,ROK,18.2,18.2,VALID,LEGACY_ZYKLUS_PCT
SN.L,SN.L,SN.L,87.2,87.2,VALID,LEGACY_ZYKLUS_PCT
SNN,SNN,SNN,100.0,100.0,VALID,LEGACY_ZYKLUS_PCT
SYK,SYK,SYK,47.5,47.5,VALID,LEGACY_ZYKLUS_PCT
SYM,SYM,SYM,,,MISSING_SOURCE,NONE
TER,TER,TER,86.1,86.1,VALID,LEGACY_ZYKLUS_PCT
YASKY,YASKY,YASKY,68.1,68.1,VALID,LEGACY_ZYKLUS_PCT
000660.KS,000660.KS,000660.KS,,,MISSING_SOURCE,NONE
005930.KS,005930.KS,005930.KS,,,MISSING_SOURCE,NONE
0700.HK,0700.HK,0700.HK,13.1,13.1,VALID,LEGACY_ZYKLUS_PCT
8035.T,8035.T,8035.T,,,MISSING_SOURCE,NONE
9888.HK,9888.HK,9888.HK,,,MISSING_SOURCE,NONE
9988.HK,9988.HK,9988.HK,,,MISSING_SOURCE,NONE
AMAT,AMAT,AMAT,,,MISSING_SOURCE,NONE
AMKR,AMKR,AMKR,,,MISSING_SOURCE,NONE
AMZN,AMZN,AMZN,1.3,1.3,VALID,LEGACY_ZYKLUS_PCT
APLD,APLD,APLD,50.9,50.9,VALID,LEGACY_ZYKLUS_PCT
ASML,ASML,ASML,35.5,35.5,VALID,LEGACY_ZYKLUS_PCT
ASX,ASX,ASX,,,MISSING_SOURCE,NONE
BIDU,BIDU,BIDU,26.0,26.0,VALID,LEGACY_ZYKLUS_PCT
DVLT,DVLT,DVLT,71.3,71.3,VALID,LEGACY_ZYKLUS_PCT
GOOGL,GOOGL,GOOGL,4.9,4.9,VALID,LEGACY_ZYKLUS_PCT
IFX.DE,IFX.DE,IFX.DE,40.9,40.9,VALID,LEGACY_ZYKLUS_PCT
JD,JD,JD,39.2,39.2,VALID,LEGACY_ZYKLUS_PCT
KLAC,KLAC,KLAC,,,MISSING_SOURCE,NONE
LRCX,LRCX,LRCX,,,MISSING_SOURCE,NONE
MELI,MELI,MELI,20.4,20.4,VALID,LEGACY_ZYKLUS_PCT
META,META,META,39.9,39.9,VALID,LEGACY_ZYKLUS_PCT
MSFT,MSFT,MSFT,43.2,43.2,VALID,LEGACY_ZYKLUS_PCT
MU,MU,MU,0.0,0.0,VALID,LEGACY_ZYKLUS_PCT
NVDA,NVDA,NVDA,73.6,73.6,VALID,LEGACY_ZYKLUS_PCT
NXP,NXP,NXP,100.0,100.0,VALID,LEGACY_ZYKLUS_PCT
ON,ON,ON,88.0,88.0,VALID,LEGACY_ZYKLUS_PCT
ORCL,ORCL,ORCL,57.0,57.0,VALID,LEGACY_ZYKLUS_PCT
PLTR,PLTR,PLTR,30.5,30.5,VALID,LEGACY_ZYKLUS_PCT
SAP.DE,SAP.DE,SAP.DE,68.8,68.8,VALID,LEGACY_ZYKLUS_PCT
SNOW,SNOW,SNOW,55.9,55.9,VALID,LEGACY_ZYKLUS_PCT
TSMN.MX,TSMN.MX,TSMN.MX,81.8,81.8,VALID,LEGACY_ZYKLUS_PCT
TTAN,TTAN,TTAN,26.4,26.4,VALID,LEGACY_ZYKLUS_PCT
ZETA,ZETA,ZETA,24.7,24.7,VALID,LEGACY_ZYKLUS_PCT
0857.HK,0857.HK,0857.HK,69.6,69.6,VALID,LEGACY_ZYKLUS_PCT
3750.HK,3750.HK,3750.HK,82.0,82.0,VALID,LEGACY_ZYKLUS_PCT
ALB,ALB,ALB,25.2,25.2,VALID,LEGACY_ZYKLUS_PCT
CCJ,CCJ,CCJ,23.1,23.1,VALID,LEGACY_ZYKLUS_PCT
CVX,CVX,CVX,80.8,80.8,VALID,LEGACY_ZYKLUS_PCT
ENR.DE,ENR.DE,ENR.DE,86.5,86.5,VALID,LEGACY_ZYKLUS_PCT
ETN,ETN,ETN,,,MISSING_SOURCE,NONE
FLNC,FLNC,FLNC,3.7,3.7,VALID,LEGACY_ZYKLUS_PCT
FSLR,FSLR,FSLR,31.0,31.0,VALID,LEGACY_ZYKLUS_PCT
KEP,KEP,KEP,12.6,12.6,VALID,LEGACY_ZYKLUS_PCT
NEE,NEE,NEE,,,MISSING_SOURCE,NONE
OXY,OXY,OXY,75.7,75.7,VALID,LEGACY_ZYKLUS_PCT
SU.PA,SU.PA,SU.PA,,,MISSING_SOURCE,NONE
UEC,UEC,UEC,15.0,15.0,VALID,LEGACY_ZYKLUS_PCT
XOM,XOM,XOM,91.8,91.8,VALID,LEGACY_ZYKLUS_PCT
XSDG.F,XSDG.F,XSDG.F,36.7,36.7,VALID,LEGACY_ZYKLUS_PCT
YCA.L,YCA.L,YCA.L,8.2,8.2,VALID,LEGACY_ZYKLUS_PCT
2899.HK,2899.HK,2899.HK,53.8,53.8,VALID,LEGACY_ZYKLUS_PCT
AAGFF,AAGFF,AAGFF,32.9,32.9,VALID,LEGACY_ZYKLUS_PCT
ABX.TO,ABX.TO,ABX.TO,31.3,31.3,VALID,LEGACY_ZYKLUS_PCT
AEM,AEM,AEM,50.1,50.1,VALID,LEGACY_ZYKLUS_PCT
AG.TO,AG.TO,AG.TO,36.4,36.4,VALID,LEGACY_ZYKLUS_PCT
AGI.TO,AGI.TO,AGI.TO,100.0,100.0,VALID,LEGACY_ZYKLUS_PCT
ASM.TO,ASM.TO,ASM.TO,36.8,36.8,VALID,LEGACY_ZYKLUS_PCT
BTO.TO,BTO.TO,BTO.TO,64.9,64.9,VALID,LEGACY_ZYKLUS_PCT
CSTM,CSTM,CSTM,36.6,36.6,VALID,LEGACY_ZYKLUS_PCT
DSV.TO,DSV.TO,DSV.TO,27.9,27.9,VALID,LEGACY_ZYKLUS_PCT
DV.V,DV.V,DV.V,32.7,32.7,VALID,LEGACY_ZYKLUS_PCT
EDR.TO,EDR.TO,EDR.TO,31.0,31.0,VALID,LEGACY_ZYKLUS_PCT
EQX.TO,EQX.TO,EQX.TO,55.9,55.9,VALID,LEGACY_ZYKLUS_PCT
FCX,FCX,FCX,37.1,37.1,VALID,LEGACY_ZYKLUS_PCT
FRES.L,FRES.L,FRES.L,21.4,21.4,VALID,LEGACY_ZYKLUS_PCT
GOT.V,GOT.V,GOT.V,50.0,50.0,VALID,LEGACY_ZYKLUS_PCT
HL,HL,HL,12.4,12.4,VALID,LEGACY_ZYKLUS_PCT
HMY,HMY,HMY,27.3,27.3,VALID,LEGACY_ZYKLUS_PCT
LGO,LGO,LGO,96.7,96.7,VALID,LEGACY_ZYKLUS_PCT
MGMA.V,MGMA.V,MGMA.V,23.3,23.3,VALID,LEGACY_ZYKLUS_PCT
NEM.AX,NEM.AX,NEM.AX,43.9,43.9,VALID,LEGACY_ZYKLUS_PCT
PAAS.TO,PAAS.TO,PAAS.TO,41.7,41.7,VALID,LEGACY_ZYKLUS_PCT
PKX,PKX,PKX,47.7,47.7,VALID,LEGACY_ZYKLUS_PCT
PPTA,PPTA,PPTA,33.6,33.6,VALID,LEGACY_ZYKLUS_PCT
SLVR.V,SLVR.V,SLVR.V,11.8,11.8,VALID,LEGACY_ZYKLUS_PCT
SOLB.BR,SOLB.BR,SOLB.BR,100.0,100.0,VALID,LEGACY_ZYKLUS_PCT
VALE,VALE,VALE,3.6,3.6,VALID,LEGACY_ZYKLUS_PCT
VZLA.TO,VZLA.TO,VZLA.TO,5.0,5.0,VALID,LEGACY_ZYKLUS_PCT
WPM.TO,WPM.TO,WPM.TO,38.5,38.5,VALID,LEGACY_ZYKLUS_PCT
NDA.DE,NDA.DE,NDA.DE,54.1,54.1,VALID,LEGACY_ZYKLUS_PCT
SGM.AX,SGM.AX,SGM.AX,,,MISSING_SOURCE,NONE
TOM.OL,TOM.OL,TOM.OL,,,MISSING_SOURCE,NONE
UMI.BR,UMI.BR,UMI.BR,0.0,0.0,VALID,LEGACY_ZYKLUS_PCT
CPB,CPB,CPB,100.0,100.0,VALID,LEGACY_ZYKLUS_PCT
INGR,INGR,INGR,29.1,29.1,VALID,LEGACY_ZYKLUS_PCT
KO,KO,KO,63.0,63.0,VALID,LEGACY_ZYKLUS_PCT
LC0A.MU,LC0A.MU,LC0A.MU,90.2,90.2,VALID,LEGACY_ZYKLUS_PCT
NESN.SW,NESN.SW,NESN.SW,95.7,95.7,VALID,LEGACY_ZYKLUS_PCT
PEP,PEP,PEP,78.4,78.4,VALID,LEGACY_ZYKLUS_PCT
PG,PG,PG,86.3,86.3,VALID,LEGACY_ZYKLUS_PCT
PM,PM,PM,57.4,57.4,VALID,LEGACY_ZYKLUS_PCT
MC.PA,MC.PA,MC.PA,46.6,46.6,VALID,LEGACY_ZYKLUS_PCT
MNSO,MNSO,MNSO,60.9,60.9,VALID,LEGACY_ZYKLUS_PCT
NKE,NKE,NKE,61.5,61.5,VALID,LEGACY_ZYKLUS_PCT
RACE,RACE,RACE,,,MISSING_SOURCE,NONE
RI.PA,RI.PA,RI.PA,100.0,100.0,VALID,LEGACY_ZYKLUS_PCT
UAA,UAA,UAA,51.3,51.3,VALID,LEGACY_ZYKLUS_PCT
BAYN.DE,BAYN.DE,BAYN.DE,6.7,6.7,VALID,LEGACY_ZYKLUS_PCT
CNC,CNC,CNC,16.9,16.9,VALID,LEGACY_ZYKLUS_PCT
FME.DE,FME.DE,FME.DE,93.6,93.6,VALID,LEGACY_ZYKLUS_PCT
INCY,INCY,INCY,14.5,14.5,VALID,LEGACY_ZYKLUS_PCT
JNJ,JNJ,JNJ,76.2,76.2,VALID,LEGACY_ZYKLUS_PCT
NOVO-B.CO,NOVO-B.CO,NOVO-B.CO,31.0,31.0,VALID,LEGACY_ZYKLUS_PCT
OGN,OGN,OGN,0.0,0.0,VALID,LEGACY_ZYKLUS_PCT
PFE,PFE,PFE,100.0,100.0,VALID,LEGACY_ZYKLUS_PCT
TEM,TEM,TEM,31.3,31.3,VALID,LEGACY_ZYKLUS_PCT
UNH,UNH,UNH,26.5,26.5,VALID,LEGACY_ZYKLUS_PCT
AAPL,AAPL,AAPL,84.3,84.3,VALID,LEGACY_ZYKLUS_PCT
ASTS,ASTS,ASTS,,,MISSING_SOURCE,NONE
CDNL,CDNL,CDNL,50.0,50.0,VALID,LEGACY_ZYKLUS_PCT
LUMN,LUMN,LUMN,49.3,49.3,VALID,LEGACY_ZYKLUS_PCT
TTK.DE,TTK.DE,TTK.DE,86.5,86.5,VALID,LEGACY_ZYKLUS_PCT
MBLY,MBLY,MBLY,44.0,44.0,VALID,LEGACY_ZYKLUS_PCT
STLA,STLA,STLA,15.0,15.0,VALID,LEGACY_ZYKLUS_PCT
TSLA,TSLA,TSLA,35.8,35.8,VALID,LEGACY_ZYKLUS_PCT
VOW3.DE,VOW3.DE,VOW3.DE,57.2,57.2,VALID,LEGACY_ZYKLUS_PCT
NFLX,NFLX,NFLX,93.9,93.9,VALID,LEGACY_ZYKLUS_PCT
SPOT,SPOT,SPOT,76.0,76.0,VALID,LEGACY_ZYKLUS_PCT
TME,TME,TME,84.0,84.0,VALID,LEGACY_ZYKLUS_PCT
PL,PL,PL,,,MISSING_SOURCE,NONE
RCAT,RCAT,RCAT,13.2,13.2,VALID,LEGACY_ZYKLUS_PCT
RHM.DE,RHM.DE,RHM.DE,18.7,18.7,VALID,LEGACY_ZYKLUS_PCT
RKLB,RKLB,RKLB,,,MISSING_SOURCE,NONE
CRYPTO:ADA,ADA-USD,ADA-USD,,,MISSING_SOURCE,NONE
ALV.DE,ALV.DE,ALV.DE,58.7,58.7,VALID,LEGACY_ZYKLUS_PCT
BLK,BLK,BLK,28.1,28.1,VALID,LEGACY_ZYKLUS_PCT
CRYPTO:BTC,BTC-USD,BTC-USD,,,MISSING_SOURCE,NONE
CME,CME,CME,,,MISSING_SOURCE,NONE
COIN,COIN,COIN,34.0,34.0,VALID,LEGACY_ZYKLUS_PCT
DB1.DE,DB1.DE,DB1.DE,59.0,59.0,VALID,LEGACY_ZYKLUS_PCT
CRYPTO:ETH,ETH-USD,ETH-USD,,,MISSING_SOURCE,NONE
FIGR,FIGR,FIGR,3.2,3.2,VALID,LEGACY_ZYKLUS_PCT
ICE,ICE,ICE,,,MISSING_SOURCE,NONE
MA,MA,MA,58.4,58.4,VALID,LEGACY_ZYKLUS_PCT
NRDS,NRDS,NRDS,18.1,18.1,VALID,LEGACY_ZYKLUS_PCT
PGY,PGY,PGY,0.5,0.5,VALID,LEGACY_ZYKLUS_PCT
PYPL,PYPL,PYPL,29.5,29.5,VALID,LEGACY_ZYKLUS_PCT
CRYPTO:SOL,SOL-EUR,SOL-EUR,,,MISSING_SOURCE,NONE
V,V,V,,,MISSING_SOURCE,NONE
CRYPTO:XRP,XRP-EUR,XRP-EUR,29.1,29.1,VALID,LEGACY_ZYKLUS_PCT
XYZ,XYZ,XYZ,35.8,35.8,VALID,LEGACY_ZYKLUS_PCT
ACB.TO,ACB.TO,ACB.TO,,,MISSING_SOURCE,NONE
CRYPTO:DOGE,DOGE-EUR,DOGE-EUR,,,MISSING_SOURCE,NONE
QBTS,QBTS,QBTS,,,MISSING_SOURCE,NONE
QS,QS,QS,60.4,60.4,VALID,LEGACY_ZYKLUS_PCT
RGTI,RGTI,RGTI,,,MISSING_SOURCE,NONE
RIGD.IL,RIGD.IL,RIGD.IL,100.0,100.0,VALID,LEGACY_ZYKLUS_PCT
SMX,SMX,SMX,53.8,53.8,VALID,LEGACY_ZYKLUS_PCT
6506.T,6506.T,6506.T,,,MISSING_SOURCE,NONE
DIS,DIS,DIS,,,MISSING_SOURCE,NONE
TEAM,TEAM,TEAM,,,MISSING_SOURCE,NONE
UBER,UBER,UBER,,,MISSING_SOURCE,NONE
NOW,NOW,NOW,,,MISSING_SOURCE,NONE
ILMN,ILMN,ILMN,,,MISSING_SOURCE,NONE
HIMS,HIMS,HIMS,,,MISSING_SOURCE,NONE
SHOP,SHOP,SHOP,,,MISSING_SOURCE,NONE
MP,MP,MP,,,MISSING_SOURCE,NONE
USAR,USAR,USAR,,,MISSING_SOURCE,NONE
ROL,ROL,ROL,,,MISSING_SOURCE,NONE
WM,WM,WM,,,MISSING_SOURCE,NONE
LIN,LIN,LIN,,,MISSING_SOURCE,NONE
WDAY,WDAY,WDAY,,,MISSING_SOURCE,NONE
NPN.JO,NPN.JO,NPN.JO,,,MISSING_SOURCE,NONE
NBIS,NBIS,NBIS,,,MISSING_SOURCE,NONE
ENSG,ENSG,ENSG,,,MISSING_SOURCE,NONE
WYFI,WYFI,WYFI,,,MISSING_SOURCE,NONE
APP,APP,APP,,,MISSING_SOURCE,NONE
KLAR,KLAR,KLAR,,,MISSING_SOURCE,NONE
CRWV,CRWV,CRWV,,,MISSING_SOURCE,NONE
IREN,IREN,IREN,,,MISSING_SOURCE,NONE
PATH,PATH,PATH,,,MISSING_SOURCE,NONE
SE,SE,SE,,,MISSING_SOURCE,NONE
TE,TE,TE,,,MISSING_SOURCE,NONE
TTD,TTD,TTD,,,MISSING_SOURCE,NONE
GRAB,GRAB,GRAB,,,MISSING_SOURCE,NONE
MCD,MCD,MCD,,,MISSING_SOURCE,NONE
RR.L,RR.L,RR.L,,,MISSING_SOURCE,NONE
SPCX,SPCX,SPCX,,,MISSING_SOURCE,NONE
AVAV,AVAV,AVAV,,,MISSING_SOURCE,NONE
OCGN,OCGN,OCGN,,,MISSING_SOURCE,NONE
AXON,AXON,AXON,,,MISSING_SOURCE,NONE
INOD,INOD,INOD,,,MISSING_SOURCE,NONE
UUUU,UUUU,UUUU,,,MISSING_SOURCE,NONE
ADBE,ADBE,ADBE,,,MISSING_SOURCE,NONE
MRNA,MRNA,MRNA,,,MISSING_SOURCE,NONE
DRO.AX,DRO.AX,DRO.AX,,,MISSING_SOURCE,NONE
1211.HK,1211.HK,1211.HK,,,MISSING_SOURCE,NONE
BAS.DE,BAS.DE,BAS.DE,,,MISSING_SOURCE,NONE
FISV,FISV,FISV,,,MISSING_SOURCE,NONE
NIO,NIO,NIO,,,MISSING_SOURCE,NONE
XPEV,XPEV,XPEV,,,MISSING_SOURCE,NONE
GE,GE,GE,,,MISSING_SOURCE,NONE
CRUS,CRUS,CRUS,,,MISSING_SOURCE,NONE
ADS.DE,ADS.DE,ADS.DE,,,MISSING_SOURCE,NONE
SGL.DE,SGL.DE,SGL.DE,,,MISSING_SOURCE,NONE
AVGO,AVGO,AVGO,,,MISSING_SOURCE,NONE
ANET,ANET,ANET,,,MISSING_SOURCE,NONE
