symbol,name,score_prev,score_now,score_delta,rank_prev,rank_now,rank_prev_common,rank_now_common,rank_delta,status,events
DV.V,DOLLY VARDEN,5.41,,,209.0,,,,,dropped,[]
SLVR.V,SILVER TIGER,10.56,,,199.0,,,,,dropped,[]
VALE3.SA,VALE S.A.,,29.03,,,34.0,,,,new,[]
SLVR.TO,SILVER TIGER,,12.42,,,189.0,,,,new,[]
WPM.TO,WHEATON PREC.,43.32,43.14,-0.17999999999999972,1.0,1.0,1.0,1.0,0.0,ok,[]
AEM,AGNICO EAGLE,42.53,42.38,-0.14999999999999858,2.0,2.0,2.0,2.0,0.0,ok,[]
NVDA,NVIDIA CORP.,38.58,38.43,-0.14999999999999858,3.0,3.0,3.0,3.0,0.0,ok,[]
FRES.L,FRESNILLO PLC,37.8,37.55,-0.25,4.0,4.0,4.0,4.0,0.0,ok,[]
JNJ,Johnson & Johnson,36.99,36.89,-0.10000000000000142,5.0,5.0,5.0,5.0,0.0,ok,[]
GOOGL,ALPHABET INC.A,36.62,36.54,-0.0799999999999983,6.0,6.0,6.0,6.0,0.0,ok,[]
MSFT,MICROSOFT DL,35.65,35.62,-0.030000000000001137,7.0,7.0,7.0,7.0,0.0,ok,[]
ABX.TO,BARRICK MINING,35.47,35.35,-0.11999999999999744,8.0,8.0,8.0,8.0,0.0,ok,[]
AAPL,Apple Inc.,35.02,34.92,-0.10000000000000142,9.0,9.0,9.0,9.0,0.0,ok,[]
PLTR,PALANTIR TECHN.,34.93,34.82,-0.10999999999999943,10.0,10.0,10.0,10.0,0.0,ok,[]
TSMN.MX,TAIWAN SEMICON.MANU.ADR/5,34.36,34.34,-0.01999999999999602,11.0,11.0,11.0,11.0,0.0,ok,[]
NEM.AX,NEWMONT CORP.,34.33,34.21,-0.11999999999999744,12.0,12.0,12.0,12.0,0.0,ok,[]
INCY,INCYTE CORP,34.08,33.94,-0.14000000000000057,14.0,13.0,14.0,13.0,1.0,ok,[]
ASML,ASML HOLDING,34.11,33.84,-0.269999999999996,13.0,14.0,13.0,14.0,-1.0,ok,[]
ASM.TO,AVINO SILVER,34.03,33.81,-0.21999999999999886,15.0,15.0,15.0,15.0,0.0,ok,[]
MU,MICRON TECHNOLOGY INC,33.96,33.8,-0.1600000000000037,16.0,16.0,16.0,16.0,0.0,ok,[]
MA,MASTERCARD INC,33.54,33.57,0.030000000000001137,17.0,17.0,17.0,17.0,0.0,ok,[]
KO,Coca-Cola,32.87,32.73,-0.14000000000000057,18.0,18.0,18.0,18.0,0.0,ok,[]
AG.TO,FIRST MAJESTIC,32.76,32.55,-0.21000000000000085,19.0,19.0,19.0,19.0,0.0,ok,[]
TER,TERADYNE INC.,32.42,32.4,-0.020000000000003126,21.0,20.0,21.0,20.0,1.0,ok,[]
META,META PLATFORMS INC,32.47,32.29,-0.17999999999999972,20.0,21.0,20.0,21.0,-1.0,ok,[]
RHM.DE,Rheinmetall AG,31.36,31.0,-0.35999999999999943,22.0,22.0,22.0,22.0,0.0,ok,[]
INGR,INGREDION INC,31.06,30.89,-0.16999999999999815,23.0,23.0,23.0,23.0,0.0,ok,[]
BLK,BLACKROCK INC,31.02,30.81,-0.21000000000000085,24.0,24.0,24.0,24.0,0.0,ok,[]
DB1.DE,DEUTSCHE BOERSE AG,29.94,29.81,-0.13000000000000256,25.0,25.0,25.0,25.0,0.0,ok,[]
V,Visa Inc.,29.79,29.73,-0.05999999999999872,26.0,26.0,26.0,26.0,0.0,ok,[]
AMZN,AMAZON.COM,29.55,29.55,0.0,27.0,27.0,27.0,27.0,0.0,ok,[]
ABBN.SW,ABB LTD. NA,29.55,29.41,-0.14000000000000057,27.0,28.0,27.0,28.0,-1.0,ok,[]
ALV.DE,ALLIANZ SE,29.52,29.29,-0.23000000000000043,29.0,29.0,29.0,29.0,0.0,ok,[]
2899.HK,ZIJIN MINING,29.47,29.28,-0.18999999999999773,30.0,30.0,30.0,30.0,0.0,ok,[]
PG,Procter & Gamble,29.38,29.23,-0.14999999999999858,32.0,31.0,32.0,31.0,1.0,ok,[]
BTO.TO,B2GOLD CORP.,29.41,29.19,-0.21999999999999886,31.0,32.0,31.0,32.0,-1.0,ok,[]
PM,PHILIP MORRIS INTERNATIONAL INC,29.17,29.07,-0.10000000000000142,33.0,33.0,33.0,33.0,0.0,ok,[]
ILMN,ILLUMINA INC.,28.98,29.02,0.03999999999999915,34.0,35.0,34.0,34.0,0.0,ok,[]
ROK,ROCKWELL AU.,28.89,28.74,-0.15000000000000213,35.0,36.0,35.0,35.0,0.0,ok,[]
KEP,KOREA EL. PWR ADR 1/2,28.76,28.7,-0.060000000000002274,36.0,37.0,36.0,36.0,0.0,ok,[]
AGI.TO,ALAMOS GOLD,28.75,28.68,-0.07000000000000028,37.0,38.0,37.0,37.0,0.0,ok,[]
0700.HK,TENCENT HLDGS,28.49,28.39,-0.09999999999999787,39.0,39.0,39.0,38.0,1.0,ok,[]
DIS,THE WALT DISNEY COMPANY,28.55,28.38,-0.1700000000000017,38.0,40.0,38.0,39.0,-1.0,ok,[]
ISRG,INTUITIVE SURGICAL INC,28.36,28.19,-0.16999999999999815,40.0,41.0,40.0,40.0,0.0,ok,[]
VALE,VALE SA,28.03,28.09,0.05999999999999872,41.0,42.0,41.0,41.0,0.0,ok,[]
HMY,Harmony Gold Mining Company,27.13,27.94,0.8100000000000023,51.0,43.0,51.0,42.0,9.0,ok,[]
CME,CME Group Inc.,27.93,27.89,-0.03999999999999915,42.0,44.0,42.0,43.0,-1.0,ok,[]
6503.T,MITSUBISHI EL.,27.92,27.75,-0.1700000000000017,43.0,45.0,43.0,44.0,-1.0,ok,[]
LC0A.MU,LUCKIN COFFEE,27.8,27.63,-0.1700000000000017,44.0,46.0,44.0,45.0,-1.0,ok,[]
ICE,"Intercontinental Exchange, Inc.",27.6,27.55,-0.05000000000000071,45.0,47.0,45.0,46.0,-1.0,ok,[]
0857.HK,PETROCHINA CO.,27.54,27.41,-0.129999999999999,46.0,48.0,46.0,47.0,-1.0,ok,[]
MELI,MercadoLibre Inc.,27.36,27.37,0.010000000000001563,50.0,49.0,50.0,48.0,2.0,ok,[]
PEP,PepsiCo,27.48,27.35,-0.129999999999999,47.0,50.0,47.0,49.0,-2.0,ok,[]
BAS.DE,BASF SE,27.4,27.32,-0.0799999999999983,49.0,51.0,49.0,50.0,-1.0,ok,[]
XOM,EXXON MOBIL CORP,27.41,27.31,-0.10000000000000142,48.0,52.0,48.0,51.0,-3.0,ok,[]
ANET,Arista Networks Inc.,27.11,27.02,-0.08999999999999986,52.0,53.0,52.0,52.0,0.0,ok,[]
HL,HECLA MNG,27.02,26.94,-0.0799999999999983,53.0,54.0,53.0,53.0,0.0,ok,[]
PFE,PFIZER INC.,26.96,26.84,-0.120000000000001,54.0,55.0,54.0,54.0,0.0,ok,[]
COIN,COINBASE GLB.,26.95,26.76,-0.18999999999999773,55.0,56.0,55.0,55.0,0.0,ok,[]
FCX,FREEPORT-MCMORAN,26.78,26.58,-0.20000000000000284,56.0,57.0,56.0,56.0,0.0,ok,[]
LIN,LINDE PLC,26.57,26.48,-0.08999999999999986,58.0,58.0,58.0,57.0,1.0,ok,[]
CVX,CHEVRON CORP,26.5,26.42,-0.0799999999999983,61.0,59.0,61.0,58.0,3.0,ok,[]
PAAS.TO,PAN AMER. SILVER,26.64,26.41,-0.23000000000000043,57.0,60.0,57.0,59.0,-2.0,ok,[]
RACE,Ferrari N.V.,26.53,26.38,-0.15000000000000213,60.0,61.0,60.0,60.0,0.0,ok,[]
ETN,Eaton Corporation plc,26.54,26.36,-0.17999999999999972,59.0,62.0,59.0,61.0,-2.0,ok,[]
RR.L,ROLLS-ROYCE HOLDINGS PLC,26.45,26.33,-0.120000000000001,62.0,63.0,62.0,62.0,0.0,ok,[]
PKX,POSCO HOL.ADR,25.98,25.97,-0.010000000000001563,63.0,64.0,63.0,63.0,0.0,ok,[]
ASX,"ASE Technology Holding Co., Ltd.",25.94,25.87,-0.07000000000000028,64.0,65.0,64.0,64.0,0.0,ok,[]
CRYPTO:BTC,Bitcoin,25.78,25.82,0.03999999999999915,66.0,66.0,66.0,65.0,1.0,ok,[]
SGL.DE,SGL Carbon SE,25.88,25.76,-0.11999999999999744,65.0,67.0,65.0,66.0,-1.0,ok,[]
SHOP,SHOPIFY INC.,25.7,25.66,-0.03999999999999915,69.0,68.0,69.0,67.0,2.0,ok,[]
3750.HK,CONT.AMPEREX (CATL),25.76,25.61,-0.15000000000000213,67.0,69.0,67.0,68.0,-1.0,ok,[]
MRNA,Moderna Inc.,25.64,25.61,-0.030000000000001137,71.0,69.0,71.0,68.0,3.0,ok,[]
SAP.DE,SAP SE O.N.,25.75,25.58,-0.1700000000000017,68.0,71.0,68.0,70.0,-2.0,ok,[]
GMED,Globus Medical,25.65,25.45,-0.1999999999999993,70.0,72.0,70.0,71.0,-1.0,ok,[]
CRYPTO:SOL,SOLANA (KRYPTO),24.96,25.25,0.28999999999999915,77.0,73.0,77.0,72.0,5.0,ok,[]
WDAY,"WORKDAY, INC.",25.21,25.07,-0.14000000000000057,73.0,74.0,73.0,73.0,0.0,ok,[]
SU.PA,Schneider Electric S.E.,25.23,25.06,-0.1700000000000017,72.0,75.0,72.0,74.0,-2.0,ok,[]
ABT,Abbott Laboratories,24.99,24.89,-0.09999999999999787,76.0,76.0,76.0,75.0,1.0,ok,[]
WM,"WASTE MANAGEMENT, INC.",24.94,24.89,-0.05000000000000071,78.0,76.0,78.0,75.0,3.0,ok,[]
NFLX,NETFLIX INC.,25.0,24.87,-0.129999999999999,75.0,78.0,75.0,77.0,-2.0,ok,[]
SPOT,SPOTIFY TECH.,25.01,24.84,-0.1700000000000017,74.0,79.0,74.0,78.0,-4.0,ok,[]
NOW,SERVICENOW INC.,24.73,24.64,-0.08999999999999986,80.0,80.0,80.0,79.0,1.0,ok,[]
ENSG,"THE ENSIGN GROUP, INC.",24.9,24.62,-0.2799999999999976,79.0,81.0,79.0,80.0,-1.0,ok,[]
UBER,UBER TECH. DL,24.62,24.59,-0.030000000000001137,81.0,82.0,81.0,81.0,0.0,ok,[]
1810.HK,XIAOMI CORP. CL.B,24.55,24.39,-0.16000000000000014,82.0,83.0,82.0,82.0,0.0,ok,[]
ORCL,ORACLE CORP,24.51,24.29,-0.22000000000000242,83.0,84.0,83.0,83.0,0.0,ok,[]
FSLR,FIRST SOLAR INC,24.39,24.23,-0.16000000000000014,84.0,85.0,84.0,84.0,0.0,ok,[]
EQX.TO,EQUINOX GOLD,24.3,24.14,-0.16000000000000014,85.0,86.0,85.0,85.0,0.0,ok,[]
PYPL,PAYPAL HDGS,23.96,24.09,0.129999999999999,88.0,87.0,88.0,86.0,2.0,ok,[]
NEE,"NextEra Energy, Inc.",23.98,23.97,-0.010000000000001563,87.0,88.0,87.0,87.0,0.0,ok,[]
ADBE,Adobe Inc.,24.07,23.96,-0.10999999999999943,86.0,89.0,86.0,88.0,-2.0,ok,[]
TEAM,ATLASSIAN CORP.,23.95,23.84,-0.10999999999999943,89.0,90.0,89.0,89.0,0.0,ok,[]
NESN.SW,NESTLE NAM.,23.79,23.8,0.010000000000001563,90.0,91.0,90.0,90.0,0.0,ok,[]
CRYPTO:ETH,Ethereum,23.6,23.74,0.13999999999999702,91.0,92.0,91.0,91.0,0.0,ok,[]
GE,GE Aerospace,23.55,23.56,0.00999999999999801,94.0,93.0,94.0,92.0,2.0,ok,[]
DSV.TO,DISCOVERY SILVER,23.58,23.44,-0.13999999999999702,93.0,94.0,93.0,93.0,0.0,ok,[]
NDA.DE,AURUBIS AG,23.59,23.41,-0.17999999999999972,92.0,95.0,92.0,94.0,-2.0,ok,[]
8035.T,Tokyo Electron Limited,23.53,23.36,-0.1700000000000017,95.0,96.0,95.0,95.0,0.0,ok,[]
MCD,MCDONALD'S CORPORATION,23.4,23.35,-0.04999999999999716,97.0,97.0,97.0,96.0,1.0,ok,[]
ACB.TO,Aurora Cannabis,23.45,23.25,-0.1999999999999993,96.0,98.0,96.0,97.0,-1.0,ok,[]
AVGO,Broadcom Inc.,23.34,23.25,-0.08999999999999986,98.0,98.0,98.0,97.0,1.0,ok,[]
NBIS,NEBIUS GROUP N.V.,23.13,23.06,-0.07000000000000028,99.0,100.0,99.0,99.0,0.0,ok,[]
AUTO.OL,AUTOSTORE HOLDINGS,22.94,22.88,-0.060000000000002274,100.0,101.0,100.0,100.0,0.0,ok,[]
CGNX,COGNEX CORP.,22.71,22.73,0.019999999999999574,103.0,102.0,103.0,101.0,2.0,ok,[]
NXP,NXP SEMICONDUCTORS NV,22.85,22.61,-0.240000000000002,101.0,103.0,101.0,102.0,-1.0,ok,[]
UMI.BR,UMICORE,22.8,22.55,-0.25,102.0,104.0,102.0,103.0,-1.0,ok,[]
PATH,"UIPATH, INC.",22.34,22.37,0.030000000000001137,108.0,105.0,108.0,104.0,4.0,ok,[]
CSTM,CONSTELLIUM SE,22.66,22.35,-0.3099999999999987,104.0,106.0,104.0,105.0,-1.0,ok,[]
SN.L,SMITH + NEP. DL,22.41,22.2,-0.21000000000000085,105.0,107.0,105.0,106.0,-1.0,ok,[]
TME,TENCENT MUSIC ENTERTAINMENT GROUP,22.37,22.19,-0.17999999999999972,106.0,108.0,106.0,107.0,-1.0,ok,[]
FANUY,FANUC CORP.,22.37,22.18,-0.19000000000000128,106.0,109.0,106.0,108.0,-2.0,ok,[]
SNN,SMITH & NEPHEW PLC,22.16,22.06,-0.10000000000000142,109.0,110.0,109.0,109.0,0.0,ok,[]
SPCX,SPACE EXPLORATION TECHNOLOGIES CORP.,21.91,21.94,0.030000000000001137,112.0,111.0,112.0,110.0,2.0,ok,[]
SYK,STRYKER CORP,22.06,21.82,-0.23999999999999844,110.0,112.0,110.0,111.0,-1.0,ok,[]
9988.HK,Alibaba Group Holding Limited,21.82,21.76,-0.05999999999999872,114.0,113.0,114.0,112.0,2.0,ok,[]
NRDS,NERDWALLET INC,21.98,21.7,-0.28000000000000114,111.0,114.0,111.0,113.0,-2.0,ok,[]
LRCX,Lam Research Corporation,21.87,21.68,-0.19000000000000128,113.0,115.0,113.0,114.0,-1.0,ok,[]
1211.HK,BYD Company Limited,21.6,21.49,-0.11000000000000298,115.0,116.0,115.0,115.0,0.0,ok,[]
JD,JD.COM ADR,21.41,21.3,-0.10999999999999943,116.0,117.0,116.0,116.0,0.0,ok,[]
SGM.AX,Sims Limited,21.37,21.29,-0.08000000000000185,117.0,118.0,117.0,117.0,0.0,ok,[]
XYZ,BLOCK INC. A,21.27,21.24,-0.030000000000001137,118.0,119.0,118.0,118.0,0.0,ok,[]
ADS.DE,adidas AG,21.23,21.18,-0.05000000000000071,120.0,120.0,120.0,119.0,1.0,ok,[]
CRYPTO:ADA,Cardano,18.8,21.15,2.349999999999998,136.0,121.0,136.0,120.0,16.0,ok,[]
AMAT,"Applied Materials, Inc.",21.25,21.13,-0.120000000000001,119.0,122.0,119.0,121.0,-2.0,ok,[]
NPN.JO,NASPERS LIMITED CLASS N,21.01,20.93,-0.08000000000000185,121.0,123.0,121.0,122.0,-1.0,ok,[]
ZETA,ZETA GLOBAL,20.58,20.54,-0.03999999999999915,122.0,124.0,122.0,123.0,-1.0,ok,[]
UNH,UNITEDHEALTH,20.46,20.35,-0.10999999999999943,123.0,125.0,123.0,124.0,-1.0,ok,[]
CRYPTO:DOGE,DOGECOIN (KRYPTO),18.98,20.25,1.2699999999999996,133.0,126.0,133.0,125.0,8.0,ok,"[{'type': 'trend_ok_changed', 'field': 'trend_ok', 'from': False, 'to': True}]"
KLAC,KLA Corporation,20.0,19.98,-0.019999999999999574,125.0,127.0,125.0,126.0,-1.0,ok,[]
005930.KS,"Samsung Electronics Co., Ltd.",20.03,19.96,-0.07000000000000028,124.0,128.0,124.0,127.0,-3.0,ok,[]
EDR.TO,ENDEAVOUR SILVER,19.75,19.54,-0.21000000000000085,126.0,129.0,126.0,128.0,-2.0,ok,[]
CCJ,CAMECO CORP.,19.68,19.44,-0.23999999999999844,127.0,130.0,127.0,129.0,-2.0,ok,[]
TOM.OL,Tomra Systems ASA,19.34,19.28,-0.05999999999999872,128.0,131.0,128.0,130.0,-2.0,ok,[]
SNOW,SNOWFLAKE INC. A,19.13,19.14,0.010000000000001563,130.0,132.0,130.0,131.0,-1.0,ok,[]
OXY,OCCIDENTAL PET.,19.07,19.04,-0.030000000000001137,131.0,133.0,131.0,132.0,-1.0,ok,[]
OGN,ORGANON + CO.,19.17,18.99,-0.18000000000000327,129.0,134.0,129.0,133.0,-4.0,ok,[]
GRAB,GRAB HOLDINGS LIMITED,18.99,18.98,-0.00999999999999801,132.0,135.0,132.0,134.0,-2.0,ok,[]
RIGD.IL,RELIANCE INDS,18.94,18.81,-0.13000000000000256,134.0,136.0,134.0,135.0,-1.0,ok,[]
6861.T,KEYENCE CORP.,18.81,18.61,-0.1999999999999993,135.0,137.0,135.0,136.0,-1.0,ok,[]
RI.PA,PERNOD RICARD,18.75,18.55,-0.1999999999999993,137.0,138.0,137.0,137.0,0.0,ok,[]
CRWV,"COREWEAVE, INC.",18.63,18.49,-0.14000000000000057,138.0,139.0,138.0,138.0,0.0,ok,[]
TSLA,Tesla,18.5,18.45,-0.05000000000000071,140.0,140.0,140.0,139.0,1.0,ok,[]
SOLB.BR,SOLVAY S.A. A,18.56,18.44,-0.11999999999999744,139.0,141.0,139.0,140.0,-1.0,ok,[]
CRUS,Cirrus Logic Inc.,18.47,18.42,-0.04999999999999716,142.0,142.0,142.0,141.0,1.0,ok,[]
MNSO,MINISO GRP ADS,18.48,18.32,-0.16000000000000014,141.0,143.0,141.0,142.0,-1.0,ok,[]
TEM,Tempus AI,18.22,18.2,-0.019999999999999574,143.0,144.0,143.0,143.0,0.0,ok,[]
SE,SEA LIMITED,18.2,18.14,-0.05999999999999872,144.0,145.0,144.0,144.0,0.0,ok,[]
000660.KS,SK hynix Inc.,18.1,18.07,-0.030000000000001137,145.0,146.0,145.0,145.0,0.0,ok,[]
ROL,"ROLLINS, INC.",17.98,17.9,-0.08000000000000185,146.0,147.0,146.0,146.0,0.0,ok,[]
6506.T,YASKAWA ELECTRIC CORPORATION,17.94,17.87,-0.07000000000000028,147.0,148.0,147.0,147.0,0.0,ok,[]
NOVO-B.CO,NOVO-NORDISK,17.7,17.59,-0.10999999999999943,149.0,149.0,149.0,148.0,1.0,ok,[]
IFX.DE,INFINEON TECH.,17.73,17.58,-0.15000000000000213,148.0,150.0,148.0,149.0,-1.0,ok,[]
9888.HK,"Baidu, Inc. Class A",17.63,17.52,-0.10999999999999943,150.0,151.0,150.0,150.0,0.0,ok,[]
CNC,CENTENE CORP.,17.6,17.18,-0.4200000000000017,151.0,152.0,151.0,151.0,0.0,ok,[]
VOW3.DE,Volkswagen AG Vz.,17.32,17.18,-0.14000000000000057,153.0,152.0,153.0,151.0,2.0,ok,[]
FIGR,Figure Technology Solutions,17.17,16.99,-0.18000000000000327,154.0,154.0,154.0,153.0,1.0,ok,[]
HIMS,"HIMS & HERS HEALTH, INC.",17.33,16.91,-0.41999999999999815,152.0,155.0,152.0,154.0,-2.0,ok,[]
INOD,Innodata Inc.,16.74,16.84,0.10000000000000142,157.0,156.0,157.0,155.0,2.0,ok,[]
BAYN.DE,BAYER AG,16.77,16.64,-0.129999999999999,155.0,157.0,155.0,156.0,-1.0,ok,[]
SYM,Symbotic Inc.,16.76,16.57,-0.19000000000000128,156.0,158.0,156.0,157.0,-1.0,ok,[]
XSDG.F,SAMSUNG SDI,16.62,16.49,-0.13000000000000256,158.0,159.0,158.0,158.0,0.0,ok,[]
YCA.L,YELLOW CAKE PLC,16.5,16.33,-0.1700000000000017,159.0,160.0,159.0,159.0,0.0,ok,[]
MP,MP MATERIALS CORP.,16.06,15.96,-0.09999999999999787,160.0,161.0,160.0,160.0,0.0,ok,[]
NIO,NIO Inc.,15.66,15.96,0.3000000000000007,163.0,161.0,163.0,160.0,3.0,ok,[]
AXON,"Axon Enterprise, Inc.",16.05,15.95,-0.10000000000000142,161.0,163.0,161.0,162.0,-1.0,ok,[]
FISV,Fiserv Inc.,15.74,15.76,0.019999999999999574,162.0,164.0,162.0,163.0,-1.0,ok,[]
MC.PA,LVMH EO,15.6,15.43,-0.16999999999999993,165.0,165.0,165.0,164.0,1.0,ok,[]
AVAV,"AeroVironment, Inc.",15.33,15.37,0.03999999999999915,167.0,166.0,167.0,165.0,2.0,ok,[]
RKLB,"Rocket Lab USA, Inc.",15.64,15.37,-0.27000000000000135,164.0,166.0,164.0,165.0,-1.0,ok,[]
NKE,NIKE INC. B,15.56,15.28,-0.28000000000000114,166.0,168.0,166.0,167.0,-1.0,ok,[]
IREN,IREN LIMITED,15.22,15.18,-0.040000000000000924,168.0,169.0,168.0,168.0,0.0,ok,[]
CRYPTO:XRP,XRP (KRYPTO),14.11,14.61,0.5,174.0,170.0,174.0,169.0,5.0,ok,[]
XPEV,XPeng Inc.,14.53,14.52,-0.009999999999999787,170.0,171.0,170.0,170.0,0.0,ok,[]
ENR.DE,SIEMENS ENERGY,14.69,14.5,-0.1899999999999995,169.0,172.0,169.0,171.0,-2.0,ok,[]
FME.DE,FRESEN.MED.CARE,14.34,14.27,-0.07000000000000028,172.0,173.0,172.0,172.0,0.0,ok,[]
CPB,CAMPBELLS CO.,14.51,14.22,-0.28999999999999915,171.0,174.0,171.0,173.0,-2.0,ok,[]
TTK.DE,TAKKT AG,14.26,14.17,-0.08999999999999986,173.0,175.0,173.0,174.0,-1.0,ok,[]
AMKR,"Amkor Technology, Inc.",14.06,14.06,0.0,175.0,176.0,175.0,175.0,0.0,ok,[]
PGY,Pagaya Technologies Ltd.,13.73,13.71,-0.019999999999999574,176.0,177.0,176.0,176.0,0.0,ok,[]
APLD,Applied Digital,13.56,13.63,0.07000000000000028,177.0,178.0,177.0,177.0,0.0,ok,[]
RGTI,"Rigetti Computing, Inc.",13.45,13.44,-0.009999999999999787,178.0,179.0,178.0,178.0,0.0,ok,[]
TTD,"THE TRADE DESK, INC.",13.39,13.26,-0.13000000000000078,179.0,180.0,179.0,179.0,0.0,ok,[]
APP,APPLOVIN CORPORATION,13.16,13.11,-0.05000000000000071,180.0,181.0,180.0,180.0,0.0,ok,[]
BIDU,BAIDU INC,13.13,13.09,-0.040000000000000924,182.0,182.0,182.0,181.0,1.0,ok,[]
YASKY,YASKAWA EL. CORP.,13.14,12.96,-0.17999999999999972,181.0,183.0,181.0,182.0,-1.0,ok,[]
9880.HK,UBTECH ROBOT.CORP.,13.02,12.85,-0.16999999999999993,183.0,184.0,183.0,183.0,0.0,ok,[]
KLAR,KLARNA GROUP PLC,12.72,12.84,0.11999999999999922,185.0,185.0,185.0,184.0,1.0,ok,[]
TTAN,ServiceTitan,12.81,12.61,-0.20000000000000107,184.0,186.0,184.0,185.0,-1.0,ok,[]
ASTS,"AST SpaceMobile, Inc.",12.7,12.59,-0.10999999999999943,186.0,187.0,186.0,186.0,0.0,ok,[]
PPTA,Perpetua Resources,12.61,12.56,-0.049999999999998934,187.0,188.0,187.0,187.0,0.0,ok,[]
QBTS,D-Wave Quantum Inc.,12.45,12.39,-0.05999999999999872,188.0,190.0,188.0,188.0,0.0,ok,[]
UUUU,Energy Fuels Inc.,12.32,12.27,-0.05000000000000071,190.0,191.0,190.0,189.0,1.0,ok,[]
VZLA.TO,VIZSLA SILVER,12.33,12.12,-0.21000000000000085,189.0,192.0,189.0,190.0,-1.0,ok,[]
OCGN,"Ocugen, Inc.",11.49,11.68,0.1899999999999995,193.0,193.0,193.0,191.0,2.0,ok,[]
PL,Planet Labs PBC,11.69,11.66,-0.02999999999999936,191.0,194.0,191.0,192.0,-1.0,ok,[]
USAR,"USA RARE EARTH, INC.",11.56,11.48,-0.08000000000000007,192.0,195.0,192.0,193.0,-1.0,ok,[]
ALB,ALBEMARLE CORP.,10.95,10.92,-0.02999999999999936,194.0,196.0,194.0,194.0,0.0,ok,[]
WYFI,"WHITEFIBER, INC.",10.73,10.7,-0.030000000000001137,196.0,197.0,196.0,195.0,1.0,ok,[]
ON,ON SEMICOND.,10.67,10.58,-0.08999999999999986,197.0,198.0,197.0,196.0,1.0,ok,[]
RCAT,Red Cat Holdings,10.58,10.55,-0.02999999999999936,198.0,199.0,198.0,197.0,1.0,ok,[]
LGO,LARGO INC,10.75,10.53,-0.22000000000000064,195.0,200.0,195.0,198.0,-3.0,ok,[]
DRO.AX,DroneShield Limited,10.49,10.46,-0.02999999999999936,200.0,201.0,199.0,199.0,0.0,ok,[]
TE,T1 ENERGY INC.,10.41,10.39,-0.019999999999999574,201.0,202.0,200.0,200.0,0.0,ok,[]
CDNL,Cardinal Infrastructure,9.26,9.25,-0.009999999999999787,202.0,203.0,201.0,201.0,0.0,ok,[]
FLNC,FLUENCE ENER.,9.05,8.97,-0.08000000000000007,203.0,204.0,202.0,202.0,0.0,ok,[]
UEC,URANIUM ENERGY CORP,9.04,8.92,-0.11999999999999922,205.0,205.0,204.0,203.0,1.0,ok,[]
GOT.V,GOLIATH RES,9.05,8.83,-0.22000000000000064,203.0,206.0,202.0,204.0,-2.0,ok,[]
AAGFF,AFTERMATH SILVER,6.14,6.25,0.11000000000000032,206.0,207.0,205.0,205.0,0.0,ok,[]
DVLT,Datavault AI Inc.,5.88,5.87,-0.009999999999999787,207.0,208.0,206.0,206.0,0.0,ok,[]
LUMN,LUMEN TECHN.,5.45,5.34,-0.11000000000000032,208.0,209.0,207.0,207.0,0.0,ok,[]
UAA,UNDER ARMOUR,5.22,5.0,-0.21999999999999975,210.0,210.0,208.0,208.0,0.0,ok,[]
QS,QUANTUMSCAPE A,4.84,4.75,-0.08999999999999986,211.0,211.0,209.0,209.0,0.0,ok,[]
MBLY,Mobileye Global,4.11,3.84,-0.27000000000000046,212.0,212.0,210.0,210.0,0.0,ok,[]
STLA,Stellantis N.V.,3.17,3.08,-0.08999999999999986,213.0,213.0,211.0,211.0,0.0,ok,[]
MGMA.V,MAGMA SILVER,2.79,2.74,-0.04999999999999982,214.0,214.0,212.0,212.0,0.0,ok,[]
SMX,SMX (Security Matters) Public,0.0,0.0,0.0,215.0,215.0,213.0,213.0,0.0,ok,[]
