intern,offiziell,scanner,market,signal,verdict,hint,n,n_valid,coverage,internal_sample_state,official_sample_state
S2 Gehirn,Software - Application,-0.0962000000000003,0.3209999999999999,Kontra Markt,contra_market,Interne und offizielle Sicht laufen in entgegengesetzte Richtungen.,8,8,1.0,stable,stable
S2 Gehirn,Software - Infrastructure,-0.0962000000000003,0.0777777777777776,Kontra Markt,contra_market,Interne und offizielle Sicht laufen in entgegengesetzte Richtungen.,7,7,1.0,stable,stable
S2 Gehirn,Internet Content & Information,-0.0962000000000003,0.21222222222222165,Kontra Markt,contra_market,Interne und offizielle Sicht laufen in entgegengesetzte Richtungen.,6,6,1.0,stable,stable
S2 Gehirn,Internet Retail,-0.0962000000000003,0.09499999999999946,Kontra Markt,contra_market,Interne und offizielle Sicht laufen in entgegengesetzte Richtungen.,6,6,1.0,stable,stable
S4 Fundament,Other Industrial Metals & Mining,0.09058823529411747,-0.1416666666666663,Kontra Markt,contra_market,Interne und offizielle Sicht laufen in entgegengesetzte Richtungen.,6,6,1.0,stable,stable
S3 Energie,Electrical Equipment & Parts,-0.1463157894736841,0.06555555555555653,Kontra Markt,contra_market,Interne und offizielle Sicht laufen in entgegengesetzte Richtungen.,5,5,1.0,stable,stable
S4 Fundament,Other Precious Metals & Mining,0.09058823529411747,0.3514285714285723,Scanner schwächer,scanner_weaker,Interne Scanner-Sicht ist schwächer als die offizielle Gruppierung.,7,7,1.0,stable,stable
S1 Hardware,Medical Devices,0.26950000000000013,0.4433333333333322,Scanner schwächer,scanner_weaker,Interne Scanner-Sicht ist schwächer als die offizielle Gruppierung.,5,5,1.0,stable,stable
S21 Finanzsystem,Krypto,0.10200000000000031,0.27500000000000097,Scanner schwächer,scanner_weaker,Interne Scanner-Sicht ist schwächer als die offizielle Gruppierung.,5,5,1.0,stable,stable
S2 Gehirn,Semiconductors,-0.0962000000000003,-0.5540000000000005,Scanner stärker,scanner_stronger,Interne Scanner-Sicht ist stärker als die offizielle Gruppierung.,10,10,1.0,stable,stable
S2 Gehirn,Semiconductor Equipment & Materials,-0.0962000000000003,-0.5142857142857142,Scanner stärker,scanner_stronger,Interne Scanner-Sicht ist stärker als die offizielle Gruppierung.,6,6,1.0,stable,stable
S20 Sicherheit & Verteidigung,Aerospace & Defense,-0.1259999999999996,-0.1259999999999996,Gleichgerichtet,aligned,Interne und offizielle Segmentbewegung sind ähnlich.,10,10,1.0,stable,stable
S4 Fundament,Gold,0.09058823529411747,0.15599999999999917,Gleichgerichtet,aligned,Interne und offizielle Segmentbewegung sind ähnlich.,10,10,1.0,stable,stable
S15 Mobilität,Auto Manufacturers,0.2611111111111109,0.26571428571428585,Gleichgerichtet,aligned,Interne und offizielle Segmentbewegung sind ähnlich.,6,6,1.0,stable,stable
S13 Gesundheit,Drug Manufacturers - General,0.13066666666666707,0.05000000000000071,Gleichgerichtet,aligned,Interne und offizielle Segmentbewegung sind ähnlich.,5,5,1.0,stable,stable
S1 Hardware,Electrical Equipment & Parts,0.26950000000000013,0.06555555555555653,Unklar,unclear,Zu dünne oder unvollständige Vergleichsbasis.,4,4,1.0,stable,stable
S1 Hardware,Specialty Industrial Machinery,0.26950000000000013,-0.05999999999999991,Unklar,unclear,Zu dünne oder unvollständige Vergleichsbasis.,4,4,1.0,stable,stable
S21 Finanzsystem,Credit Services,0.10200000000000031,-0.03999999999999959,Unklar,unclear,Zu dünne oder unvollständige Vergleichsbasis.,4,4,1.0,stable,thin
S21 Finanzsystem,Financial Data & Stock Exchanges,0.10200000000000031,0.11000000000000032,Unklar,unclear,Zu dünne oder unvollständige Vergleichsbasis.,4,4,1.0,stable,thin
S3 Energie,Uranium,-0.1463157894736841,-0.13500000000000023,Unklar,unclear,Zu dünne oder unvollständige Vergleichsbasis.,4,4,1.0,stable,thin
S4 Fundament,Silver,0.09058823529411747,0.29499999999999926,Unklar,unclear,Zu dünne oder unvollständige Vergleichsbasis.,4,4,1.0,stable,thin
S11 Konsum,Packaged Foods,-0.038000000000000075,-0.04333333333333359,Unklar,unclear,Zu dünne oder unvollständige Vergleichsbasis.,3,3,1.0,stable,thin
S13 Gesundheit,Biotechnology,0.13066666666666707,-0.3266666666666662,Unklar,unclear,Zu dünne oder unvollständige Vergleichsbasis.,3,3,1.0,stable,thin
S2 Gehirn,Information Technology Services,-0.0962000000000003,0.19999999999999973,Unklar,unclear,Zu dünne oder unvollständige Vergleichsbasis.,3,3,1.0,stable,thin
S3 Energie,Oil & Gas Integrated,-0.1463157894736841,-0.26333333333333425,Unklar,unclear,Zu dünne oder unvollständige Vergleichsbasis.,3,3,1.0,stable,thin
S4 Fundament,Chemicals,0.09058823529411747,-0.3166666666666676,Unklar,unclear,Zu dünne oder unvollständige Vergleichsbasis.,3,3,1.0,stable,thin
S5 Recycling,Waste Management,-0.3060000000000002,-0.5,Unklar,unclear,Zu dünne oder unvollständige Vergleichsbasis.,3,3,1.0,stable,thin
Playground,Computer Hardware,-0.09571428571428583,-0.25500000000000034,Unklar,unclear,Zu dünne oder unvollständige Vergleichsbasis.,2,2,1.0,stable,thin
S1 Hardware,Computer Hardware,0.26950000000000013,-0.25500000000000034,Unklar,unclear,Zu dünne oder unvollständige Vergleichsbasis.,2,2,1.0,stable,thin
S1 Hardware,Scientific & Technical Instruments,0.26950000000000013,0.10499999999999865,Unklar,unclear,Zu dünne oder unvollständige Vergleichsbasis.,2,2,1.0,stable,thin
S11 Konsum,Beverages - Non-Alcoholic,-0.038000000000000075,-0.09000000000000163,Unklar,unclear,Zu dünne oder unvollständige Vergleichsbasis.,2,2,1.0,stable,thin
S11 Konsum,Restaurants,-0.038000000000000075,-0.03999999999999915,Unklar,unclear,Zu dünne oder unvollständige Vergleichsbasis.,2,2,1.0,stable,thin
S12 Luxus & Marken,Footwear & Accessories,0.33857142857142836,0.16000000000000014,Unklar,unclear,Zu dünne oder unvollständige Vergleichsbasis.,2,2,1.0,stable,thin
S13 Gesundheit,Healthcare Plans,0.13066666666666707,0.27500000000000213,Unklar,unclear,Zu dünne oder unvollständige Vergleichsbasis.,2,2,1.0,stable,thin
S13 Gesundheit,Medical Care Facilities,0.13066666666666707,0.23999999999999932,Unklar,unclear,Zu dünne oder unvollständige Vergleichsbasis.,2,2,1.0,stable,thin
S15 Mobilität,Software - Application,0.2611111111111109,0.3209999999999999,Unklar,unclear,Zu dünne oder unvollständige Vergleichsbasis.,2,2,1.0,stable,stable
S19 Medien & Unterhaltung,Entertainment,0.09500000000000064,-0.25,Unklar,unclear,Zu dünne oder unvollständige Vergleichsbasis.,2,2,1.0,thin,thin
S19 Medien & Unterhaltung,Internet Content & Information,0.09500000000000064,0.21222222222222165,Unklar,unclear,Zu dünne oder unvollständige Vergleichsbasis.,2,2,1.0,thin,stable
S2 Gehirn,Advertising Agencies,-0.0962000000000003,-0.06500000000000039,Unklar,unclear,Zu dünne oder unvollständige Vergleichsbasis.,2,2,1.0,stable,thin
S21 Finanzsystem,Software - Infrastructure,0.10200000000000031,0.0777777777777776,Unklar,unclear,Zu dünne oder unvollständige Vergleichsbasis.,2,2,1.0,stable,stable
S3 Energie,Utilities - Regulated Electric,-0.1463157894736841,-0.10999999999999943,Unklar,unclear,Zu dünne oder unvollständige Vergleichsbasis.,2,2,1.0,stable,thin
Playground,Auto Parts,-0.09571428571428583,0.1200000000000001,Unklar,unclear,Zu dünne oder unvollständige Vergleichsbasis.,1,1,1.0,stable,thin
Playground,Krypto,-0.09571428571428583,0.27500000000000097,Unklar,unclear,Zu dünne oder unvollständige Vergleichsbasis.,1,1,1.0,stable,stable
Playground,Medical Devices,-0.09571428571428583,0.4433333333333322,Unklar,unclear,Zu dünne oder unvollständige Vergleichsbasis.,1,1,1.0,stable,stable
Playground,Oil & Gas Refining & Marketing,-0.09571428571428583,-0.34999999999999787,Unklar,unclear,Zu dünne oder unvollständige Vergleichsbasis.,1,1,1.0,stable,thin
Playground,Specialty Business Services,-0.09571428571428583,0.0,Unklar,unclear,Zu dünne oder unvollständige Vergleichsbasis.,1,1,1.0,stable,thin
S1 Hardware,Consumer Electronics,0.26950000000000013,0.3100000000000023,Unklar,unclear,Zu dünne oder unvollständige Vergleichsbasis.,1,1,1.0,stable,thin
S1 Hardware,Medical Instruments & Supplies,0.26950000000000013,1.2199999999999989,Unklar,unclear,Zu dünne oder unvollständige Vergleichsbasis.,1,1,1.0,stable,thin
S1 Hardware,Semiconductor Equipment & Materials,0.26950000000000013,-0.5142857142857142,Unklar,unclear,Zu dünne oder unvollständige Vergleichsbasis.,1,1,1.0,stable,stable
S11 Konsum,Household & Personal Products,-0.038000000000000075,0.0799999999999983,Unklar,unclear,Zu dünne oder unvollständige Vergleichsbasis.,1,1,1.0,stable,thin
S11 Konsum,Personal Services,-0.038000000000000075,0.120000000000001,Unklar,unclear,Zu dünne oder unvollständige Vergleichsbasis.,1,1,1.0,stable,thin
S11 Konsum,Tobacco,-0.038000000000000075,-0.18999999999999773,Unklar,unclear,Zu dünne oder unvollständige Vergleichsbasis.,1,1,1.0,stable,thin
S12 Luxus & Marken,Apparel Manufacturing,0.33857142857142836,0.20999999999999996,Unklar,unclear,Zu dünne oder unvollständige Vergleichsbasis.,1,1,1.0,stable,thin
S12 Luxus & Marken,Auto Manufacturers,0.33857142857142836,0.26571428571428585,Unklar,unclear,Zu dünne oder unvollständige Vergleichsbasis.,1,1,1.0,stable,stable
S12 Luxus & Marken,Beverages - Wineries & Distilleries,0.33857142857142836,0.129999999999999,Unklar,unclear,Zu dünne oder unvollständige Vergleichsbasis.,1,1,1.0,stable,thin
S12 Luxus & Marken,Luxury Goods,0.33857142857142836,-0.11000000000000121,Unklar,unclear,Zu dünne oder unvollständige Vergleichsbasis.,1,1,1.0,stable,thin
S12 Luxus & Marken,Specialty Retail,0.33857142857142836,0.5399999999999991,Unklar,unclear,Zu dünne oder unvollständige Vergleichsbasis.,1,1,1.0,stable,thin
S13 Gesundheit,Diagnostics & Research,0.13066666666666707,-0.00999999999999801,Unklar,unclear,Zu dünne oder unvollständige Vergleichsbasis.,1,1,1.0,stable,thin
S13 Gesundheit,Drug Manufacturers - Specialty & Generic,0.13066666666666707,1.5699999999999985,Unklar,unclear,Zu dünne oder unvollständige Vergleichsbasis.,1,1,1.0,stable,thin
S13 Gesundheit,Health Information Services,0.13066666666666707,0.09999999999999787,Unklar,unclear,Zu dünne oder unvollständige Vergleichsbasis.,1,1,1.0,stable,thin
S14 Kommunikations- & Alltagsinfrastruktur,Business Equipment & Supplies,-0.6139999999999997,-0.5500000000000007,Unklar,unclear,Zu dünne oder unvollständige Vergleichsbasis.,1,1,1.0,stable,thin
S14 Kommunikations- & Alltagsinfrastruktur,Communication Equipment,-0.6139999999999997,-1.1000000000000014,Unklar,unclear,Zu dünne oder unvollständige Vergleichsbasis.,1,1,1.0,stable,thin
S14 Kommunikations- & Alltagsinfrastruktur,Consumer Electronics,-0.6139999999999997,0.3100000000000023,Unklar,unclear,Zu dünne oder unvollständige Vergleichsbasis.,1,1,1.0,stable,thin
S14 Kommunikations- & Alltagsinfrastruktur,Engineering & Construction,-0.6139999999999997,-0.27999999999999936,Unklar,unclear,Zu dünne oder unvollständige Vergleichsbasis.,1,1,1.0,stable,thin
S14 Kommunikations- & Alltagsinfrastruktur,Telecom Services,-0.6139999999999997,-0.8399999999999999,Unklar,unclear,Zu dünne oder unvollständige Vergleichsbasis.,1,1,1.0,stable,thin
S15 Mobilität,Auto Parts,0.2611111111111109,0.1200000000000001,Unklar,unclear,Zu dünne oder unvollständige Vergleichsbasis.,1,1,1.0,stable,thin
S2 Gehirn,Asset Management,-0.0962000000000003,-0.07499999999999929,Unklar,unclear,Zu dünne oder unvollständige Vergleichsbasis.,1,1,1.0,stable,thin
S2 Gehirn,Capital Markets,-0.0962000000000003,0.040000000000000924,Unklar,unclear,Zu dünne oder unvollständige Vergleichsbasis.,1,1,1.0,stable,thin
S21 Finanzsystem,Asset Management,0.10200000000000031,-0.07499999999999929,Unklar,unclear,Zu dünne oder unvollständige Vergleichsbasis.,1,1,1.0,stable,thin
S21 Finanzsystem,Capital Markets,0.10200000000000031,0.040000000000000924,Unklar,unclear,Zu dünne oder unvollständige Vergleichsbasis.,1,1,1.0,stable,thin
S21 Finanzsystem,Information Technology Services,0.10200000000000031,0.19999999999999973,Unklar,unclear,Zu dünne oder unvollständige Vergleichsbasis.,1,1,1.0,stable,thin
S21 Finanzsystem,Insurance - Diversified,0.10200000000000031,0.03999999999999915,Unklar,unclear,Zu dünne oder unvollständige Vergleichsbasis.,1,1,1.0,stable,thin
S21 Finanzsystem,Internet Content & Information,0.10200000000000031,0.21222222222222165,Unklar,unclear,Zu dünne oder unvollständige Vergleichsbasis.,1,1,1.0,stable,stable
S3 Energie,Oil & Gas E&P,-0.1463157894736841,-0.379999999999999,Unklar,unclear,Zu dünne oder unvollständige Vergleichsbasis.,1,1,1.0,stable,thin
S3 Energie,Solar,-0.1463157894736841,-0.23999999999999844,Unklar,unclear,Zu dünne oder unvollständige Vergleichsbasis.,1,1,1.0,stable,thin
S3 Energie,Specialty Chemicals,-0.1463157894736841,-0.08500000000000085,Unklar,unclear,Zu dünne oder unvollständige Vergleichsbasis.,1,1,1.0,stable,thin
S3 Energie,Specialty Industrial Machinery,-0.1463157894736841,-0.05999999999999991,Unklar,unclear,Zu dünne oder unvollständige Vergleichsbasis.,1,1,1.0,stable,stable
S3 Energie,Utilities - Renewable,-0.1463157894736841,-0.009999999999999787,Unklar,unclear,Zu dünne oder unvollständige Vergleichsbasis.,1,1,1.0,stable,thin
S4 Fundament,Aluminum,0.09058823529411747,-0.33999999999999986,Unklar,unclear,Zu dünne oder unvollständige Vergleichsbasis.,1,1,1.0,stable,thin
S4 Fundament,Copper,0.09058823529411747,0.3200000000000003,Unklar,unclear,Zu dünne oder unvollständige Vergleichsbasis.,1,1,1.0,stable,thin
S4 Fundament,Specialty Chemicals,0.09058823529411747,-0.08500000000000085,Unklar,unclear,Zu dünne oder unvollständige Vergleichsbasis.,1,1,1.0,stable,thin
S4 Fundament,Steel,0.09058823529411747,-0.25,Unklar,unclear,Zu dünne oder unvollständige Vergleichsbasis.,1,1,1.0,stable,thin
S5 Recycling,Metal Fabrication,-0.3060000000000002,0.16000000000000014,Unklar,unclear,Zu dünne oder unvollständige Vergleichsbasis.,1,1,1.0,stable,thin
S5 Recycling,Specialty Industrial Machinery,-0.3060000000000002,-0.05999999999999991,Unklar,unclear,Zu dünne oder unvollständige Vergleichsbasis.,1,1,1.0,stable,stable
