Ticker,Ticker,Name,Name,YahooSymbol,YahooSymbol,ISIN,ISIN,cycle,cycle,ScoreMarketRegime,ScoreMarketRegime,ScoreAssetClass,ScoreAssetClass,ScoreRiskMult,ScoreRiskMult,ScoreMarketTrend200,ScoreMarketTrend200,ScoreError,ScoreError,score,confidence,trend200,trend_ok,dollar_volume,liquidity_ok,ScoreStatus,IsCrypto
1810.HK,1810.HK,XIAOMI CORP. CL.B,XIAOMI CORP. CL.B,1810.HK,1810.HK,KYG9830T1067,KYG9830T1067,0.0,100.0,bull,bull,stock,stock,,,0.08253855193277171,0.08253855193277171,,,24.55,65.7,-0.15050969191609187,False,2857713953.115436,True,OK,False
6503.T,6503.T,MITSUBISHI EL.,MITSUBISHI EL.,6503.T,6503.T,JP3902400005,JP3902400005,0.0,100.0,bull,bull,stock,stock,,,0.08253855193277171,0.08253855193277171,,,27.92,61.5,-0.06653183672097751,False,30130831230.0,True,OK,False
6861.T,6861.T,KEYENCE CORP.,KEYENCE CORP.,6861.T,6861.T,JP3236200006,JP3236200006,0.0,38.5,bull,bull,stock,stock,,,0.08253855193277171,0.08253855193277171,,,18.81,67.7,0.1587782934826314,True,45299723000.0,True,OK,False
9880.HK,9880.HK,UBTECH ROBOT.CORP.,UBTECH ROBOT.CORP.,9880.HK,9880.HK,CNE100006CQ4,CNE100006CQ4,0.0,14.4,bull,bull,stock,stock,,,0.08253855193277171,0.08253855193277171,,,13.02,44.9,-0.30833373474348114,False,234551245.075,True,OK,False
ABBN.SW,ABBN.SW,ABB LTD. NA,ABB LTD. NA,ABBN.SW,ABBN.SW,CH0012221716,CH0012221716,0.0,82.3,bull,bull,stock,stock,,,0.08253855193277171,0.08253855193277171,,,29.55,65.2,0.062124654910663546,True,176355455.75043258,True,OK,False
ABT,ABT,Abbott Laboratories,Abbott Laboratories,ABT,ABT,US0028241000,US0028241000,0.0,80.8,bull,bull,stock,stock,,,0.08253855193277171,0.08253855193277171,,,24.99,70.0,-0.028728102253339216,False,924955001.7809943,True,OK,False
AUTO.OL,AUTO.OL,AUTOSTORE HOLDINGS,AUTOSTORE HOLDINGS,AUTO.OL,AUTO.OL,BMG0670A1099,BMG0670A1099,0.0,43.6,bull,bull,stock,stock,,,0.08253855193277171,0.08253855193277171,,,22.94,76.9,0.2671982147880909,True,82399880.17334948,True,OK,False
CGNX,CGNX,COGNEX CORP.,COGNEX CORP.,CGNX,CGNX,US1924221039,US1924221039,0.0,94.1,bull,bull,stock,stock,,,0.08253855193277171,0.08253855193277171,,,22.71,60.0,0.12144436913371304,True,109120470.64837646,True,OK,False
FANUY,FANUY,FANUC CORP.,FANUC CORP.,FANUY,FANUY,US3073051027,US3073051027,0.0,60.4,bull,bull,stock,stock,,,0.08253855193277171,0.08253855193277171,,,22.37,52.9,-0.06281912985387816,False,9670047.366480827,True,OK,False
GMED,GMED,Globus Medical,Globus Medical,GMED,GMED,US3795772082,US3795772082,0.0,24.1,bull,bull,stock,stock,,,0.08253855193277171,0.08253855193277171,,,25.65,63.0,-0.11015727340420345,False,123038941.3131317,True,OK,False
ISRG,ISRG,INTUITIVE SURGICAL INC,INTUITIVE SURGICAL INC,ISRG,ISRG,US46120E6023,US46120E6023,0.0,47.5,bull,bull,stock,stock,,,0.08253855193277171,0.08253855193277171,,,28.36,74.8,-0.040987210560829435,False,910182714.5737121,True,OK,False
ROK,ROK,ROCKWELL AU.,ROCKWELL AU.,ROK,ROK,US7739031091,US7739031091,0.0,18.2,bull,bull,stock,stock,,,0.08253855193277171,0.08253855193277171,,,28.89,58.5,0.0221879517462249,True,301734590.23315734,True,OK,False
SN.L,SN.L,SMITH + NEP. DL,SMITH + NEP. DL,SN.L,SN.L,GB0009223206,GB0009223206,0.0,87.2,bull,bull,stock,stock,,,0.08253855193277171,0.08253855193277171,,,22.41,60.1,-0.12267074527706257,False,3146807472.8999996,True,OK,False
SNN,SNN,SMITH & NEPHEW PLC,SMITH & NEPHEW PLC,SNN,SNN,US83175M2052,US83175M2052,0.0,100.0,bull,bull,stock,stock,,,0.08253855193277171,0.08253855193277171,,,22.16,54.3,-0.11721120416541841,False,34322560.76268826,True,OK,False
SYK,SYK,STRYKER CORP,STRYKER CORP,SYK,SYK,US8636671013,US8636671013,0.0,47.5,bull,bull,stock,stock,,,0.08253855193277171,0.08253855193277171,,,22.06,51.2,-0.1502761794620623,False,750707017.6048065,True,OK,False
SYM,SYM,Symbotic Inc.,Symbotic Inc.,SYM,SYM,US87151X1019,US87151X1019,0.0,0.0,bull,bull,stock,stock,,,0.08253855193277171,0.08253855193277171,,,16.76,43.2,-0.14585637559748632,False,69221082.71442032,True,OK,False
TER,TER,TERADYNE INC.,TERADYNE INC.,TER,TER,US8807701029,US8807701029,0.0,86.1,bull,bull,stock,stock,,,0.08253855193277171,0.08253855193277171,,,32.42,87.3,0.1816970062356158,True,992689377.9561157,True,OK,False
YASKY,YASKY,YASKAWA EL. CORP.,YASKAWA EL. CORP.,YASKY,YASKY,US9850871057,US9850871057,0.0,68.1,bull,bull,stock,stock,,,0.08253855193277171,0.08253855193277171,,,13.14,53.7,-0.07500486115439742,False,979675.9031730652,False,OK,False
000660.KS,000660.KS,SK hynix Inc.,SK hynix Inc.,000660.KS,000660.KS,KR7000660001,KR7000660001,,0.0,bull,bull,stock,stock,,,0.08253855193277171,0.08253855193277171,,,18.1,56.3,0.17144874856181835,True,5322602074800.0,True,OK,False
005930.KS,005930.KS,"Samsung Electronics Co., Ltd.","Samsung Electronics Co., Ltd.",005930.KS,005930.KS,KR7005930003,KR7005930003,,0.0,bull,bull,stock,stock,,,0.08253855193277171,0.08253855193277171,,,20.03,63.6,0.145342061287012,True,4410914348900.0,True,OK,False
0700.HK,0700.HK,TENCENT HLDGS,TENCENT HLDGS,0700.HK,0700.HK,KYG875721634,KYG875721634,0.0,13.1,bull,bull,stock,stock,,,0.08253855193277171,0.08253855193277171,,,28.49,71.2,-0.13522082162250482,False,8484118163.920803,True,OK,False
8035.T,9888.HK,Tokyo Electron Limited,"Baidu, Inc. Class A",8035.T,9888.HK,JP3571400005,KYG070341048,,0.0,bull,bull,stock,stock,,,0.08253855193277171,0.08253855193277171,,,17.63,47.9,-0.28803643797104694,False,1123294435.7,True,OK,False
9888.HK,9988.HK,"Baidu, Inc. Class A",Alibaba Group Holding Limited,9888.HK,9988.HK,KYG070341048,KYG017191142,0.0,0.0,bull,bull,stock,stock,,,0.08253855193277171,0.08253855193277171,,,21.82,61.8,-0.16019561827519635,False,5890440891.150001,True,OK,False
9988.HK,AMAT,Alibaba Group Holding Limited,"Applied Materials, Inc.",9988.HK,AMAT,KYG017191142,US0382221051,0.0,0.0,bull,bull,stock,stock,,,0.08253855193277171,0.08253855193277171,,,21.25,63.1,0.1725061627403479,True,3134601915.8849564,True,OK,False
AMAT,AMKR,"Applied Materials, Inc.","Amkor Technology, Inc.",AMAT,AMKR,US0382221051,US0316521006,,0.0,bull,bull,stock,stock,,,0.08253855193277171,0.08253855193277171,,,14.06,39.6,-0.1483735485269989,False,180620619.25483245,True,OK,False
AMKR,AMZN,"Amkor Technology, Inc.",AMAZON.COM,AMKR,AMZN,US0316521006,US0231351067,0.0,1.3,bull,bull,stock,stock,,,0.08253855193277171,0.08253855193277171,,,29.55,78.2,0.0811756991150332,True,9563350010.6381,True,OK,False
AMZN,APLD,AMAZON.COM,Applied Digital,AMZN,APLD,US0231351067,US0381692070,0.0,50.9,bull,bull,stock,stock,,,0.08253855193277171,0.08253855193277171,,,13.56,39.3,-0.26673146525600233,False,503563119.92832977,True,OK,False
APLD,ASML,Applied Digital,ASML HOLDING,APLD,ASML,US0381692070,NL0010273215,0.0,35.5,bull,bull,stock,stock,,,0.08253855193277171,0.08253855193277171,,,34.11,82.6,0.14465704725431738,True,2563885661.124243,True,OK,False
ASML,ASX,ASML HOLDING,"ASE Technology Holding Co., Ltd.",ASML,ASX,NL0010273215,US00215W1009,0.0,0.0,bull,bull,stock,stock,,,0.08253855193277171,0.08253855193277171,,,25.94,78.1,0.479696572029223,True,308099211.24258155,True,OK,False
ASX,BIDU,"ASE Technology Holding Co., Ltd.",BAIDU INC,ASX,BIDU,US00215W1009,US0567521085,0.0,26.0,bull,bull,stock,stock,,,0.08253855193277171,0.08253855193277171,,,13.13,52.1,-0.28374905655369353,False,190330000.22789842,True,OK,False
BIDU,DVLT,BAIDU INC,Datavault AI Inc.,BIDU,DVLT,US0567521085,US86633R6099,0.0,71.3,bull,bull,stock,stock,,,0.08253855193277171,0.08253855193277171,,,5.88,37.6,-0.7318610412874342,False,7237810.520090112,True,OK,False
DVLT,GOOGL,Datavault AI Inc.,ALPHABET INC.A,DVLT,GOOGL,US86633R6099,US02079K3059,0.0,4.9,bull,bull,stock,stock,,,0.08253855193277171,0.08253855193277171,,,36.62,76.1,0.03394196653842796,True,9137391928.838278,True,OK,False
GOOGL,IFX.DE,ALPHABET INC.A,INFINEON TECH.,GOOGL,IFX.DE,US02079K3059,DE0006231004,0.0,40.9,bull,bull,stock,stock,,,0.08253855193277171,0.08253855193277171,,,17.73,58.1,0.0476131685830965,True,234237786.92893982,True,OK,False
IFX.DE,JD,INFINEON TECH.,JD.COM ADR,IFX.DE,JD,DE0006231004,US47215P1066,0.0,39.2,bull,bull,stock,stock,,,0.08253855193277171,0.08253855193277171,,,21.41,58.1,-0.04941415025081086,False,165227546.32715437,True,OK,False
JD,KLAC,JD.COM ADR,KLA Corporation,JD,KLAC,US47215P1066,US4824801009,0.0,0.0,bull,bull,stock,stock,,,0.08253855193277171,0.08253855193277171,,,20.0,61.2,0.09336205864381952,True,1732442540.7629013,True,OK,False
KLAC,LRCX,KLA Corporation,Lam Research Corporation,KLAC,LRCX,US4824801009,US5128073062,0.0,0.0,bull,bull,stock,stock,,,0.08253855193277171,0.08253855193277171,,,21.87,64.2,0.1459455787269346,True,2882688710.6453614,True,OK,False
LRCX,MELI,Lam Research Corporation,MercadoLibre Inc.,LRCX,MELI,US5128073062,US58733R1023,0.0,20.4,bull,bull,stock,stock,,,0.08253855193277171,0.08253855193277171,,,27.36,68.0,0.024261721074104736,True,1294923025.8874998,True,OK,False
MELI,META,MercadoLibre Inc.,META PLATFORMS INC,MELI,META,US58733R1023,US30303M1027,0.0,39.9,bull,bull,stock,stock,,,0.08253855193277171,0.08253855193277171,,,32.47,94.9,0.14505985969074242,True,15523983793.387892,True,OK,False
META,MSFT,META PLATFORMS INC,MICROSOFT DL,META,MSFT,US30303M1027,US5949181045,0.0,43.2,bull,bull,stock,stock,,,0.08253855193277171,0.08253855193277171,,,35.65,92.8,0.238144477834473,True,11831855260.490234,True,OK,False
MSFT,MU,MICROSOFT DL,MICRON TECHNOLOGY INC,MSFT,MU,US5949181045,US5951121038,0.0,0.0,bull,bull,stock,stock,,,0.08253855193277171,0.08253855193277171,,,33.96,84.1,0.4659613329123198,True,26255730998.433327,True,OK,False
MU,NVDA,MICRON TECHNOLOGY INC,NVIDIA CORP.,MU,NVDA,US5951121038,US67066G1040,0.0,73.6,bull,bull,stock,stock,,,0.08253855193277171,0.08253855193277171,,,38.58,94.7,0.13914004186462092,True,24782474348.02334,True,OK,False
NVDA,NXP,NVIDIA CORP.,NXP SEMICONDUCTORS NV,NVDA,NXP,US67066G1040,NL0009538784,0.0,100.0,bull,bull,stock,stock,,,0.08253855193277171,0.08253855193277171,,,22.85,52.6,-0.055994671492502035,False,4856984.99689045,False,OK,False
NXP,ON,NXP SEMICONDUCTORS NV,ON SEMICOND.,NXP,ON,NL0009538784,US6821891057,0.0,88.0,bull,bull,stock,stock,,,0.08253855193277171,0.08253855193277171,,,10.67,45.6,-0.04233399983460684,False,961357400.3449287,True,OK,False
ON,ORCL,ON SEMICOND.,ORACLE CORP,ON,ORCL,US6821891057,US68389X1054,0.0,57.0,bull,bull,stock,stock,,,0.08253855193277171,0.08253855193277171,,,24.51,60.1,-0.11737153375175591,False,4355575490.374882,True,OK,False
ORCL,SAP.DE,ORACLE CORP,SAP SE O.N.,ORCL,SAP.DE,US68389X1054,DE0007164600,0.0,68.8,bull,bull,stock,stock,,,0.08253855193277171,0.08253855193277171,,,25.75,83.7,0.16736709858939092,True,399587573.88521045,True,OK,False
PLTR,SNOW,PALANTIR TECHN.,SNOWFLAKE INC. A,PLTR,SNOW,US69608A1088,US8334451098,0.0,55.9,bull,bull,stock,stock,,,0.08253855193277171,0.08253855193277171,,,19.13,66.8,0.5901908258994648,True,1504035862.6538637,True,OK,False
SAP.DE,TSMN.MX,SAP SE O.N.,TAIWAN SEMICON.MANU.ADR/5,SAP.DE,TSMN.MX,DE0007164600,US8740391003,0.0,81.8,bull,bull,stock,stock,,,0.08253855193277171,0.08253855193277171,,,34.36,88.3,0.2139164480286584,True,25633211.45,True,OK,False
SNOW,TTAN,SNOWFLAKE INC. A,ServiceTitan,SNOW,TTAN,US8334451098,US81764X1037,0.0,26.4,bull,bull,stock,stock,,,0.08253855193277171,0.08253855193277171,,,12.81,50.3,-0.020057921873241735,False,219304557.87045708,True,OK,False
TSMN.MX,ZETA,TAIWAN SEMICON.MANU.ADR/5,ZETA GLOBAL,TSMN.MX,ZETA,US8740391003,US98956A1051,0.0,24.7,bull,bull,stock,stock,,,0.08253855193277171,0.08253855193277171,,,20.58,77.2,0.5463660841533897,True,198845251.85235786,True,OK,False
TTAN,0857.HK,ServiceTitan,PETROCHINA CO.,TTAN,0857.HK,US81764X1037,CNE1000003W8,0.0,69.6,bull,bull,stock,stock,,,0.08253855193277171,0.08253855193277171,,,27.54,70.0,0.04670973847886595,True,638480257.1900394,True,OK,False
ZETA,3750.HK,ZETA GLOBAL,CONT.AMPEREX (CATL),ZETA,3750.HK,US98956A1051,CNE100006WS8,0.0,82.0,bull,bull,stock,stock,,,0.08253855193277171,0.08253855193277171,,,25.76,67.1,-0.17034205336169728,False,1501963614.5146103,True,OK,False
0857.HK,ALB,PETROCHINA CO.,ALBEMARLE CORP.,0857.HK,ALB,CNE1000003W8,US0126531013,0.0,25.2,bull,bull,stock,stock,,,0.08253855193277171,0.08253855193277171,,,10.95,39.0,-0.3421516412953879,False,242153858.14813614,True,OK,False
3750.HK,CCJ,CONT.AMPEREX (CATL),CAMECO CORP.,3750.HK,CCJ,CNE100006WS8,CA13321L1085,0.0,23.1,bull,bull,stock,stock,,,0.08253855193277171,0.08253855193277171,,,19.68,57.7,-0.16486502347154308,False,290131084.2118363,True,OK,False
ALB,CVX,ALBEMARLE CORP.,CHEVRON CORP,ALB,CVX,US0126531013,US1667641005,0.0,80.8,bull,bull,stock,stock,,,0.08253855193277171,0.08253855193277171,,,26.5,80.0,0.13925381053211328,True,1987754830.675975,True,OK,False
CCJ,ENR.DE,CAMECO CORP.,SIEMENS ENERGY,CCJ,ENR.DE,CA13321L1085,DE000ENER6Y0,0.0,86.5,bull,bull,stock,stock,,,0.08253855193277171,0.08253855193277171,,,14.69,52.6,-0.055608892998206705,False,269661494.42828065,True,OK,False
CVX,ETN,CHEVRON CORP,Eaton Corporation plc,CVX,ETN,US1667641005,IE00B8KQN827,0.0,0.0,bull,bull,stock,stock,,,0.08253855193277171,0.08253855193277171,,,26.54,70.4,0.10169445332970195,True,898446659.0034653,True,OK,False
ENR.DE,FLNC,SIEMENS ENERGY,FLUENCE ENER.,ENR.DE,FLNC,DE000ENER6Y0,US34379V1035,0.0,3.7,bull,bull,stock,stock,,,0.08253855193277171,0.08253855193277171,,,9.05,32.7,-0.5559984412366725,False,62822853.246306136,True,OK,False
ETN,FSLR,Eaton Corporation plc,FIRST SOLAR INC,ETN,FSLR,IE00B8KQN827,US3364331070,,31.0,bull,bull,stock,stock,,,0.08253855193277171,0.08253855193277171,,,24.39,64.3,-0.19889208005186698,False,411544390.4954514,True,OK,False
FLNC,KEP,FLUENCE ENER.,KOREA EL. PWR ADR 1/2,FLNC,KEP,US34379V1035,US5006311063,0.0,12.6,bull,bull,stock,stock,,,0.08253855193277171,0.08253855193277171,,,28.76,38.9,-0.25221946624486746,False,8550006.486160086,True,OK,False
FSLR,OXY,FIRST SOLAR INC,OCCIDENTAL PET.,FSLR,OXY,US3364331070,US6745991058,0.0,75.7,bull,bull,stock,stock,,,0.08253855193277171,0.08253855193277171,,,19.07,76.5,0.11291022092120473,True,572039923.2616299,True,OK,False
KEP,SU.PA,KOREA EL. PWR ADR 1/2,Schneider Electric S.E.,KEP,SU.PA,US5006311063,FR0000121972,0.0,0.0,bull,bull,stock,stock,,,0.08253855193277171,0.08253855193277171,,,25.23,61.5,0.0011128272154041774,True,309013030.56017303,True,OK,False
NEE,XOM,"NextEra Energy, Inc.",EXXON MOBIL CORP,NEE,XOM,US65339F1012,US30231G1022,,91.8,bull,bull,stock,stock,,,0.08253855193277171,0.08253855193277171,,,27.41,79.9,0.13236463607689242,True,2212332060.5119014,True,OK,False
OXY,XSDG.F,OCCIDENTAL PET.,SAMSUNG SDI,OXY,XSDG.F,US6745991058,US7960542030,0.0,36.7,bull,bull,stock,stock,,,0.08253855193277171,0.08253855193277171,,,16.62,67.8,0.3141333518263887,True,304610.46503028873,False,OK,False
SU.PA,2899.HK,Schneider Electric S.E.,ZIJIN MINING,SU.PA,2899.HK,FR0000121972,CNE100000502,,53.8,bull,bull,stock,stock,,,0.08253855193277171,0.08253855193277171,,,29.47,68.2,-0.06295306176783777,False,1173098736.0347133,True,OK,False
UEC,AAGFF,URANIUM ENERGY CORP,AFTERMATH SILVER,UEC,AAGFF,US9168961038,CA00831V2057,0.0,32.9,bull,bull,stock,stock,,,0.08253855193277171,0.08253855193277171,,,6.14,29.1,-0.3052881940375095,False,112147.52274498343,False,OK,False
XOM,ABX.TO,EXXON MOBIL CORP,BARRICK MINING,XOM,ABX.TO,US30231G1022,CA06849F1080,0.0,31.3,bull,bull,stock,stock,,,0.08253855193277171,0.08253855193277171,,,35.47,83.6,-0.005908664228637894,False,214219488.34934044,True,OK,False
XSDG.F,AEM,SAMSUNG SDI,AGNICO EAGLE,XSDG.F,AEM,US7960542030,CA0084741085,0.0,50.1,bull,bull,stock,stock,,,0.08253855193277171,0.08253855193277171,,,42.53,80.6,0.0013009258363196885,True,323578858.72688293,True,OK,False
YCA.L,AG.TO,YELLOW CAKE PLC,FIRST MAJESTIC,YCA.L,AG.TO,JE00BF50RG45,CA32076V1031,0.0,36.4,bull,bull,stock,stock,,,0.08253855193277171,0.08253855193277171,,,32.76,49.1,-0.11727154080890623,False,46845147.845285036,True,OK,False
2899.HK,AGI.TO,ZIJIN MINING,ALAMOS GOLD,2899.HK,AGI.TO,CNE100000502,CA0115321089,0.0,100.0,bull,bull,stock,stock,,,0.08253855193277171,0.08253855193277171,,,28.75,67.1,-0.12660476394683262,False,46523244.43362122,True,OK,False
AAGFF,ASM.TO,AFTERMATH SILVER,AVINO SILVER,AAGFF,ASM.TO,CA00831V2057,CA0539061030,0.0,36.8,bull,bull,stock,stock,,,0.08253855193277171,0.08253855193277171,,,34.03,50.0,-0.1815616217496272,False,5440352.94218564,True,OK,False
ABX.TO,BTO.TO,BARRICK MINING,B2GOLD CORP.,ABX.TO,BTO.TO,CA06849F1080,CA11777Q2099,0.0,64.9,bull,bull,stock,stock,,,0.08253855193277171,0.08253855193277171,,,29.41,72.5,0.13426058098956806,True,26267013.502324104,True,OK,False
AEM,CSTM,AGNICO EAGLE,CONSTELLIUM SE,AEM,CSTM,CA0084741085,FR0013467479,0.0,36.6,bull,bull,stock,stock,,,0.08253855193277171,0.08253855193277171,,,22.66,53.1,-0.06148898789980106,False,42450855.946229555,True,OK,False
AG.TO,DSV.TO,FIRST MAJESTIC,DISCOVERY SILVER,AG.TO,DSV.TO,CA32076V1031,CA2546771072,0.0,27.9,bull,bull,stock,stock,,,0.08253855193277171,0.08253855193277171,,,23.58,62.0,0.19902004840502285,True,31913719.48420143,True,OK,False
AGI.TO,DV.V,ALAMOS GOLD,DOLLY VARDEN,AGI.TO,DV.V,CA0115321089,CA2568277834,0.0,32.7,bull,bull,stock,stock,,,0.08253855193277171,0.08253855193277171,,,5.41,26.8,-0.3537739900194184,False,1474932.2093435884,False,OK,False
ASM.TO,EDR.TO,AVINO SILVER,ENDEAVOUR SILVER,ASM.TO,EDR.TO,CA0539061030,CA29258Y1034,0.0,31.0,bull,bull,stock,stock,,,0.08253855193277171,0.08253855193277171,,,19.75,61.3,-0.10013252678578288,False,14073962.5125,True,OK,False
BTO.TO,EQX.TO,B2GOLD CORP.,EQUINOX GOLD,BTO.TO,EQX.TO,CA11777Q2099,CA29446Y5020,0.0,55.9,bull,bull,stock,stock,,,0.08253855193277171,0.08253855193277171,,,24.3,57.0,-0.09545189649740204,False,55845035.30073471,True,OK,False
CSTM,FCX,CONSTELLIUM SE,FREEPORT-MCMORAN,CSTM,FCX,FR0013467479,US35671D8570,0.0,37.1,bull,bull,stock,stock,,,0.08253855193277171,0.08253855193277171,,,26.78,78.9,0.15078874839086698,True,787688815.3735061,True,OK,False
DSV.TO,FRES.L,DISCOVERY SILVER,FRESNILLO PLC,DSV.TO,FRES.L,CA2546771072,GB00B2QPKJ12,0.0,21.4,bull,bull,stock,stock,,,0.08253855193277171,0.08253855193277171,,,37.8,66.8,-0.15264703883572106,False,2686218217.8,True,OK,False
DV.V,GOT.V,DOLLY VARDEN,GOLIATH RES,DV.V,GOT.V,CA2568277834,CA38171A2092,0.0,50.0,bull,bull,stock,stock,,,0.08253855193277171,0.08253855193277171,,,9.05,40.3,-0.19450695141928054,False,370811.1027347088,False,OK,False
EDR.TO,HL,ENDEAVOUR SILVER,HECLA MNG,EDR.TO,HL,CA29258Y1034,US4227041062,0.0,12.4,bull,bull,stock,stock,,,0.08253855193277171,0.08253855193277171,,,27.02,64.2,-0.10598875818784848,False,670218985.6782303,True,OK,False
EQX.TO,HMY,EQUINOX GOLD,Harmony Gold Mining Company,EQX.TO,HMY,CA29446Y5020,US4132163001,0.0,27.3,bull,bull,stock,stock,,,0.08253855193277171,0.08253855193277171,,,27.13,66.2,-0.06798034872582226,False,67701706.57469234,True,OK,False
FCX,LGO,FREEPORT-MCMORAN,LARGO INC,FCX,LGO,US35671D8570,CA5170971017,0.0,96.7,bull,bull,stock,stock,,,0.08253855193277171,0.08253855193277171,,,10.75,26.5,-0.5223707496525501,False,600206.0722936214,False,OK,False
FRES.L,MGMA.V,FRESNILLO PLC,MAGMA SILVER,FRES.L,MGMA.V,GB00B2QPKJ12,CA5589221004,0.0,23.3,bull,bull,stock,stock,,,0.08253855193277171,0.08253855193277171,,,2.79,27.4,-0.3974391282199792,False,29010.485351565105,False,OK,False
GOT.V,NEM.AX,GOLIATH RES,NEWMONT CORP.,GOT.V,NEM.AX,CA38171A2092,AU0000297962,0.0,43.9,bull,bull,stock,stock,,,0.08253855193277171,0.08253855193277171,,,34.33,77.9,0.059519111161499216,True,44301737.2284378,True,OK,False
HL,PAAS.TO,HECLA MNG,PAN AMER. SILVER,HL,PAAS.TO,US4227041062,CA6979001089,0.0,41.7,bull,bull,stock,stock,,,0.08253855193277171,0.08253855193277171,,,26.64,62.0,-0.0871834704105009,False,47378435.208026126,True,OK,False
HMY,PKX,Harmony Gold Mining Company,POSCO HOL.ADR,HMY,PKX,US4132163001,US6934831099,0.0,47.7,bull,bull,stock,stock,,,0.08253855193277171,0.08253855193277171,,,25.98,63.3,-0.06648703406484058,False,10859076.326575087,True,OK,False
LGO,PPTA,LARGO INC,Perpetua Resources,LGO,PPTA,CA5170971017,CA7142661031,0.0,33.6,bull,bull,stock,stock,,,0.08253855193277171,0.08253855193277171,,,12.61,47.2,-0.21494129546437202,False,19514016.638657857,True,OK,False
MGMA.V,SLVR.V,MAGMA SILVER,SILVER TIGER,MGMA.V,SLVR.V,CA5589221004,CA82831T1093,0.0,11.8,bull,bull,stock,stock,,,0.08253855193277171,0.08253855193277171,,,10.56,34.4,0.0284928553377066,True,449421.5917425156,False,OK,False
NEM.AX,SOLB.BR,NEWMONT CORP.,SOLVAY S.A. A,NEM.AX,SOLB.BR,AU0000297962,BE0003470755,0.0,100.0,bull,bull,stock,stock,,,0.08253855193277171,0.08253855193277171,,,18.56,49.3,-0.025583704140794805,False,9267794.65816574,True,OK,False
PAAS.TO,VALE,PAN AMER. SILVER,VALE S.A.,PAAS.TO,VALE,CA6979001089,BRVALEACNOR0,0.0,3.6,bull,bull,stock,stock,,,0.08253855193277171,0.08253855193277171,,,28.03,59.3,-0.0982946308107312,False,460422694.3476262,True,OK,False
PKX,VZLA.TO,POSCO HOL.ADR,VIZSLA SILVER,PKX,VZLA.TO,US6934831099,CA92859G6085,0.0,5.0,bull,bull,stock,stock,,,0.08253855193277171,0.08253855193277171,,,12.33,44.1,-0.06385089337538197,False,4456168.266671896,False,OK,False
PPTA,NDA.DE,Perpetua Resources,AURUBIS AG,PPTA,NDA.DE,CA7142661031,DE0006766504,0.0,54.1,bull,bull,stock,stock,,,0.08253855193277171,0.08253855193277171,,,23.59,59.2,-0.07201250332060416,False,27712499.425488282,True,OK,False
SLVR.V,SGM.AX,SILVER TIGER,Sims Limited,SLVR.V,SGM.AX,CA82831T1093,AU000000SGM7,0.0,0.0,bull,bull,stock,stock,,,0.08253855193277171,0.08253855193277171,,,21.37,54.5,-0.02861468118908217,False,15187810.678534413,True,OK,False
SOLB.BR,TOM.OL,SOLVAY S.A. A,Tomra Systems ASA,SOLB.BR,TOM.OL,BE0003470755,NO0005668905,0.0,0.0,bull,bull,stock,stock,,,0.08253855193277171,0.08253855193277171,,,19.34,54.4,-0.16138879791687877,False,61816135.80412369,True,OK,False
VALE,UMI.BR,VALE S.A.,UMICORE,VALE,UMI.BR,BRVALEACNOR0,BE0974320526,0.0,0.0,bull,bull,stock,stock,,,0.08253855193277171,0.08253855193277171,,,22.8,51.7,0.030882893724183846,True,7454437.205351257,True,OK,False
VZLA.TO,INGR,VIZSLA SILVER,INGREDION INC,VZLA.TO,INGR,CA92859G6085,US4571871023,0.0,29.1,bull,bull,stock,stock,,,0.08253855193277171,0.08253855193277171,,,31.06,57.3,-0.0937735080959573,False,65463068.67900162,True,OK,False
WPM.TO,KO,WHEATON PREC.,Coca-Cola,WPM.TO,KO,CA9628791027,US1912161007,0.0,63.0,bull,bull,stock,stock,,,0.08253855193277171,0.08253855193277171,,,32.87,75.4,0.10997494179171974,True,1402346310.5718842,True,OK,False
NDA.DE,LC0A.MU,AURUBIS AG,LUCKIN COFFEE,NDA.DE,LC0A.MU,DE0006766504,US54951L1098,0.0,90.2,bull,bull,stock,stock,,,0.08253855193277171,0.08253855193277171,,,27.8,68.0,0.010870341409679352,True,4152.24010848999,False,OK,False
SGM.AX,NESN.SW,Sims Limited,NESTLE NAM.,SGM.AX,NESN.SW,AU000000SGM7,CH0038863350,,95.7,bull,bull,stock,stock,,,0.08253855193277171,0.08253855193277171,,,23.79,57.2,-0.021523972592476848,False,253223996.926836,True,OK,False
TOM.OL,PEP,Tomra Systems ASA,PepsiCo,TOM.OL,PEP,NO0005668905,US7134481081,,78.4,bull,bull,stock,stock,,,0.08253855193277171,0.08253855193277171,,,27.48,58.7,-0.12511704722226336,False,1309837340.3373566,True,OK,False
UMI.BR,PG,UMICORE,Procter & Gamble,UMI.BR,PG,BE0974320526,US7427181091,0.0,86.3,bull,bull,stock,stock,,,0.08253855193277171,0.08253855193277171,,,29.38,68.6,0.03321073260497509,True,1199805342.94487,True,OK,False
CPB,PM,CAMPBELLS CO.,PHILIP MORRIS INTERNATIONAL INC,CPB,PM,US1344291091,US7181721090,0.0,57.4,bull,bull,stock,stock,,,0.08253855193277171,0.08253855193277171,,,29.17,76.3,0.13651517575972094,True,883185312.105983,True,OK,False
INGR,MC.PA,INGREDION INC,LVMH EO,INGR,MC.PA,US4571871023,FR0000121014,0.0,46.6,bull,bull,stock,stock,,,0.08253855193277171,0.08253855193277171,,,15.6,53.1,-0.21545735904165175,False,233202750.99999997,True,OK,False
KO,MNSO,Coca-Cola,MINISO GRP ADS,KO,MNSO,US1912161007,US66981J1025,0.0,60.9,bull,bull,stock,stock,,,0.08253855193277171,0.08253855193277171,,,18.48,46.0,-0.317970435887558,False,8569095.8587389,True,OK,False
LC0A.MU,NKE,LUCKIN COFFEE,NIKE INC. B,LC0A.MU,NKE,US54951L1098,US6541061031,0.0,61.5,bull,bull,stock,stock,,,0.08253855193277171,0.08253855193277171,,,15.56,43.1,-0.26353595916874073,False,1665588033.626111,True,OK,False
NESN.SW,RACE,NESTLE NAM.,Ferrari N.V.,NESN.SW,RACE,CH0038863350,NL0011585146,0.0,0.0,bull,bull,stock,stock,,,0.08253855193277171,0.08253855193277171,,,26.53,67.6,0.06486941039428995,True,171110306.00625002,True,OK,False
PEP,RI.PA,PepsiCo,PERNOD RICARD,PEP,RI.PA,US7134481081,FR0000120693,0.0,100.0,bull,bull,stock,stock,,,0.08253855193277171,0.08253855193277171,,,18.75,50.9,-0.06108677834226228,False,42222680.994112015,True,OK,False
PG,UAA,Procter & Gamble,UNDER ARMOUR,PG,UAA,US7427181091,US9043111072,0.0,51.3,bull,bull,stock,stock,,,0.08253855193277171,0.08253855193277171,,,5.22,44.5,-0.16543325264343567,False,54016884.49784784,True,OK,False
PM,BAYN.DE,PHILIP MORRIS INTERNATIONAL INC,BAYER AG,PM,BAYN.DE,US7181721090,DE000BAY0017,0.0,6.7,bull,bull,stock,stock,,,0.08253855193277171,0.08253855193277171,,,16.77,51.1,0.015003619530565615,True,105433133.33266068,True,OK,False
MC.PA,CNC,LVMH EO,CENTENE CORP.,MC.PA,CNC,FR0000121014,US15135B1017,0.0,16.9,bull,bull,stock,stock,,,0.08253855193277171,0.08253855193277171,,,17.6,67.6,0.2327165002817615,True,309418449.64523584,True,OK,False
MNSO,FME.DE,MINISO GRP ADS,FRESEN.MED.CARE,MNSO,FME.DE,US66981J1025,DE0005785802,0.0,93.6,bull,bull,stock,stock,,,0.08253855193277171,0.08253855193277171,,,14.34,48.4,-0.03490210978445207,False,33730363.125,True,OK,False
NKE,INCY,NIKE INC. B,INCYTE CORP,NKE,INCY,US6541061031,US45337C1027,0.0,14.5,bull,bull,stock,stock,,,0.08253855193277171,0.08253855193277171,,,34.08,71.6,0.05582575131032863,True,193270619.6736889,True,OK,False
RACE,JNJ,Ferrari N.V.,Johnson & Johnson,RACE,JNJ,NL0011585146,US4781601046,,76.2,bull,bull,stock,stock,,,0.08253855193277171,0.08253855193277171,,,36.99,81.6,0.07993481393018387,True,1743669004.1522598,True,OK,False
RI.PA,NOVO-B.CO,PERNOD RICARD,NOVO-NORDISK,RI.PA,NOVO-B.CO,FR0000120693,DK0062498333,0.0,31.0,bull,bull,stock,stock,,,0.08253855193277171,0.08253855193277171,,,17.7,61.3,-0.1126381454382187,False,1485024488.3999999,True,OK,False
UAA,OGN,UNDER ARMOUR,ORGANON + CO.,UAA,OGN,US9043111072,US68622V1061,0.0,0.0,bull,bull,stock,stock,,,0.08253855193277171,0.08253855193277171,,,19.17,58.6,0.25021512825796055,True,30181449.117148876,True,OK,False
BAYN.DE,PFE,BAYER AG,PFIZER INC.,BAYN.DE,PFE,DE000BAY0017,US7170811035,0.0,100.0,bull,bull,stock,stock,,,0.08253855193277171,0.08253855193277171,,,26.96,71.3,0.08820984883253091,True,926137182.7062817,True,OK,False
CNC,TEM,CENTENE CORP.,Tempus AI,CNC,TEM,US15135B1017,US88023B1035,0.0,31.3,bull,bull,stock,stock,,,0.08253855193277171,0.08253855193277171,,,18.22,64.1,0.2629177132068272,True,566134122.3343086,True,OK,False
FME.DE,UNH,FRESEN.MED.CARE,UNITEDHEALTH,FME.DE,UNH,DE0005785802,US91324P1021,0.0,26.5,bull,bull,stock,stock,,,0.08253855193277171,0.08253855193277171,,,20.46,62.2,0.0785093843098359,True,1878848274.584903,True,OK,False
INCY,AAPL,INCYTE CORP,Apple Inc.,INCY,AAPL,US45337C1027,US0378331005,0.0,84.3,bull,bull,stock,stock,,,0.08253855193277171,0.08253855193277171,,,35.02,78.1,0.16144467810701024,True,12583264654.811052,True,OK,False
JNJ,CDNL,Johnson & Johnson,Cardinal Infrastructure,JNJ,CDNL,US4781601046,US14154A1025,0.0,50.0,bull,bull,stock,stock,,,0.08253855193277171,0.08253855193277171,,,9.26,31.6,-0.536528472565359,False,15097103.960588837,True,OK,False
NOVO-B.CO,LUMN,NOVO-NORDISK,LUMEN TECHN.,NOVO-B.CO,LUMN,DK0062498333,US5502411037,0.0,49.3,bull,bull,stock,stock,,,0.08253855193277171,0.08253855193277171,,,5.45,31.1,-0.2970982814641635,False,71345335.40807705,True,OK,False
OGN,TTK.DE,ORGANON + CO.,TAKKT AG,OGN,TTK.DE,US68622V1061,DE0007446007,0.0,86.5,bull,bull,stock,stock,,,0.08253855193277171,0.08253855193277171,,,14.26,52.2,0.020363320722667888,True,42245.60638926029,False,OK,False
PFE,MBLY,PFIZER INC.,Mobileye Global,PFE,MBLY,US7170811035,US60741F1049,0.0,44.0,bull,bull,stock,stock,,,0.08253855193277171,0.08253855193277171,,,4.11,36.7,-0.1892985157916992,False,45729936.23878055,True,OK,False
TEM,STLA,Tempus AI,Stellantis N.V.,TEM,STLA,US88023B1035,NL00150001Q9,0.0,15.0,bull,bull,stock,stock,,,0.08253855193277171,0.08253855193277171,,,3.17,44.1,-0.3703586739604634,False,129404551.21072191,True,OK,False
UNH,TSLA,UNITEDHEALTH,Tesla,UNH,TSLA,US91324P1021,US88160R1014,0.0,35.8,bull,bull,stock,stock,,,0.08253855193277171,0.08253855193277171,,,18.5,65.1,-0.01697581257177705,False,13654724498.095139,True,OK,False
AAPL,VOW3.DE,Apple Inc.,Volkswagen AG Vz.,AAPL,VOW3.DE,US0378331005,DE0007664039,0.0,57.2,bull,bull,stock,stock,,,0.08253855193277171,0.08253855193277171,,,17.32,48.7,-0.17472022304847623,False,97206982.6,True,OK,False
ASTS,NFLX,"AST SpaceMobile, Inc.",NETFLIX INC.,ASTS,NFLX,US00217D1000,US64110L1061,0.0,93.9,bull,bull,stock,stock,,,0.08253855193277171,0.08253855193277171,,,25.0,64.6,-0.1567283921915773,False,2619476792.6625,True,OK,False
CDNL,SPOT,Cardinal Infrastructure,SPOTIFY TECH.,CDNL,SPOT,US14154A1025,LU1778762911,0.0,76.0,bull,bull,stock,stock,,,0.08253855193277171,0.08253855193277171,,,25.01,80.9,0.06257378796804325,True,777005573.8139466,True,OK,False
LUMN,TME,LUMEN TECHN.,TENCENT MUSIC ENTERTAINMENT GROUP,LUMN,TME,US5502411037,US88034P1093,0.0,84.0,bull,bull,stock,stock,,,0.08253855193277171,0.08253855193277171,,,22.37,57.5,-0.22228643759628275,False,58921575.83938332,True,OK,False
TTK.DE,PL,TAKKT AG,Planet Labs PBC,TTK.DE,PL,DE0007446007,US72703X1063,0.0,0.0,bull,bull,stock,stock,,,0.08253855193277171,0.08253855193277171,,,11.69,36.8,-0.37737920142729553,False,180460386.0387248,True,OK,False
MBLY,RCAT,Mobileye Global,Red Cat Holdings,MBLY,RCAT,US60741F1049,US75644T1007,0.0,13.2,bull,bull,stock,stock,,,0.08253855193277171,0.08253855193277171,,,10.58,39.6,-0.4709031089786577,False,50890959.5807733,True,OK,False
STLA,RHM.DE,Stellantis N.V.,Rheinmetall AG,STLA,RHM.DE,NL00150001Q9,DE0007030009,0.0,18.7,bull,bull,stock,stock,,,0.08253855193277171,0.08253855193277171,,,31.36,53.7,-0.28853122165530287,False,172260470.21669313,True,OK,False
TSLA,RKLB,Tesla,"Rocket Lab USA, Inc.",TSLA,RKLB,US88160R1014,US7731211089,0.0,0.0,bull,bull,stock,stock,,,0.08253855193277171,0.08253855193277171,,,15.64,44.8,-0.15748249445847873,False,1471066135.0209699,True,OK,False
VOW3.DE,ADA-USD,Volkswagen AG Vz.,Cardano,VOW3.DE,ADA-USD,DE0007664039,,0.0,0.0,bull,bull,stock,crypto,,,0.08253855193277171,0.14669386523166983,,,18.8,53.1,0.11176290577067971,True,163248240.2701918,True,OK,True
NFLX,ALV.DE,NETFLIX INC.,ALLIANZ SE,NFLX,ALV.DE,US64110L1061,DE0008404005,0.0,58.7,bull,bull,stock,stock,,,0.08253855193277171,0.08253855193277171,,,29.52,60.7,0.06828430776367655,True,228972260.55,True,OK,False
SPOT,BLK,SPOTIFY TECH.,BLACKROCK INC,SPOT,BLK,LU1778762911,US09247X1019,0.0,28.1,bull,bull,stock,stock,,,0.08253855193277171,0.08253855193277171,,,31.02,74.3,0.031913339077240144,True,566189525.6344849,True,OK,False
TME,BTC-USD,TENCENT MUSIC ENTERTAINMENT GROUP,Bitcoin,TME,BTC-USD,US88034P1093,,0.0,0.0,bull,bull,stock,crypto,,,0.08253855193277171,0.14669386523166983,,,25.78,68.1,0.14669386523166983,True,2681940906910587.0,True,OK,True
PL,CME,Planet Labs PBC,CME Group Inc.,PL,CME,US72703X1063,US12572Q1058,0.0,0.0,bull,bull,stock,stock,,,0.08253855193277171,0.08253855193277171,,,27.93,70.6,0.01918464483659088,True,516000155.5835266,True,OK,False
RCAT,COIN,Red Cat Holdings,COINBASE GLB.,RCAT,COIN,US75644T1007,US19260Q1076,0.0,34.0,bull,bull,stock,stock,,,0.08253855193277171,0.08253855193277171,,,26.95,73.4,-0.013994072231258703,False,1801577530.005478,True,OK,False
RHM.DE,DB1.DE,Rheinmetall AG,DEUTSCHE BOERSE AG,RHM.DE,DB1.DE,DE0007030009,DE0005140008,0.0,59.0,bull,bull,stock,stock,,,0.08253855193277171,0.08253855193277171,,,29.94,85.7,0.19004140053471663,True,94589493.6,True,OK,False
RKLB,ETH-USD,"Rocket Lab USA, Inc.",Ethereum,RKLB,ETH-USD,US7731211089,,0.0,0.0,bull,bull,stock,crypto,,,0.08253855193277171,0.14669386523166983,,,23.6,68.7,0.16492508913696713,True,34029708688507.016,True,OK,True
ADA-USD,FIGR,Cardano,Figure Technology Solutions,ADA-USD,FIGR,,US3493811034,,3.2,bull,bull,crypto,stock,,,0.14669386523166983,0.08253855193277171,,,17.17,45.5,-0.2099789247446584,False,135434582.1134591,True,OK,False
ALV.DE,ICE,ALLIANZ SE,"Intercontinental Exchange, Inc.",ALV.DE,ICE,DE0008404005,US45866F1049,0.0,0.0,bull,bull,stock,stock,,,0.08253855193277171,0.08253855193277171,,,27.6,69.9,0.01721487725289217,True,392402885.99933624,True,OK,False
BLK,MA,BLACKROCK INC,MASTERCARD INC,BLK,MA,US09247X1019,US57636Q1040,0.0,58.4,bull,bull,stock,stock,,,0.08253855193277171,0.08253855193277171,,,33.54,81.2,0.10754664144609793,True,1655972390.7846222,True,OK,False
BTC-USD,NRDS,Bitcoin,NERDWALLET INC,BTC-USD,NRDS,,US64082B1026,,18.1,bull,bull,crypto,stock,,,0.14669386523166983,0.08253855193277171,,,21.98,56.2,-0.026936608465949585,False,7772582.582917785,True,OK,False
CME,PGY,CME Group Inc.,Pagaya Technologies Ltd.,CME,PGY,US12572Q1058,IL0011858912,,0.5,bull,bull,stock,stock,,,0.08253855193277171,0.08253855193277171,,,13.73,50.2,0.08521720114162568,True,46287601.43419666,True,OK,False
COIN,PYPL,COINBASE GLB.,PAYPAL HDGS,COIN,PYPL,US19260Q1076,US70450Y1038,0.0,29.5,bull,bull,stock,stock,,,0.08253855193277171,0.08253855193277171,,,23.96,87.5,0.11127501952971142,True,651332787.452488,True,OK,False
DB1.DE,SOL-EUR,DEUTSCHE BOERSE AG,SOLANA (KRYPTO),DB1.DE,SOL-EUR,DE0005140008,,0.0,0.0,bull,bull,stock,stock,,,0.08253855193277171,0.08253855193277171,,,24.96,76.6,0.30003098600175937,True,322957203507.23566,True,OK,True
ETH-USD,V,Ethereum,Visa Inc.,ETH-USD,V,,US92826C8394,,0.0,bull,bull,crypto,stock,,,0.14669386523166983,0.08253855193277171,,,29.79,78.7,0.14198511716137308,True,2385097533.975,True,OK,False
FIGR,XRP-EUR,Figure Technology Solutions,XRP (KRYPTO),FIGR,XRP-EUR,US3493811034,,0.0,29.1,bull,bull,stock,stock,,,0.08253855193277171,0.08253855193277171,,,14.11,66.8,0.11824638823571698,True,4306786411.0502615,True,OK,True
ICE,XYZ,"Intercontinental Exchange, Inc.",BLOCK INC. A,ICE,XYZ,US45866F1049,US8522341036,,35.8,bull,bull,stock,stock,,,0.08253855193277171,0.08253855193277171,,,21.27,68.0,0.09515226889101291,True,325865924.0982071,True,OK,False
MA,ACB.TO,MASTERCARD INC,Aurora Cannabis,MA,ACB.TO,US57636Q1040,CA05156X8504,0.0,0.0,bull,bull,stock,stock,,,0.08253855193277171,0.08253855193277171,,,23.45,61.6,0.30843299466998886,True,2394620.2172681806,False,OK,False
NRDS,DOGE-EUR,NERDWALLET INC,DOGECOIN (KRYPTO),NRDS,DOGE-EUR,US64082B1026,,0.0,0.0,bull,bull,stock,stock,,,0.08253855193277171,0.08253855193277171,,,18.98,46.6,-0.004641013386844195,False,87858820.15452634,True,OK,True
PGY,QBTS,Pagaya Technologies Ltd.,D-Wave Quantum Inc.,PGY,QBTS,IL0011858912,US26740W1099,0.0,0.0,bull,bull,stock,stock,,,0.08253855193277171,0.08253855193277171,,,12.45,38.8,-0.2903497586658603,False,225097714.2312773,True,OK,False
PYPL,QS,PAYPAL HDGS,QUANTUMSCAPE A,PYPL,QS,US70450Y1038,US74767V1098,0.0,60.4,bull,bull,stock,stock,,,0.08253855193277171,0.08253855193277171,,,4.84,35.6,-0.36130338808745943,False,57321427.76148057,True,OK,False
SOL-EUR,RGTI,SOLANA (KRYPTO),"Rigetti Computing, Inc.",SOL-EUR,RGTI,,US76655K1034,,0.0,bull,bull,stock,stock,,,0.08253855193277171,0.08253855193277171,,,13.45,40.4,-0.22455235848525323,False,214195341.60278383,True,OK,False
V,RIGD.IL,Visa Inc.,RELIANCE INDS,V,RIGD.IL,US92826C8394,US7594701077,,100.0,bull,bull,stock,stock,,,0.08253855193277171,0.08253855193277171,,,18.94,51.3,-0.15977284443682227,False,3196371.9125,False,OK,False
XRP-EUR,SMX,XRP (KRYPTO),SMX (Security Matters) Public,XRP-EUR,SMX,,IE000B5COQZ5,0.0,53.8,bull,bull,stock,stock,,,0.08253855193277171,0.08253855193277171,,,0.0,32.0,-0.9519134985990212,False,896292.961169219,False,AVOID,False
XYZ,6506.T,BLOCK INC. A,YASKAWA ELECTRIC CORPORATION,XYZ,6506.T,US8522341036,JP3932000007,0.0,0.0,bull,bull,stock,stock,,,0.08253855193277171,0.08253855193277171,,,17.94,52.3,-0.10224164254264212,False,16474780435.0,True,OK,False
ACB.TO,DIS,Aurora Cannabis,THE WALT DISNEY COMPANY,ACB.TO,DIS,CA05156X8504,US2546871060,,0.0,bull,bull,stock,stock,,,0.08253855193277171,0.08253855193277171,,,28.55,71.7,0.04830905606684999,True,965069482.567461,True,OK,False
DOGE-EUR,TEAM,DOGECOIN (KRYPTO),ATLASSIAN CORP.,DOGE-EUR,TEAM,,US0494681010,,0.0,bull,bull,stock,stock,,,0.08253855193277171,0.08253855193277171,,,23.95,67.6,0.820740686923779,True,600900207.1875,True,OK,False
QBTS,UBER,D-Wave Quantum Inc.,UBER TECH. DL,QBTS,UBER,US26740W1099,US90353T1007,0.0,0.0,bull,bull,stock,stock,,,0.08253855193277171,0.08253855193277171,,,24.62,63.0,-0.04295938718021197,False,1180543406.0422153,True,OK,False
QS,NOW,QUANTUMSCAPE A,SERVICENOW INC.,QS,NOW,US74767V1098,US81762P1021,0.0,0.0,bull,bull,stock,stock,,,0.08253855193277171,0.08253855193277171,,,24.73,67.9,0.2211320379357149,True,1515895506.0978165,True,OK,False
RGTI,HIMS,"Rigetti Computing, Inc.","HIMS & HERS HEALTH, INC.",RGTI,HIMS,US76655K1034,US4330001060,0.0,0.0,bull,bull,stock,stock,,,0.08253855193277171,0.08253855193277171,,,17.33,53.3,0.14142468525159635,True,315387814.15479183,True,OK,False
RIGD.IL,SHOP,RELIANCE INDS,SHOPIFY INC.,RIGD.IL,SHOP,US7594701077,CA82509L1076,0.0,0.0,bull,bull,stock,stock,,,0.08253855193277171,0.08253855193277171,,,25.7,75.2,0.3172944523285164,True,1606925073.845929,True,OK,False
SMX,MP,SMX (Security Matters) Public,MP MATERIALS CORP.,SMX,MP,IE000B5COQZ5,US5533681012,0.0,0.0,bull,bull,stock,stock,,,0.08253855193277171,0.08253855193277171,,,16.06,42.3,-0.18357864051669703,False,235910274.75850582,True,OK,False
6506.T,USAR,YASKAWA ELECTRIC CORPORATION,"USA RARE EARTH, INC.",6506.T,USAR,JP3932000007,US91733P1075,,0.0,bull,bull,stock,stock,,,0.08253855193277171,0.08253855193277171,,,11.56,36.9,-0.34748574090686757,False,162546149.44239312,True,OK,False
DIS,ROL,THE WALT DISNEY COMPANY,"ROLLINS, INC.",DIS,ROL,US2546871060,US7757111049,,0.0,bull,bull,stock,stock,,,0.08253855193277171,0.08253855193277171,,,17.98,45.4,-0.34087076773255576,False,281222844.1114123,True,OK,False
TEAM,WM,ATLASSIAN CORP.,"WASTE MANAGEMENT, INC.",TEAM,WM,US0494681010,US94106L1098,,0.0,bull,bull,stock,stock,,,0.08253855193277171,0.08253855193277171,,,24.94,58.5,-0.06520486351029264,False,457384276.83444214,True,OK,False
UBER,LIN,UBER TECH. DL,LINDE PLC,UBER,LIN,US90353T1007,IE000S9YS762,,0.0,bull,bull,stock,stock,,,0.08253855193277171,0.08253855193277171,,,26.57,62.0,-0.003086298861423975,False,1033492857.9726349,True,OK,False
NOW,WDAY,SERVICENOW INC.,"WORKDAY, INC.",NOW,WDAY,US81762P1021,US98138H1014,,0.0,bull,bull,stock,stock,,,0.08253855193277171,0.08253855193277171,,,25.21,72.2,0.19132178596549565,True,431180395.7528595,True,OK,False
ILMN,NPN.JO,ILLUMINA INC.,NASPERS LIMITED CLASS N,ILMN,NPN.JO,US4523271090,ZAE000351946,,0.0,bull,bull,stock,stock,,,0.08253855193277171,0.08253855193277171,,,21.01,59.4,-0.17971595978654364,False,156091566027.30002,True,OK,False
HIMS,NBIS,"HIMS & HERS HEALTH, INC.",NEBIUS GROUP N.V.,HIMS,NBIS,US4330001060,NL0009805522,,0.0,bull,bull,stock,stock,,,0.08253855193277171,0.08253855193277171,,,23.13,74.7,0.2968764938741706,True,3539522203.5323615,True,OK,False
SHOP,ENSG,SHOPIFY INC.,"THE ENSIGN GROUP, INC.",SHOP,ENSG,CA82509L1076,US29358P1012,,0.0,bull,bull,stock,stock,,,0.08253855193277171,0.08253855193277171,,,24.9,59.0,-0.04629731890717104,False,63657307.953186035,True,OK,False
MP,WYFI,MP MATERIALS CORP.,"WHITEFIBER, INC.",MP,WYFI,US5533681012,KYG961151035,,0.0,bull,bull,stock,stock,,,0.08253855193277171,0.08253855193277171,,,10.73,35.0,-0.2814690796309486,False,19610502.355233192,True,OK,False
USAR,APP,"USA RARE EARTH, INC.",APPLOVIN CORPORATION,USAR,APP,US91733P1075,US03831W1080,,0.0,bull,bull,stock,stock,,,0.08253855193277171,0.08253855193277171,,,13.16,40.2,-0.3811401073142251,False,1499185632.7821531,True,OK,False
ROL,KLAR,"ROLLINS, INC.",KLARNA GROUP PLC,ROL,KLAR,US7757111049,GB00BMHVL512,,0.0,bull,bull,stock,stock,,,0.08253855193277171,0.08253855193277171,,,12.72,37.4,-0.21172336826866278,False,72867350.96215324,True,OK,False
WM,CRWV,"WASTE MANAGEMENT, INC.","COREWEAVE, INC.",WM,CRWV,US94106L1098,US21873S1087,,0.0,bull,bull,stock,stock,,,0.08253855193277171,0.08253855193277171,,,18.63,50.0,-0.11133457465623098,False,2476973757.2937055,True,OK,False
LIN,IREN,LINDE PLC,IREN LIMITED,LIN,IREN,IE000S9YS762,AU0000185993,,0.0,bull,bull,stock,stock,,,0.08253855193277171,0.08253855193277171,,,15.22,44.3,-0.23544190202181925,False,1291223126.7183864,True,OK,False
WDAY,PATH,"WORKDAY, INC.","UIPATH, INC.",WDAY,PATH,US98138H1014,US90364P1057,,0.0,bull,bull,stock,stock,,,0.08253855193277171,0.08253855193277171,,,22.34,62.7,0.06748648338904095,True,563217333.7581363,True,OK,False
NPN.JO,SE,NASPERS LIMITED CLASS N,SEA LIMITED,NPN.JO,SE,ZAE000351946,US81141R1005,,0.0,bull,bull,stock,stock,,,0.08253855193277171,0.08253855193277171,,,18.2,50.8,-0.06775025618597619,False,383564461.0197109,True,OK,False
NBIS,TE,NEBIUS GROUP N.V.,T1 ENERGY INC.,NBIS,TE,NL0009805522,US35834F1049,,0.0,bull,bull,stock,stock,,,0.08253855193277171,0.08253855193277171,,,10.41,34.7,-0.4749756763508983,False,63157838.990739964,True,OK,False
ENSG,TTD,"THE ENSIGN GROUP, INC.","THE TRADE DESK, INC.",ENSG,TTD,US29358P1012,US88339J1051,,0.0,bull,bull,stock,stock,,,0.08253855193277171,0.08253855193277171,,,13.39,44.3,-0.45093829565596133,False,310243529.6625826,True,OK,False
WYFI,GRAB,"WHITEFIBER, INC.",GRAB HOLDINGS LIMITED,WYFI,GRAB,KYG961151035,KYG4124C1096,,0.0,bull,bull,stock,stock,,,0.08253855193277171,0.08253855193277171,,,18.99,48.3,-0.1547382983733261,False,258233945.1713278,True,OK,False
APP,MCD,APPLOVIN CORPORATION,MCDONALD'S CORPORATION,APP,MCD,US03831W1080,US5801351017,,0.0,bull,bull,stock,stock,,,0.08253855193277171,0.08253855193277171,,,23.4,58.4,-0.1710360530830436,False,1556931303.8309052,True,OK,False
KLAR,RR.L,KLARNA GROUP PLC,ROLLS-ROYCE HOLDINGS PLC,KLAR,RR.L,GB00BMHVL512,GB00B63H8491,,0.0,bull,bull,stock,stock,,,0.08253855193277171,0.08253855193277171,,,26.45,66.5,0.04078376054600974,True,27838005621.553783,True,OK,False
CRWV,SPCX,"COREWEAVE, INC.",SPACE EXPLORATION TECHNOLOGIES CORP.,CRWV,SPCX,US21873S1087,US84615Q1031,,0.0,bull,bull,stock,stock,,,0.08253855193277171,0.08253855193277171,,,21.91,59.8,,False,15400243249.826094,True,OK,False
IREN,AVAV,IREN LIMITED,"AeroVironment, Inc.",IREN,AVAV,AU0000185993,US0080731088,,0.0,bull,bull,stock,stock,,,0.08253855193277171,0.08253855193277171,,,15.33,41.6,-0.3129830283940789,False,212168283.48461607,True,OK,False
PATH,OCGN,"UIPATH, INC.","Ocugen, Inc.",PATH,OCGN,US90364P1057,US67577C1053,,0.0,bull,bull,stock,stock,,,0.08253855193277171,0.08253855193277171,,,11.49,33.5,-0.37704993638761874,False,6971828.188688946,True,OK,False
SE,AXON,SEA LIMITED,"Axon Enterprise, Inc.",SE,AXON,US81141R1005,US05464C1018,,0.0,bull,bull,stock,stock,,,0.08253855193277171,0.08253855193277171,,,16.05,42.0,-0.14600672218899502,False,485030301.94430393,True,OK,False
TE,INOD,T1 ENERGY INC.,Innodata Inc.,TE,INOD,US35834F1049,US4576422053,,0.0,bull,bull,stock,stock,,,0.08253855193277171,0.08253855193277171,,,16.74,45.1,0.006463999316568714,True,105337216.35364304,True,OK,False
TTD,UUUU,"THE TRADE DESK, INC.",Energy Fuels Inc.,TTD,UUUU,US88339J1051,CA2926717083,,0.0,bull,bull,stock,stock,,,0.08253855193277171,0.08253855193277171,,,12.32,36.4,-0.4133330347747962,False,79544445.60604964,True,OK,False
GRAB,ADBE,GRAB HOLDINGS LIMITED,Adobe Inc.,GRAB,ADBE,KYG4124C1096,US00724F1012,,0.0,bull,bull,stock,stock,,,0.08253855193277171,0.08253855193277171,,,24.07,69.3,-0.05655794814362736,False,1161241094.1971283,True,OK,False
MCD,MRNA,MCDONALD'S CORPORATION,Moderna Inc.,MCD,MRNA,US5801351017,US60770K1079,,0.0,bull,bull,stock,stock,,,0.08253855193277171,0.08253855193277171,,,25.64,77.0,2.0475373642619905,True,3853880060.4555187,True,OK,False
RR.L,DRO.AX,ROLLS-ROYCE HOLDINGS PLC,DroneShield Limited,RR.L,DRO.AX,GB00B63H8491,AU000000DRO2,,0.0,bull,bull,stock,stock,,,0.08253855193277171,0.08253855193277171,,,10.49,33.9,-0.46357262231115637,False,14745574.127886415,True,OK,False
SPCX,1211.HK,SPACE EXPLORATION TECHNOLOGIES CORP.,BYD Company Limited,SPCX,1211.HK,US84615Q1031,CNE100000296,,0.0,bull,bull,stock,stock,,,0.08253855193277171,0.08253855193277171,,,21.6,58.1,-0.18140501040900892,False,1206604809.4863908,True,OK,False
AVAV,BAS.DE,"AeroVironment, Inc.",BASF SE,AVAV,BAS.DE,US0080731088,DE000BASF111,,0.0,bull,bull,stock,stock,,,0.08253855193277171,0.08253855193277171,,,27.4,61.7,0.05470017705606489,True,95996657.42287025,True,OK,False
OCGN,FISV,"Ocugen, Inc.",Fiserv Inc.,OCGN,FISV,US67577C1053,US3377381088,,0.0,bull,bull,stock,stock,,,0.08253855193277171,0.08253855193277171,,,15.74,42.7,-0.1916783416364457,False,308489146.1206169,True,OK,False
AXON,NIO,"Axon Enterprise, Inc.",NIO Inc.,AXON,NIO,US05464C1018,US62914V1061,,0.0,bull,bull,stock,stock,,,0.08253855193277171,0.08253855193277171,,,15.66,44.0,-0.2898696917266237,False,108417479.47986703,True,OK,False
INOD,XPEV,Innodata Inc.,XPeng Inc.,INOD,XPEV,US4576422053,US98422D1054,,0.0,bull,bull,stock,stock,,,0.08253855193277171,0.08253855193277171,,,14.53,43.1,-0.35183097394732643,False,63864068.18717355,True,OK,False
UUUU,GE,Energy Fuels Inc.,GE Aerospace,UUUU,GE,CA2926717083,US3696043013,,0.0,bull,bull,stock,stock,,,0.08253855193277171,0.08253855193277171,,,23.55,60.2,-0.04696807827761551,False,1431932118.2765412,True,OK,False
ADBE,CRUS,Adobe Inc.,Cirrus Logic Inc.,ADBE,CRUS,US00724F1012,US1727551004,,0.0,bull,bull,stock,stock,,,0.08253855193277171,0.08253855193277171,,,18.47,51.4,-0.23017443760245926,False,84777716.39311409,True,OK,False
MRNA,ADS.DE,Moderna Inc.,adidas AG,MRNA,ADS.DE,US60770K1079,DE000A1EWWW0,,0.0,bull,bull,stock,stock,,,0.08253855193277171,0.08253855193277171,,,21.23,55.5,-0.026716092572714012,False,73427634.35826874,True,OK,False
DRO.AX,SGL.DE,DroneShield Limited,SGL Carbon SE,DRO.AX,SGL.DE,AU000000DRO2,DE0007235301,,0.0,bull,bull,stock,stock,,,0.08253855193277171,0.08253855193277171,,,25.88,74.3,0.3055390140064007,True,1825156.7503525733,False,OK,False
1211.HK,AVGO,BYD Company Limited,Broadcom Inc.,1211.HK,AVGO,CNE100000296,US11135F1012,,0.0,bull,bull,stock,stock,,,0.08253855193277171,0.08253855193277171,,,23.34,64.1,-0.012436520660457862,False,8629847423.645592,True,OK,False
BAS.DE,ANET,BASF SE,Arista Networks Inc.,BAS.DE,ANET,DE000BASF111,US0404132054,,0.0,bull,bull,stock,stock,,,0.08253855193277171,0.08253855193277171,,,27.11,80.4,0.34856810898368296,True,1074711291.771515,True,OK,False
FISV,,Fiserv Inc.,,FISV,,US3377381088,,,,bull,,stock,,,,0.08253855193277171,,,,,,,,,,AVOID,False
NIO,,NIO Inc.,,NIO,,US62914V1061,,,,bull,,stock,,,,0.08253855193277171,,,,,,,,,,AVOID,False
XPEV,,XPeng Inc.,,XPEV,,US98422D1054,,,,bull,,stock,,,,0.08253855193277171,,,,,,,,,,AVOID,False
GE,,GE Aerospace,,GE,,US3696043013,,,,bull,,stock,,,,0.08253855193277171,,,,,,,,,,AVOID,False
CRUS,,Cirrus Logic Inc.,,CRUS,,US1727551004,,,,bull,,stock,,,,0.08253855193277171,,,,,,,,,,AVOID,False
ADS.DE,,adidas AG,,ADS.DE,,DE000A1EWWW0,,,,bull,,stock,,,,0.08253855193277171,,,,,,,,,,AVOID,False
SGL.DE,,SGL Carbon SE,,SGL.DE,,DE0007235301,,,,bull,,stock,,,,0.08253855193277171,,,,,,,,,,AVOID,False
AVGO,,Broadcom Inc.,,AVGO,,US11135F1012,,,,bull,,stock,,,,0.08253855193277171,,,,,,,,,,AVOID,False
ANET,,Arista Networks Inc.,,ANET,,US0404132054,,,,bull,,stock,,,,0.08253855193277171,,,,,,,,,,AVOID,False
,8035.T,,Tokyo Electron Limited,,8035.T,,JP3571400005,,0.0,,bull,,stock,,,,0.08253855193277171,,,23.53,66.1,0.2691682178116257,True,193475383575.0,True,OK,False
,PLTR,,PALANTIR TECHN.,,PLTR,,US69608A1088,,30.5,,bull,,stock,,,,0.08253855193277171,,,34.93,91.7,0.3625812470912464,True,4889361336.906464,True,OK,False
,NEE,,"NextEra Energy, Inc.",,NEE,,US65339F1012,,0.0,,bull,,stock,,,,0.08253855193277171,,,23.98,58.2,-0.1036415700791582,False,991398727.4883652,True,OK,False
,UEC,,URANIUM ENERGY CORP,,UEC,,US9168961038,,15.0,,bull,,stock,,,,0.08253855193277171,,,9.04,39.3,-0.289849597357169,False,93723099.71095753,True,OK,False
,YCA.L,,YELLOW CAKE PLC,,YCA.L,,JE00BF50RG45,,8.2,,bull,,stock,,,,0.08253855193277171,,,16.5,55.0,-0.07323177320230445,False,746426807.875,True,OK,False
,WPM.TO,,WHEATON PREC.,,WPM.TO,,CA9628791027,,38.5,,bull,,stock,,,,0.08253855193277171,,,43.32,85.2,0.06883368878679619,True,170581615.6556961,True,OK,False
,CPB,,CAMPBELLS CO.,,CPB,,US1344291091,,100.0,,bull,,stock,,,,0.08253855193277171,,,14.51,48.4,-0.1321864593740142,False,146076177.17217866,True,OK,False
,ASTS,,"AST SpaceMobile, Inc.",,ASTS,,US00217D1000,,0.0,,bull,,stock,,,,0.08253855193277171,,,12.7,39.8,-0.37638820843157883,False,662030409.7579107,True,OK,False
,ILMN,,ILLUMINA INC.,,ILMN,,US4523271090,,0.0,,bull,,stock,,,,0.08253855193277171,,,28.98,81.8,0.6592939500886046,True,1246079027.90625,True,OK,False
