view,segment,average_dscore_1d,positive_share,stable_sample,sample_state,coverage,n_valid,n_total
internal,S15 Mobilität,0.3455555555555553,0.7777777777777778,True,stable,1.0,9,9
internal,S21 Finanzsystem,0.32199999999999973,0.7,True,stable,1.0,20,20
internal,S20 Sicherheit & Verteidigung,0.11899999999999995,0.7,True,stable,1.0,10,10
internal,S5 Recycling,0.11799999999999784,0.8,True,stable,1.0,5,5
internal,S4 Fundament,0.09264705882352937,0.47058823529411764,True,stable,1.0,34,34
internal,S1 Hardware,0.05526315789473716,0.47368421052631576,True,stable,1.0,19,19
internal,S19 Medien & Unterhaltung,-0.01499999999999968,0.25,False,thin,1.0,4,4
internal,S12 Luxus & Marken,-0.029999999999999742,0.2857142857142857,True,stable,1.0,7,7
internal,Playground,-0.031428571428571014,0.42857142857142855,True,stable,1.0,7,7
internal,S13 Gesundheit,-0.03866666666666643,0.4,True,stable,1.0,15,15
internal,S11 Konsum,-0.055999999999999515,0.4,True,stable,1.0,10,10
internal,S2 Gehirn,-0.16571428571428604,0.3469387755102041,True,stable,1.0,49,49
internal,S3 Energie,-0.17894736842105302,0.3684210526315789,True,stable,1.0,19,19
internal,S14 Kommunikations- & Alltagsinfrastruktur,-0.40599999999999953,0.0,True,stable,1.0,5,5
official,Medical Instruments & Supplies,1.0200000000000031,1.0,False,thin,1.0,1,1
official,Metal Fabrication,0.889999999999997,1.0,False,thin,1.0,1,1
official,Aluminum,0.6400000000000006,1.0,False,thin,1.0,1,1
official,Credit Services,0.43249999999999966,1.0,False,thin,1.0,4,4
official,Medical Devices,0.39333333333333265,0.8333333333333334,True,stable,1.0,6,6
official,Health Information Services,0.39000000000000057,1.0,False,thin,1.0,1,1
official,Other Precious Metals & Mining,0.2857142857142857,0.5714285714285714,True,stable,1.0,7,7
official,Internet Retail,0.27999999999999875,0.8333333333333334,True,stable,1.0,6,6
official,Drug Manufacturers - Specialty & Generic,0.27000000000000135,1.0,False,thin,1.0,1,1
official,Luxury Goods,0.2699999999999996,1.0,False,thin,1.0,1,1
official,Krypto,0.2616666666666667,0.5,True,stable,1.0,6,6
official,Auto Manufacturers,0.2285714285714285,0.5714285714285714,True,stable,1.0,7,7
official,Software - Application,0.21899999999999958,0.7,True,stable,1.0,10,10
official,Silver,0.2174999999999978,0.5,False,thin,1.0,4,4
official,Medical Care Facilities,0.1850000000000005,0.5,False,thin,1.0,2,2
official,Copper,0.1700000000000017,1.0,False,thin,1.0,1,1
official,Auto Parts,0.16999999999999993,0.5,False,thin,1.0,2,2
official,Advertising Agencies,0.16999999999999904,0.5,False,thin,1.0,2,2
official,Financial Data & Stock Exchanges,0.16249999999999964,1.0,False,thin,1.0,4,4
official,Household & Personal Products,0.16000000000000014,1.0,False,thin,1.0,1,1
official,Aerospace & Defense,0.11899999999999995,0.7,True,stable,1.0,10,10
official,Steel,0.08999999999999986,1.0,False,thin,1.0,1,1
official,Utilities - Renewable,0.0600000000000005,1.0,False,thin,1.0,1,1
official,Uranium,0.05499999999999883,0.5,False,thin,1.0,4,4
official,Solar,0.030000000000001137,1.0,False,thin,1.0,1,1
official,Diagnostics & Research,0.029999999999997584,1.0,False,thin,1.0,1,1
official,Specialty Chemicals,0.020000000000000462,0.5,False,thin,1.0,2,2
official,Gold,0.014000000000000411,0.4,True,stable,1.0,10,10
official,Oil & Gas Refining & Marketing,0.010000000000001563,1.0,False,thin,1.0,1,1
official,Specialty Retail,0.00999999999999801,1.0,False,thin,1.0,1,1
official,Software - Infrastructure,0.005555555555554845,0.3333333333333333,True,stable,1.0,9,9
official,Specialty Business Services,0.0,0.0,False,thin,1.0,1,1
official,Packaged Foods,-0.016666666666666902,0.6666666666666666,False,thin,1.0,3,3
official,Restaurants,-0.019999999999999574,0.5,False,thin,1.0,2,2
official,Utilities - Regulated Electric,-0.025000000000000355,0.5,False,thin,1.0,2,2
official,Oil & Gas Integrated,-0.030000000000001137,0.3333333333333333,False,thin,1.0,3,3
official,Specialty Industrial Machinery,-0.03666666666666648,0.8333333333333334,True,stable,1.0,6,6
official,Beverages - Wineries & Distilleries,-0.05999999999999872,0.0,False,thin,1.0,1,1
official,Apparel Manufacturing,-0.05999999999999961,0.0,False,thin,1.0,1,1
official,Beverages - Non-Alcoholic,-0.06499999999999773,0.0,False,thin,1.0,2,2
official,Tobacco,-0.07000000000000028,0.0,False,thin,1.0,1,1
official,Healthcare Plans,-0.0799999999999983,0.5,False,thin,1.0,2,2
official,Other Industrial Metals & Mining,-0.08000000000000014,0.3333333333333333,True,stable,1.0,6,6
official,Semiconductors,-0.08111111111111174,0.2222222222222222,True,stable,1.0,9,9
official,Internet Content & Information,-0.08555555555555472,0.4444444444444444,True,stable,1.0,9,9
official,Footwear & Accessories,-0.08999999999999986,0.0,False,thin,1.0,2,2
official,Entertainment,-0.09500000000000064,0.0,False,thin,1.0,2,2
official,Engineering & Construction,-0.09999999999999964,0.0,False,thin,1.0,1,1
official,Waste Management,-0.15000000000000213,0.6666666666666666,False,thin,1.0,3,3
official,Information Technology Services,-0.16000000000000014,0.25,False,thin,1.0,4,4
official,Chemicals,-0.1633333333333328,0.0,False,thin,1.0,3,3
official,Drug Manufacturers - General,-0.1739999999999995,0.2,True,stable,1.0,5,5
official,Insurance - Diversified,-0.17999999999999972,0.0,False,thin,1.0,1,1
official,Biotechnology,-0.20333333333333434,0.0,False,thin,1.0,3,3
official,Consumer Electronics,-0.2099999999999973,0.0,False,thin,1.0,2,2
official,Communication Equipment,-0.23000000000000043,0.0,False,thin,1.0,1,1
official,Scientific & Technical Instruments,-0.24499999999999922,0.0,False,thin,1.0,2,2
official,Asset Management,-0.28500000000000014,0.5,False,thin,1.0,2,2
official,Computer Hardware,-0.3599999999999988,0.0,False,thin,1.0,3,3
official,Electrical Equipment & Parts,-0.3766666666666663,0.1111111111111111,True,stable,1.0,9,9
official,Oil & Gas E&P,-0.41000000000000014,0.0,False,thin,1.0,1,1
official,Personal Services,-0.4299999999999997,0.0,False,thin,1.0,1,1
official,Semiconductor Equipment & Materials,-0.4757142857142855,0.0,True,stable,1.0,7,7
official,Business Equipment & Supplies,-0.5,0.0,False,thin,1.0,1,1
official,Telecom Services,-0.8300000000000001,0.0,False,thin,1.0,1,1
official,Capital Markets,-1.365000000000002,0.0,False,thin,1.0,2,2
